:100000000C94010E0C94320E0C94320E0C94320EA1
:100010000C94320E0C94320E0C94320E0C94320E60
:100020000C94320E0C94FE7C0C94FE7C0C94FE7CA2
:100030000C94320E0C94320E0C94320E0C94320E40
:100040000C94320E0C94EF7B0C94320E0C94320E06
:100050000C94320E0C94320E0C94320E0C940677E3
:100060000C94320E0C943B7B0C94117B0C94320E4E
:100070000C94320E0C94320E0C94320E0C94320E00
:100080000C94C17B0C94320E0C94320E0C94320EF4
:100090000C94E77A0C94BD7A0C94320E0C94320EC8
:1000A0000C94320E0C94320E0C94937B0C94320E02
:1000B0000C94320E0C94320E0C94320E0C94657B20
:1000C0000C94320E0C94320E0C94320E0C94937AE3
:1000D0000C94697A0C94320E0C943F7A0C94157A35
:1000E0000C94320E0C942F710C94E2700C94579572
:1000F0000C945B700C949C930C944B970C94BC6F79
:100100000C9420720C946A700C94DA6F0C94E86F63
:100110000C9415700C947E700C94B56F0C945D95D6
:100120000C9402930C94E2970C94FF990C947471C4
:100130000C941A960C9454950C948C710C948C908D
:100140000C9499930C94C66F0C9427900C941B9468
:100150000C94E26F0C94DE6F0C94AD6F0C94FF71F5
:100160000C948D710C94E9710C94DF970C944F9260
:100170000C94CE980C94C26F0C949B980C948C7039
:100180000C94A76F0C94D46F0C94A59B0C94CC6F1B
:100190000C94229A0C945A950C945E860C9421949B
:1001A0000C9497980C94B96F0C944E970C94B16F73
:1001B0000C94D06F0C941E940C9429900C94E76FBF
:1001C0000C94EC6F0C942E9A6C6F673A636F6E66AA
:1001D00069726D3A626F7963616C5F6F6B006C6F0F
:1001E000673A636F6E6669726D3A626F79746573B0
:1001F000745F6F6B006C6F673A636F6E6669726DE8
:100200003A626F79746573745F7374617274004FCE
:10021000776C732000446F6720004261736B6574D4
:100220002000576F726B73686F7020006C6F673AB5
:100230007761726E3A4D697373696E6720746F7778
:100240006572733A200051554553545F53595354C6
:10025000454D5F5245414459006C6F673A6D616985
:100260006E3A416C6C20746F77657273206F6E6CA0
:10027000696E652E007265616479007265616479EA
:10028000007265616479007265616479006C6F6702
:100290003A6D61696E3A436865636B696E67207495
:1002A0006F776572732E2E2E006C6F673A6D6169E1
:1002B0006E3A426F6F74696E672075702E2E2E0035
:1002C0002C6F776C733D002C646F673D002C62616E
:1002D000736B65743D00746F7765725F73746174DE
:1002E00075733A776F726B73686F703D006F7065EE
:1002F0006E5F6D696E655F646F6F72006F70656EC3
:10030000745F6261736B6574006F70656E5F646FBC
:100310006F72006F70656E5F646F6F72006F7065F3
:100320006E5F646F6F72006F70656E5F646F6F7287
:10033000007374617274676F007374617274007318
:100340007461727400737461727400737461727496
:10035000006D6F64616C656E6400736166655F6FEC
:1003600070656E006372696D655F6F70656E006CBD
:1003700069625F646F6F7200626F795F6F7574009E
:100380006372697374616C5F75700067616C65742A
:100390005F6F6E006F70656E5F646F6F7200636891
:1003A00065636B5F737461746500636865636B5F3D
:1003B000737461746500636865636B5F7374617403
:1003C0006500636865636B5F737461746500726573
:1003D00061647900726561647900726561647900B5
:1003E0007265616479006C6F673A6D61696E3A4A53
:1003F000756D70656420746F204261736B65742045
:10040000284C6576656C20313829006974656D5F0C
:10041000656E64006F70656E745F6261736B6574A6
:100420000074726F6C6C0073746172745F74726FBD
:100430006C6C007374617274007374617274007315
:1004400074617274007374617274007265616479AE
:10045000007265616479007265616479007265613A
:100460006479006C696768745F6F6666006C6967C1
:1004700068745F6F6666006C696768745F6F666654
:10048000006C696768745F6F6E006C696768745FA1
:100490006F6E006C696768745F6F6E006F776C5F7A
:1004A000656E64006C6F673A6D61696E3A496E7390
:1004B0003A6F776C5F656E64006974656D5F66693D
:1004C0006E64006974656D5F66696E640069746569
:1004D0006D5F66696E64006974656D5F66696E6400
:1004E0003A6D6574616C006D6574616C00646F6F6A
:1004F000725F6361766500636176655F72657065E2
:10050000617400636176655F726573657400636131
:1005100076655F636C69636B00636176655F656ECA
:100520006400636176655F7365617263683300635D
:100530006176655F736561726368320063617665D9
:100540005F7365617263683100626F795F6F7574A4
:100550005F6C6573736F6E00626F795F696E5F6C5D
:100560006573736F6E00626F795F696E5F67616D4F
:1005700065006C6F673A6D61696E3A496E733A62F5
:100580006F795F696E5F4700626F795F696E5F6C5C
:100590006573736F6E006C6F673A6D61696E3A498F
:1005A0006E733A626F795F696E5F4C00626F795F5C
:1005B0006F7574006372696D655F656E6400626F6C
:1005C000795F6F75745F67616D6500626F795F6FEA
:1005D00075745F6C6573736F6E006C6F673A6D61F5
:1005E000696E3A496E733A626F795F6F7574006C29
:1005F0006F673A6D61696E3A4261736B20574420B0
:100600004F4B006461795F6F6666006461795F6F6C
:100610006666006461795F6F6666006461795F6F2A
:100620006666006974656D5F656E64006974656D0A
:100630005F656E64006974656D5F656E6400697402
:10064000656D5F656E640073746F72795F3335003A
:1006500068656C6D65740062726F6F6D00697465BA
:100660006D5F616464006669726530006669726519
:1006700033006669726532006669726531006D61CA
:100680006E736172645F66696E6973680067616C3E
:100690006574355F6F66660067616C657435006709
:1006A000616C6574345F6F66660067616C65743495
:1006B0000067616C6574335F6F66660067616C65C7
:1006C00074330067616C6574325F6F6666006761E2
:1006D0006C6574320067616C6574315F6F666600CB
:1006E00067616C6574310067616C657431006368C3
:1006F00065636B5F737461746500636865636B5FEA
:10070000737461746500636865636B5F73746174AF
:100710006500636865636B5F73746174650063682B
:1007200065636B5F737461746500636865636B5FB9
:10073000737461746500636865636B5F737461747F
:100740006500636865636B5F7374617465006C6FEB
:10075000673A64656275673A47616C657447616DB5
:10076000655F52583A2000737465707300666C615F
:100770006773656E646D7200666C616773656E6445
:100780006D7200666C6167345F6F666600666C61EF
:1007900067345F6F6E00666C6167335F6F6666001B
:1007A000666C6167335F6F6E00666C6167325F6FA6
:1007B000666600666C6167325F6F6E00666C6167CB
:1007C000315F6F666600666C6167315F6F6E006DEA
:1007D000697374616B655F626F74746C65006669E0
:1007E0007273745F626F74746C65006D69737461A9
:1007F0006B655F626F74746C65007365636F6E64C4
:100800005F626F74746C65006D697374616B655FB2
:10081000626F74746C650074686972645F626F748F
:10082000746C65006D697374616B655F626F74747D
:100830006C6500666F75725F626F74746C650069D9
:1008400074656D5F66696E64006974656D5F666985
:100850006E64006974656D5F66696E6400697465D5
:100860006D5F66696E643A6D6574616C006D657488
:10087000616C00646F6F725F6361766500636176BF
:10088000655F72657065617400636176655F72654E
:1008900073657400636176655F636C69636B0063A5
:1008A0006176655F656E6400636176655F7365613F
:1008B0007263683300636176655F73656172636854
:1008C0003200636176655F73656172636831006DE4
:1008D0006174657269616C5F656E64006974656DF1
:1008E0005F66696E64006974656D5F66696E640059
:1008F000736B696E00736F756E646F666600736FFD
:10090000756E646F6E006F7574006F75740073742C
:100910006172745F74726F6C6C006F7574006F75C8
:10092000740074726F6C6C006D696E650073746135
:1009300072745F74726F6C6C00666F75725F626F59
:1009400074746C65006C696768745F6F6666006CD0
:10095000696768745F6F6666006C696768745F6F6B
:10096000666600736B6970006F70656E5F646F6FB1
:1009700072006F776C5F646F6F7200736B69705F8A
:10098000646F6700736B69705F7061646C6F636B39
:1009900000636176655F73656172636833006361EC
:1009A00076655F7365617263683300636176655F66
:1009B0007365617263683200636176655F73656158
:1009C0007263683200636176655F73656172636844
:1009D0003100636176655F73656172636831006FD2
:1009E0007574006F776C006F7574006F75740073A9
:1009F000746172745F74726F6C6C006B6579006FF8
:100A00007574006974656D5F66696E64006974650C
:100A10006D5F66696E64006974656D5F66696E64BA
:100A2000006974656D5F66696E643A6372797374A8
:100A3000616C006372797374616C00646F675F67E7
:100A4000726F776C00646F675F736C6565700064CC
:100A50006F6F725F646F6700646F675F6C6F636B6B
:100A60000073746F72795F32305F630073746F72FA
:100A7000795F32305F620073746F72795F32305F1A
:100A80006100646F6F725F646F6700646F675F6CB3
:100A90006F636B006C696768745F6F6666006C6992
:100AA0006768745F6F6666006C696768745F6F661D
:100AB00066006C696768745F6F6666006C6967687A
:100AC000745F6F6E006C696768745F6F6E006C694D
:100AD0006768745F6F6E006C696768745F6F6E0043
:100AE0006F776C5F666C6577006C696768745F6FC1
:100AF0006666006C696768745F6F6666006C69673C
:100B000068745F6F6666006F776C5F656E64006423
:100B10006F6F725F6F776C006D6174657269616C85
:100B20005F656E64006974656D5F66696E64006917
:100B300074656D5F66696E64006974656D5F666992
:100B40006E6400706F74696F6E00646F6F725F77B0
:100B5000697463680073746172745F74726F6C6C33
:100B6000006974656D5F66696E64006974656D5FC8
:100B700066696E64006974656D5F66696E643A6388
:100B800072797374616C006372797374616C00695B
:100B900074656D5F66696E64006974656D5F666932
:100BA0006E64006974656D5F66696E643A6D657444
:100BB000616C006D6574616C006974656D5F666978
:100BC0006E64006974656D5F66696E640069746562
:100BD0006D5F66696E64006974656D5F66696E64F9
:100BE0003A736B696E00736B696E00736B697000AA
:100BF0006F70656E5F776F726B73686F70006461A2
:100C0000795F6F6666006461795F6F666600646134
:100C1000795F6F6666006461795F6F66660069740C
:100C2000656D5F656E64006974656D5F656E640017
:100C30006974656D5F656E64006974656D5F656E8E
:100C4000640073746F72795F33350068656C6D652D
:100C5000740062726F6F6D006974656D5F616464CA
:100C60000066697265300066697265330066697294
:100C70006532006669726531006974656D5F666929
:100C80006E64006974656D5F66696E6400697465A1
:100C90006D5F66696E64006974656D5F66696E6438
:100CA0003A676F6C6400676F6C64006974656D5FB0
:100CB00066696E64006974656D5F66696E6400697B
:100CC00074656D5F66696E64006974656D5F666901
:100CD0006E643A706F74696F6E00706F74696F6ED6
:100CE000006974656D5F66696E64006974656D5F47
:100CF00066696E64006372797374616C006974650F
:100D00006D5F66696E643A6372797374616C0066D4
:100D10006C79696E675F62616C6C006C6573736F90
:100D20006E5F676F616C00626F795F6F75745F6C87
:100D30006573736F6E00626F795F696E5F6C657368
:100D4000736F6E006C6F673A6D61696E3A426173E2
:100D50006B205744204F4B0066697265776F726B4A
:100D60000066697265776F726B0066697265776F8E
:100D7000726B0066697265776F726B006669726587
:100D8000776F726B0066697265776F726B00666968
:100D90007265776F726B0066697265776F726B0050
:100DA0006C6173745F6F6E0077696E0077696E00B7
:100DB00073746172745F6261736B65740044454261
:100DC00055473A205265636569766564207374619E
:100DD00072745F67616D655F6261736B65740073E8
:100DE000746172745F6C6573736F6E006F70656EA3
:100DF000745F6261736B6574006F70656E5F646FC2
:100E00006F720073746F72795F3539007374617239
:100E1000745F6261736B65745F726F626F74006799
:100E20006F616C5F315F626F74007265645F6261F5
:100E30006C6C0077696E5F726F626F7400737461BF
:100E400072745F736E6974636800676F616C5F32A0
:100E50005F706C6179657200676F616C5F315F70A4
:100E60006C617965720077696E00676F616C5F32E3
:100E70005F626F7400676F616C5F315F626F7400F7
:100E8000626F795F6F75745F67616D6500626F791E
:100E90005F696E5F67616D65006C6F673A6D616970
:100EA0006E3A4261736B205744204F4B0068656C6B
:100EB000705F31320077696E0077696E0066697223
:100EC00065776F726B0066697265776F726B00662B
:100ED000697265776F726B0066697265776F726BA6
:100EE000006C6173745F6F6E006F70656E5F646F2E
:100EF0006F72006C6F673A636F6E6669726D3A73FA
:100F0000747564656E745F6F70656E5F737563632F
:100F1000657373006C6F673A636F6E6669726D3AE2
:100F200073747564656E745F6F70656E5F73746102
:100F3000727400736572766F0067686F73745F6BAD
:100F40006E6F636B0073746F72795F343200737409
:100F50006F72795F34310073746F72795F3430006F
:100F600070756E63680075665F636C6F636B0068B5
:100F70005F636C6F636B0070756E63680075665FAE
:100F8000636C6F636B00685F636C6F636B0073709F
:100F9000656C6C5F72657365740073776970655F0B
:100FA00077726F6E675F73657175656E63650073E9
:100FB00070656C6C5F737465705F34007370656C22
:100FC0006C5F737465705F320073776970655F6C16
:100FD000007370656C6C5F7265736574007377691C
:100FE00070655F77726F6E675F73657175656E634D
:100FF0006500646F6F725F7370656C6C0073706511
:101000006C6C5F737465705F35007370656C6C5FDA
:10101000737465705F33007370656C6C5F737465B7
:10102000705F310073776970655F7200646F6F7213
:101030005F7370656C6C00736166655F7265736584
:101040007400736166655F66697800736166655FE9
:101050007475726E00736166655F726573657400A6
:10106000736166655F66697800736166655F747554
:10107000726E00736166655F72657365740073619B
:1010800066655F66697800736166655F7475726E28
:1010900000736166655F737465705F3100736166CC
:1010A000655F66697800736166655F7475726E006E
:1010B000736166655F726573657400736166655F11
:1010C00066697800736166655F7475726E0073613E
:1010D00066655F726573657400736166655F6669F6
:1010E0007800736166655F7475726E007361666522
:1010F0005F737465705F3200736166655F666978FF
:1011000000736166655F7475726E00736166655F1A
:10111000737465705F3100736166655F72657365D6
:101120007400736166655F66697800736166655F08
:101130007475726E00736166655F726573657400C5
:10114000736166655F66697800736166655F747573
:10115000726E00736166655F737465705F330073F0
:101160006166655F66697800736166655F74757254
:101170006E00736166655F726573657400736166A6
:10118000655F66697800736166655F7475726E008D
:10119000736166655F737465705F31007361666566
:1011A0005F726573657400736166655F6669780078
:1011B000736166655F7475726E00736166655F72F8
:1011C0006573657400736166655F66697800736155
:1011D00066655F7475726E00736166655F726573D4
:1011E000657400736166655F666978007361666542
:1011F0005F7475726E00736166655F737465705FAE
:101200003400736166655F66697800736166655F67
:101210007475726E00736166655F737465705F31BB
:1012200000736166655F72657365740073616665FE
:101230005F66697800736166655F7475726E0073CE
:101240006166655F656E6400736166655F74757283
:101250006E00736166655F726573657400736166C5
:10126000655F66697800736166655F7475726E00AC
:10127000736166655F726573657400736166655F4F
:1012800066697800736166655F7475726E0073617C
:1012900066655F737465705F3100736166655F7268
:1012A0006573657400736166655F66697800736174
:1012B00066655F7475726E00736166655F656E6406
:1012C000006F70656E5F776F726B73686F7000731D
:1012D000746172745F6372797374616C00666972B1
:1012E00073745F6C6576656C00747275655F6372AC
:1012F000797374616C00747275655F63727973746D
:10130000616C00747275655F6372797374616C00EF
:101310006D656D6F72795F726F6F6D5F656E640082
:10132000747275655F6372797374616C0074727541
:10133000655F6372797374616C00747275655F6365
:1013400072797374616C006D656D6F72795F726F25
:101350006F6D5F656E64006D656D6F72795F726F42
:101360006F6D5F656E64006D656D6F72795F726F32
:101370006F6D5F656E64002C6F776C733D002C643D
:101380006F673D002C6261736B65743D00746F770D
:1013900065725F7374617475733A776F726B73689B
:1013A0006F703D006F70656E5F6D696E655F646F35
:1013B0006F72006F70656E745F6261736B6574004D
:1013C0006F70656E5F646F6F72006F70656E5F64E3
:1013D0006F6F72006F70656E5F646F6F72006F7019
:1013E000656E5F646F6F72006F70656E5F646F6FC4
:1013F0007200736166655F6F70656E006372696D20
:10140000655F6F70656E006C69625F646F6F72001C
:10141000626F795F6F7574006372697374616C5F7A
:1014200075700067616C65745F6F6E006F70656EDC
:101430005F646F6F720072656164790072656164E8
:101440007900726561647900726561647900726522
:10145000616479006C6F673A6D61696E3A4A756DC7
:1014600070656420746F204261736B657420284C32
:101470006576656C20313829006974656D5F656E2D
:1014800064006F70656E745F6261736B6574007485
:10149000726F6C6C0073746172745F74726F6C6CD9
:1014A0000073746172740073746172740073746198
:1014B0007274007374617274007265616479007291
:1014C000656164790072656164790072656164794F
:1014D00000626F795F696E00626F795F6F7574008B
:1014E0006C6F673A6D61696E3A6C7432207069781E
:1014F000656C20006C6F673A6D61696E3A6C74318F
:1015000020706978656C20006C6F673A6D61696E58
:101510003A6C745F6F6666006C6F673A6D61696EF6
:101520003A6C745F616C6C006C6F673A6D61696EE8
:101530003A53657269616C3320726573746F7265BA
:10154000642E006C6F673A6D61696E3A536572691B
:10155000616C332072656C656173656420285A2D57
:1015600073746174652920666F7220446F6720660A
:101570006C617368696E672E0073746172745F6268
:1015800061736B65740073746172745F6261736B15
:1015900065740063617463683400656E656D795FBE
:1015A0006361746368340073746172745F62617341
:1015B0006B65740073746172745F6261736B6574E0
:1015C0000063617463683300656E656D795F6361A4
:1015D000746368330073746172745F6261736B6506
:1015E000740073746172745F6261736B657400631D
:1015F000617463683200656E656D795F6361746301
:1016000068320073746172745F6261736B65740039
:1016100073746172745F6261736B6574006361748B
:1016200063683100656E656D795F6361746368310D
:10163000006B6E6F636B0073656E733A006C6F675F
:101640003A636F6E6669726D3A6D6F6E5F6F666654
:10165000006C6F673A636F6E6669726D3A6D6F6E9C
:101660005F6F6E006D6F6E3A30006D6F6E3A3100D5
:101670007265737461727400726573746172740060
:101680007265737461727400726573746172740050
:101690006C6F673A636F6E6669726D3A73747564E6
:1016A000656E745F686964655F73756363657373A2
:1016B000006C6F673A636F6E6669726D3A7374752A
:1016C00064656E745F686964655F737461727400E9
:1016D000000000000000000000000000000000000A
:1016E00000000000000000000101010101010101F2
:1016F00001010101020202020202020203030303CA
:10170000030304040404050505050506060606078B
:1017100007070808080909090A0A0A0B0B0B0C0C31
:101720000D0D0D0E0E0F0F101011111212131314B8
:10173000141515161617181819191A1B1B1C1D1D20
:101740001E1F1F2021222223242526262728292A5E
:101750002A2B2C2D2E2F3031323334353637383971
:101760003A3B3C3D3E3F4041424445464748494B59
:101770004C4D4E50515254555658595A5C5D5E600E
:101780006163646667696A6C6D6F70727375777890
:101790007A7C7D7F8182848688898B8D8F919294DB
:1017A00096989A9C9EA0A2A4A6A8AAACAEB0B2B4E9
:1017B000B6B8BABCBFC1C3C5C7CACCCED1D3D5D7C2
:1017C000DADCDFE1E3E6E8EBEDF0F2F5F7FAFCFF57
:1017D0006F70656E5F646F6F7200647261676F6EC9
:1017E0005F6372797374616C5F72657065617400B8
:1017F0006F70656E5F646F6F72006B617900636C10
:101800006F636B3100636C6F636B31006B61795F89
:10181000636C6F636B52657065617400636C6F63BA
:101820006B3200636C6F636B320074687265655F66
:1018300067616D655F656E64006D69726F72006DE2
:1018400069726F720073746F72795F32325F630016
:1018500073746F72795F32325F620073746F727982
:101860005F32325F6100737461725F68696E740029
:101870006C69625F646F6F72006C69625F646F6F46
:1018800072006C6F673A6D61696E3A6C69622064D0
:101890006F6F722066616C6C6261636B00646F6F66
:1018A000725F6261736B6574006461795F6F6E0073
:1018B0006669726500646F6F725F6261736B6574F5
:1018C000006669726500536F756E64204F4646006E
:1018D000536F756E64204F4E006372697374616C50
:1018E0005F7570006372697374616C5F757000631B
:1018F00072696D655F656E640077696E0077696E09
:10190000006372696D655F656E640073746F7279F0
:101910005F35350067616C6574355F6F66660067BB
:10192000616C6574350067616C6574345F6F666601
:101930000067616C6574340067616C6574335F6F58
:1019400066660067616C6574330067616C6574324C
:101950005F6F66660067616C657432007265616412
:10196000795F636865636B5F66696E6973686564F8
:1019700000736166655F6F70656E006372696D65A7
:101980005F6F70656E006C69625F646F6F7200629A
:101990006F795F6F7574006372697374616C5F75E2
:1019A000700067616C65745F6F6E006F70656E5F6D
:1019B000646F6F7200726561647900726561647949
:1019C00000726561647900726561647900726561B5
:1019D0006479006C6F673A6572723A4261736B208A
:1019E0005744205273740073746172745F62617340
:1019F0006B6574006C6F673A7761726E3A4261731F
:101A00006B205265747279006C6576656C5F006C52
:101A10006F673A6D61696E3A5374617465206368EB
:101A2000616E67656420746F2000204F3D00204484
:101A30003D0020423D006C6F673A6D61696E3A4827
:101A40004220573D002069746572733D0020776F16
:101A50007273745F75733D006C6F673A6D61696E88
:101A60003A4C4F4F50206176675F75733D00000020
:101A70002100240027002A002D003000330001013E
:101A80000000040107010A0100000A0B02090C0D05
:101A90000E08070304010000000000000000000021
:101AA0000000000000000000000000000000000036
:101AB00000000000121110000000000000000000F3
:101AC00000000000000000000000000000006D6940
:101AD0007374616B655F6372797374616C006D69B7
:101AE0007374616B655F6372797374616C006D69A7
:101AF0007374616B655F6372797374616C006D6997
:101B00007374616B655F6372797374616C006D6986
:101B10007374616B655F6372797374616C006D6976
:101B20007374616B655F6372797374616C006D6966
:101B30007374616B655F6372797374616C0000002C
:101B400020002300260029002C002F003200000175
:101B50000000030106010901000022002500280001
:101B60002B002E00310034000201000005010801A5
:101B70000B01050505050705080808080202020211
:101B80000A0A080804040404010101010101010119
:101B90000303030303030303040707070C0C0C0CE4
:101BA0000C0C0C0C020202020606060606060606CD
:101BB0000B0B0B0B0B0B0B0B01021020200808105A
:101BC00020401020408002010201080402010102AD
:101BD0000408102040808040201008040201800486
:101BE00002018040201008040201080402010102E1
:101BF00004081020408001020408102040805E8606
:101C0000A59B11241FBECFEFD1E2DEBFCDBF00E008
:101C10000CBF1AE0A0E0B2E0E8E7F5E401E00BBF9A
:101C200002C007900D92A43EB107D9F724E1A4EEBB
:101C3000BAE001C01D92A436B207E1F71DE0C0E092
:101C4000DEE000E006C021970109802FFE010E941E
:101C500049A0CF3FD10780E00807A9F70E949D8ADD
:101C60000C94AAA20C940000CF92DF92EF92FF9204
:101C70000F931F93CF93DF93EC018B017A010E94A6
:101C80008776E01AF10A1E141F04C4F4FE01EE0F59
:101C9000FF1FE355F44F2081318121153105C1F437
:101CA00021E030E031832083CC0FDD1FCC0FDD1F1E
:101CB000CC51D54F688379838A839B83C801DF9198
:101CC000CF911F910F91FF90EF90DF90CF900895EB
:101CD00021303105E9F4CC0FDD1FCC0FDD1FCC51D5
:101CE000D54FC880D980EA80FB806C197D098E09A8
:101CF0009F09603375478105910528F482E090E0E3
:101D000091838083DBCF0F5F1F4F83E090E0F8CF9C
:101D1000C9010297B7010E9435A00F5F1F4F080F3E
:101D2000191F2F5F3F4F31832083C8CF4F925F929F
:101D30006F927F928F929F92AF92BF92CF92DF92DB
:101D4000EF92FF92CF93DF93C12CD12C76012DEC33
:101D5000C2162FEFD206E206F20609F478C00E94FE
:101D6000877680900D0C90900E0CA0900F0CB09088
:101D7000100C9B01AC01281939094A095B0949017A
:101D80005A0168E270E080E090E00E945077625E65
:101D90007F4F8F4F9F4F86169706A806B906B8F259
:101DA000A0E0BBEFA70196010E94B59E2601370176
:101DB00034E6430E511C611C711C4B015C018428EC
:101DC0009528A628B728D20199278827882A992AF2
:101DD000AA2ABB2A960160E070E08CEF9FEF0E9478
:101DE00005A02B013C01ABEFBFEF0E94B59E462A38
:101DF000572A682A792AD0E0C0E0A5019401BE01E3
:101E00008BE293E10E942A7FA3019201BE0185E14A
:101E100093E10E942A7F2196CA30D10571F785E1AE
:101E200093E10E94967F8BE293E10E94967F0E944D
:101E3000877660930D0C70930E0C80930F0C90932B
:101E4000100C41E0C41AD108E108F10880CFDF91FD
:101E5000CF91FF90EF90DF90CF90BF90AF909F9089
:101E60008F907F906F905F904F900895CF92DF9208
:101E7000EF92FF921F93CF93DF930E948776C090DB
:101E8000110CD090120CE090130CF090140C9B01EC
:101E9000AC012C193D094E095F0969017A016EE117
:101EA00070E080E090E00E9450776C597F4F8F4F38
:101EB0009F4FC616D706E806F90608F466C0D0E0BC
:101EC000C0E06AE070E080E090E00E945077162F5A
:101ED0006AE070E080E090E00E9450776B017C0146
:101EE00064E670E080E090E00E9450779B01AC01D6
:101EF0002C593F4F4F4F5F4FA901332722272227ED
:101F0000332755278FE0C80ED11CE11CF11CFE2C95
:101F1000ED2CDC2CCC24EE24FF242C293D294E2949
:101F20005F29212BBE018BE293E10E942A7F66E9A3
:101F300070E080E090E00E9450779B01AC012C594A
:101F40003F4F4F4F5F4FA9013327222722273327C7
:101F50005527BE0185E193E10E942A7F2196CA3070
:101F6000D10509F0AECF8BE293E10E94967F85E127
:101F700093E10E94967F0E9487766093110C709384
:101F8000120C8093130C9093140CDF91CF911F913E
:101F9000FF90EF90DF90CF900895CF92DF92EF9275
:101FA000FF921F93CF93DF930E948776C090150C0A
:101FB000D090160CE090170CF090180C9B01AC011F
:101FC0002C193D094E095F0969017A016EE170E043
:101FD00080E090E00E9450776C597F4F8F4F9F4F69
:101FE000C616D706E806F90698F1D0E0C0E06AE028
:101FF00070E080E090E00E945077162F66E970E074
:1020000080E090E00E9450779B01AC012C593F4F3B
:102010004F4F5F4F542F432F322F222744275527EE
:10202000212BBE018BE293E10E942A7F2196CA30C8
:10203000D105E9F68BE293E10E94967F0E948776B4
:102040006093150C7093160C8093170C9093180CDA
:10205000DF91CF911F91FF90EF90DF90CF90089587
:102060000F931F930E9487760091680B1091690B64
:1020700020916A0B30916B0B601B710B820B930BE1
:10208000623171058105910508F444C08091660BA9
:102090009091670B911141C08F5F8093660B8B34D9
:1020A00019F481E08093670B6091660B70E090E01B
:1020B00080E00E94689D20E030E046E952E40E9402
:1020C000589F20E030E040E053E40E94C79D0E940A
:1020D000CA9F062F10E030E020E0D801992788271A
:1020E000A9019801282B392B4A2B5B2B70E060E06B
:1020F0008BE293E10E942A7F8BE293E10E94967F1C
:102100000E9487766093680B7093690B80936A0BCB
:1021100090936B0B1F910F91089581508093660BE4
:102120008A3011F61092670BBFCFCF93DF93D0E0C8
:10213000C0E020E03FEF40E050E0BE0189EE92E1D8
:102140000E942A7F2196C839D10599F7D0E0C0E0D6
:1021500020E03FEF40E050E0BE0183ED92E10E94BD
:102160002A7F2196C536D10599F789EE92E10E9422
:10217000967F83ED92E10E94967F68EC70E080E0AC
:1021800090E00E94547689EE92E10E94DF7E83ED1A
:1021900092E10E94DF7E89EE92E10E94967F83EDBC
:1021A00092E10E94967F64EF71E080E090E00E94EF
:1021B0005476D0E0C0E020E03FEF40E050E0BE01C8
:1021C00089EE92E10E942A7F2196C839D10599F7BC
:1021D000D0E0C0E020E03FEF40E050E0BE0183ED02
:1021E00092E10E942A7F2196C536D10599F789EEA2
:1021F00092E10E94967F83ED92E1DF91CF910C9462
:10220000967FFF920F931F93CF93DF93D0E0C0E0B0
:1022100020E030E04FEF50E0BE0189EE92E10E94F5
:102220002A7F2196C839D10599F7D0E0C0E020E097
:1022300030E04FEF50E0BE0183ED92E10E942A7F33
:102240002196C536D10599F789EE92E10E94967FD5
:1022500083ED92E10E94967FC4E6D0E0FF24F394E0
:102260008EE49FE00E948C7004E010E0892B71F0F6
:102270008EE49FE00E946A708E3619F410921F025D
:10228000EFCF863669F7F0921F02EACF68E970E077
:1022900080E090E00E94507720E030E0A90189EED4
:1022A00092E10E942A7F65E670E080E090E00E9463
:1022B000507720E030E0A90183ED92E10E942A7F6F
:1022C0000150110919F789EE92E10E94967F83ED82
:1022D00092E10E94967F62E370E080E090E00E94CD
:1022E0005476219709F0BCCF89EE92E10E94DF7EFF
:1022F00083ED92E10E94DF7E89EE92E10E94967F5B
:1023000083ED92E1DF91CF911F910F91FF900C949B
:10231000967FCF93DF93C82FD62F67E376E18EE4C5
:102320009FE00E94DD79C031C0F4EC2FF0E0EF5661
:10233000FD4F608170E090E080E04AE00E943C79CF
:102340008AE30E94167381E090E0D11102C090E010
:1023500080E0DF91CF910C94B079C03339F461E320
:1023600076E18EE49FE00E94DD79EACFC05182E6FB
:102370000E9416738C2F86958695869590E001961F
:102380000E94827983E60E941673C7708C2F90E0BA
:102390000E948279D5CFAF92BF92CF92DF92EF9217
:1023A000FF920F931F93CF93DF930E948776009144
:1023B000CE0C1091CF0C2091D00C3091D10C601B21
:1023C000710B820B930B6E3171058105910508F439
:1023D0009CC00E9487766093CE0C7093CF0C809344
:1023E000D00C9093D10CD0E0C0E020E03BE440E082
:1023F00050E0BE0189EE92E10E942A7F2196C83901
:10240000D10599F7D0E0C0E020E03BE440E050E0A7
:10241000BE0183ED92E10E942A7F2196C536D10547
:1024200099F7F12CE12C88E9C82ED12C8091CC0CA5
:102430009091CD0C8E0D9F1DB6010E9421A0EC0144
:1024400025975C0126E0A20EB11C8E01D7FF68C063
:1024500008561F4F20E03FEF40E050E0B80189EE02
:1024600092E10E942A7F053611054CF420E03FEFEF
:1024700040E050E0B80183ED92E10E942A7F6AE0DB
:1024800070E080E090E00E9450776830710581052F
:102490009105ACF02FEF3FEF4FEF50E0B80189EE20
:1024A00092E10E942A7F053611054CF42FEF3FEF91
:1024B0004FEF50E0B80183ED92E10E942A7F219610
:1024C000CA15DB0511F68CE4E80EF11C28E9E216CA
:1024D000F10409F0ABCF89EE92E10E94967F61E0B2
:1024E00070E080E090E00E94547683ED92E10E94DB
:1024F000967F8091CC0C9091CD0C019688399105F6
:10250000B0F49093CD0C8093CC0CDF91CF911F91C0
:102510000F91FF90EF90DF90CF90BF90AF90089514
:10252000C839D1050CF496CF0859110993CF1092F0
:10253000CD0C1092CC0CE9CF1F93CF93DF93EC011D
:10254000162F682F617084E40E944F74BE01759548
:102550006795617085E30E944F74BE01759567951C
:102560007595679584E30E944F7461E070E080E0A8
:1025700090E00E945476812F0E94267421E0892BDE
:1025800009F420E0822FDF91CF911F910895CF921F
:10259000DF92EF92FF92803170F4E82FF0E0EF5677
:1025A000FD4F80810E942674282F822FFF90EF908C
:1025B000DF90CF900895803331F586E30E943D7619
:1025C0008D32914074F40E9487766C577C4F8F4F08
:1025D0009F4F6093610C7093620C8093630C909397
:1025E000640C0E94877621E0C090610CD090620C50
:1025F000E090630CF090640C6C157D058E059F05D2
:10260000A0F620E0D2CFE0EFE80FAE2FA695A6957A
:10261000A695B0E0A357BD4F6C9170E0E7708E2F88
:1026200090E0FF90EF90DF90CF900C949C12CF92AF
:10263000DF92EF92FF920F931F93CF93DF938091DE
:10264000CB0C882309F46CC086E30E943D768D3262
:10265000914074F40E9487766C577C4F8F4F9F4F48
:102660006093610C7093620C8093630C9093640C84
:102670000E94877621E0C090610CD090620CE090BF
:10268000630CF090640C6C157D058E059F0508F4B5
:1026900020E09091C60C291731F02093C60C622FD0
:1026A00080E30E9489110E9487760091C70C1091E7
:1026B000C80C2091C90C3091CA0C601B710B820BA5
:1026C000930B663971058105910550F10E9487765B
:1026D0006093C70C7093C80C8093C90C9093CA0C7C
:1026E000C5E6DCE086E9E82E8CE0F82E10E0812FCC
:1026F0000E94C712F70190818917D9F098819F5FD6
:102700009883923030F080831882682F812F0E9446
:1027100089111F5F2196FFEFEF1AFF0A103339F777
:10272000DF91CF911F910F91FF90EF90DF90CF90AD
:1027300008951882EECF4F925F926F927F92AF9280
:10274000BF92CF92DF92EF92FF920F931F93CF939E
:10275000DF93D0E0C0E020E030E0A901BE0189EEC7
:1027600092E10E942A7F2196C839D105A1F7D0E0D5
:10277000C0E0C134D10541F020E030E0A901BE0144
:1027800083ED92E10E942A7F2196C536D10589F713
:10279000D0E0C0E009ED10E0E0902102F0902202CC
:1027A000CE15DF050CF0A4C0A090A111B090A2112D
:1027B000AC0EBD1EB7010F2C000C880B990B0E94AC
:1027C000689D23E333E343E35FE30E94C79D2B014E
:1027D0003C01809111029091120297FF65C0BE01E9
:1027E0000D2E000C880B990B0E94689DA30192018D
:1027F0000E94589F9B01AC0160E070E080E89FE37D
:102800000E94EB9E2B013C012DEC3CEC4CE45DE383
:102810000E94619D87FD50C020E030E040E85FE30A
:10282000C301B2010E9400A0181634F4412C512CAF
:1028300020E8622E2FE3722E20E030E04FE753E4D1
:10284000C301B2010E94C79D0E94D19FC62ED12C08
:10285000F12CE12C7601DD24CC2480913F0D8111F7
:102860000BC020E030E047E553E4C301B2010E9411
:10287000C79D0E94D19FD62AC501B8010E9435A0EC
:1028800097FF02C087529F4FA7019601BC018E346B
:1028900091052CF16E54710961327105B0F4A701F4
:1028A000960183ED92E11DC0B7016C1B7D0B072ED5
:1028B000000C880B990B98CF9DEC492E9CEC592E5F
:1028C0009CE4692E9DE3792EB7CF9C012F563109E8
:1028D000BC012A34310548F461527109960189EE30
:1028E00092E10E942A7F219657CF68597109D7CF6C
:1028F00064E170E086E090E00E949C12882309F475
:102900005AC28091600C811150C081E08093600CAC
:102910000E94877660935C0C70935D0C80935E0CD4
:1029200090935F0C8091A1119091A2119C0127516D
:1029300031092730310520F08F539F4F0897A8F5B4
:1029400081E08093200280935B0C80913F0D64E2D4
:1029500076E1811102C06DE176E18EE49FE00E9494
:10296000017A60E176E184E19EE00E94017A809143
:102970003E0D8251823088F40E9487766093370D35
:102980007093380D8093390D90933A0D81E08093C8
:102990003B0D1092360D1092350D0E94951063E09C
:1029A00076E184E19EE00E94017A64E170E085E0D6
:1029B00090E00E949C12882309F400C280915A0C76
:1029C000811150C081E080935A0C0E9487766093F9
:1029D000560C7093570C8093580C9093590C80911F
:1029E000A1119091A2119C012B573109273031057B
:1029F00020F0845A9F4F0797A8F581E0809320022A
:102A000080935B0C80913F0D66EF75E1811102C0F0
:102A10006FEE75E18EE49FE00E94017A62EE75E14F
:102A200084E19EE00E94017A80913E0D82518230C5
:102A300088F40E9487766093370D7093380D8093E9
:102A4000390D90933A0D81E080933B0D1092360D35
:102A50001092350D0E94951065ED75E184E19EE0C0
:102A60000E94017A61E270E085E090E00E949C1291
:102A7000882309F4A6C18091550C811150C081E0D2
:102A80008093550C0E9487766093510C7093520C82
:102A90008093530C9093540C8091A1119091A211AA
:102AA0009C012C5531092730310520F085589F4F66
:102AB0000897A8F581E08093200280935B0C8091B9
:102AC0003F0D68EC75E1811102C061EC75E18EE4A7
:102AD0009FE00E94017A64EB75E184E19EE00E9430
:102AE000017A80913E0D8251823088F40E9487766F
:102AF0006093370D7093380D8093390D90933A0D94
:102B000081E080933B0D1092360D1092350D0E949E
:102B1000951067EA75E184E19EE00E94017A61E226
:102B200070E086E090E00E949C12882309F44CC17A
:102B30008091500C81114FC081E08093500C0E9415
:102B4000877660934C0C70934D0C80934E0C909351
:102B50004F0C8091A1119091A2119C012A5B310927
:102B60002830310518F04D960897A8F581E080933C
:102B7000200280935B0C80913F0D6AE975E1811121
:102B800002C063E975E18EE49FE00E94017A66E885
:102B900075E184E19EE00E94017A80913E0D8251B0
:102BA000823088F40E9487766093370D7093380DD9
:102BB0008093390D90933A0D81E080933B0D1092F4
:102BC000360D1092350D0E94951069E775E184E18C
:102BD0009EE00E94017A0E94877600915C0C109121
:102BE0005D0C20915E0C30915F0C601B710B820BB1
:102BF000930B693C71058105910590F48091600CFF
:102C0000882371F02FEF30E040E050E06DE170E09C
:102C100089EE92E10E942A7F89EE92E10E94967FDE
:102C20000E9487760091560C1091570C2091580CF9
:102C30003091590C601B710B820B930B693C710531
:102C40008105910590F480915A0C882371F02FEF43
:102C500030E040E050E060E670E089EE92E10E94F2
:102C60002A7F89EE92E10E94967F0E9487760091EA
:102C70004C0C10914D0C20914E0C30914F0C601B60
:102C8000710B820B930B693C71058105910590F4E2
:102C90008091500C882371F02FEF30E040E050E03D
:102CA00068E270E083ED92E10E942A7F83ED92E179
:102CB0000E94967F0E9487760091510C1091520CD1
:102CC0002091530C3091540C601B710B820B930BB1
:102CD000693C71058105910590F48091550C88231C
:102CE00071F02FEF30E040E050E065E170E083EDFF
:102CF00092E10E942A7F83ED92E10E94967F89EE05
:102D000092E10E94967F83ED92E10E94967F62E0BD
:102D100070E080E090E00E94547680913F0D23E0C7
:102D200030E0811102C022E030E040911102509168
:102D30001202249FC001259F900D349F900D1124F5
:102D40002091A1113091A211820F931F9093A21193
:102D50008093A111823D910564F08FEF9FEF9093D6
:102D600012028093110282ED90E09093A211809361
:102D7000A1118091A1119091A2118F329F4F64F403
:102D800081E090E090931202809311028EE29FEF17
:102D90009093A2118093A111DF91CF911F910F9178
:102DA000FF90EF90DF90CF90BF90AF907F906F90AB
:102DB0005F904F9008951092600CF7CD10925A0CCE
:102DC00051CE1092550CABCE1092500C04CF0F93F5
:102DD0001F93CF930E9487760091480C1091490C65
:102DE00020914A0C30914B0C601B710B820B930BA2
:102DF0006436710581059105D0F00E948776609355
:102E0000480C7093490C80934A0C90934B0C65E1ED
:102E100070E087E090E00E949C12C82F8091140D12
:102E2000811109C0C093100281E08093140DCF91ED
:102E30001F910F91089580911002C817C1F368ED9A
:102E400074E1C11102C061ED74E18EE49FE00E9463
:102E5000017AC0931002EBCF81EB9EE00E948C7050
:102E6000892B29F081EB9EE00E946A70F5CF84E106
:102E70009EE00E948C70892B29F084E19EE00E94E4
:102E80006A70F5CF87E79DE00E948C70892B29F04E
:102E900087E79DE00E946A70F5CF8DE693E10E947E
:102EA000E971892B29F08DE693E10E94FF71F5CF3E
:102EB0000895FF920F931F93CF93DF93E5E1FDE019
:102EC00011928DE0EE31F807D9F701EA12E0E8013E
:102ED000F99061E08F2D0E944F7464EF71E080E003
:102EE00090E00E94547660E08F2D0E944F7464E65B
:102EF00070E080E090E00E945476E2E0CA3ADE079B
:102F000039F760E0F80181918F010E944F74C0177A
:102F1000D107B9F7DF91CF911F910F91FF900895DD
:102F2000E1EAF2E030E020E041914817190631F47F
:102F30002B5E324F81E0F901808308952F5F3F4F70
:102F40002930310589F708951F93CF93DF9320919E
:102F50001F02222309F4D3C1EC0181E492E10E9413
:102F60001D7C8AE292E10E941D7C8CEF91E10E941F
:102F70001D7C85EE91E10E941D7C8EEC91E10E940A
:102F80001D7C87EB91E10E941D7C8CEF91E10E94FA
:102F9000EA7C882311F110913E0D8EEF810F823073
:102FA00038F0113009F048C08091E70C882339F0DF
:102FB00069E871E18EE49FE00E94C0790CC08091C5
:102FC000E60C811128C067E771E18EE49FE00E9462
:102FD000C0791093E60C10921F0285EE91E10E94D9
:102FE000EA7C882309F440C090913E0D8EEF890F52
:102FF000823070F541E050E070E060E082E090E007
:103000000E94340E26E0289FB001299F700D1124E4
:10301000695B7E4E23C042E050E061E070E090E0EA
:1030200080E00E94340E26E0289FB001299F700D99
:10303000112469587E4EBECF143039F445E050E07B
:1030400064E070E081E090E0ECCF153030F2B0CF7A
:103050008CEF890F873010F563E571E18EE49FE016
:103060000E94C07910921F028EEC91E10E94EA7CCE
:10307000882309F449C010913E0D153069F541E0EF
:1030800050E070E060E085E090E00E94340E26E0C1
:10309000289FB001299F700D11242EC09B3079F418
:1030A0008091D50B9091D60B65E671E10297B4F64D
:1030B00044E050E063E070E083E090E0A1CF9C301A
:1030C00039F447E050E066E070E084E090E098CFAB
:1030D0009D50943048F6C0CF163009F014C143E03B
:1030E00050E062E070E086E090E00E94340E189FAD
:1030F000B001199F700D1124635E7E4E8EE49FE037
:103100000E94C07910921F028AE292E10E94EA7C3A
:103110008823D9F080913E0D893009F013C141E038
:1031200050E070E060E08BE090E00E94340E26E01A
:10313000289FB001299F700D11246B527F4E8EE4A1
:103140009FE00E94C07910921F0281E492E10E94E8
:10315000EA7C8823D9F080913E0D8D3009F0F9C0CA
:1031600041E050E070E060E08EE090E00E94340EBC
:1031700026E0289FB001299F700D112465587F4ECD
:103180008EE49FE00E94C07910921F0287EB91E1CC
:103190000E94EA7C8823F9F080913E0D9091DB0B30
:1031A000873009F0F1C09111F4C041E050E070E0C7
:1031B00060E089E090E00E94340E26E0289FB00194
:1031C000299F700D112467507F4E8EE49FE00E946E
:1031D000C07910921F0262E473E0CE010E94FD7775
:1031E0008823F9F080913E0D9091D90B873009F03A
:1031F000D3C09111D6C041E050E070E060E088E0BB
:1032000090E00E94340E26E0289FB001299F700DA7
:103210001124655F7E4E8EE49FE00E94C07910927B
:103220001F0267E473E0CE010E94FD778823F9F066
:1032300080913E0D9091DA0B873009F0B5C0911165
:10324000B8C041E050E070E060E08AE090E00E94A9
:10325000340E26E0289FB001299F700D112469517A
:103260007F4E8EE49FE00E94C07910921F026EE4B0
:1032700073E0CE010E94FD778823F9F080913E0D26
:103280009091D70B873009F097C091119AC041E017
:1032900050E070E060E08CE090E00E94340E26E0A8
:1032A000289FB001299F700D11246D537F4E8EE42D
:1032B0009FE00E94C07910921F026AE576E0CE017D
:1032C0000E94FD778823D9F080913E0D8A3009F065
:1032D0007BC043E050E070E060E08DE090E00E9451
:1032E000340E26E0289FB001299F700D11246B55E4
:1032F0007F4E8EE49FE00E94C07910921F02DF9102
:10330000CF911F9108951730B9F48091590B8823FC
:1033100061F08091570B882341F08091580B8823EE
:1033200021F08091560B81110AC045E050E064E025
:1033300070E087E090E0A9CE183008F4E5CE61E4B3
:1033400071E1DCCE8A50883008F0FFCE61EE70E18A
:10335000F6CE8E3039F443E050E062E070E08FE06A
:1033600090E004CF91EF980F923038F445E050E0B0
:1033700064E070E080E190E0F9CE8151823008F0A5
:1033800005CF6FE970E1FCCE911103C0883008F4DD
:1033900022CF65E071E119CF911103C0883008F4A4
:1033A00040CF67E171E137CF911103C0883008F455
:1033B0005ECF63EF70E155CF911103C0883008F400
:1033C0007CCF6FEC70E173CF8B50873008F097CFD4
:1033D0006DEB70E18ECFCF92DF92EF92FF920F9361
:1033E0001F93CF93DF9340E052EC61E070E08EE4F6
:1033F0009FE00E941B7369EA72E08EE49FE00E94E6
:10340000017A64E170E080E090E00E94547662E02E
:103410008BE10E94377562E088E10E94377562E0B7
:1034200087E10E94377562E089E10E94377562E0AA
:1034300083E40E94377561E08CE30E94377561E098
:1034400089E30E94377561E081E40E94377561E08D
:103450008AE30E94377561E08FE30E94377561E06F
:1034600088E30E94377561E08DE30E94377561E063
:1034700080E40E94377561E085E20E94377561E063
:103480008BE30E94377561E082E20E94377561E04C
:1034900087E20E94377561E084E20E94377561E03F
:1034A00083E00E94377561E084E00E94377561E037
:1034B00087E00E94377561E08EE10E94377560E019
:1034C00087E20E944F7460E084E20E944F7460E0E3
:1034D00083E00E944F7460E08DE30E944F7460E0CF
:1034E00084E00E944F7460E085E20E944F7460E0C7
:1034F0008BE30E944F7460E08EE10E944F7460E0A5
:1035000087E00E944F74C1EAD2E060E089910E9496
:103510004F7422E0CA3AD207C1F740E052EC61E0B2
:1035200070E08EE49FE00E941B7382E390E0A0E0D5
:10353000B0E08093520F9093530FA093540FB09329
:10354000550F60E071E084EA93E10E94127860E038
:1035500071E08EE993E10E94127860E071E088E901
:1035600093E10E94127860E071E082E993E10E94A9
:10357000127860E071E08CE893E10E94127840E8F4
:1035800055E260E070E081EB9EE00E941B733AE040
:10359000C32ED12CE12CF12CC092B50ED092B60ED8
:1035A000E092B70EF092B80E40E855E260E070E0AD
:1035B00084E19EE00E941B73C092180ED092190EF7
:1035C000E0921A0EF0921B0E40E855E260E070E0C7
:1035D00087E79DE00E941B73C0927B0DD0927C0D0B
:1035E000E0927D0DF0927E0D109288131092871359
:1035F00010928613109285131092841310928313E5
:103600008DE991E090938A138093891380917913C7
:1036100096EF980F943048F02EEC280F243028F0C5
:1036200022EC280F283008F061C02DEB30E03093F9
:103630008413209383132BE931E030938613209376
:1036400085132CE231E03093881320938713943054
:1036500050F02EEC280F243030F022EC280FF0E050
:10366000E0E0283010F4E8E6F0E02081943028F023
:1036700032EC380F383008F439C231E0232B943063
:1036800048F09EEC980F943028F08E53F0E0E0E084
:10369000883010F4E8E6F0E020832091791336EFCB
:1036A000320F343008F424C28EEC820F843008F4D8
:1036B0001FC282EC820F883008F41DC290E080E0C7
:1036C0009093811380938013343008F017C22650F2
:1036D000330B81E001C0880F2A95EAF780938213AB
:1036E0008091891390918A130197F1F78091871344
:1036F00090918813892B49F1E091D60CF091D70C69
:1037000083E1ED36F80709F1309739F0A389B489E0
:103710009C918589809589238C9380918B138E7FD2
:1037200080938B131092D40C1092D50C8DE693E1FC
:103730009093D70C8093D60CE0918013F091811375
:10374000808190918213892B80838AE090E0A0E0B1
:10375000B0E08093711390937213A0937313B0939E
:10376000741389EE92E10E94FB8364E689EE92E194
:103770000E94E87E89EE92E10E94967F83ED92E1BD
:103780000E94FB8364E683ED92E10E94E87E83ED74
:1037900092E10E94967F87E593E10E94FB836FEFA1
:1037A00087E593E10E94E87E81E493E10E94FB8338
:1037B0006FEF81E493E10E94E87E8BE293E10E9447
:1037C000FB836FEF8BE293E10E94E87E8FEF92E143
:1037D0000E94FB836FEF8FEF92E10E94E87E85E10C
:1037E00093E10E94FB836FEF85E193E10E94E87E05
:1037F000D0E0C0E020E030E0A901BE0187E593E120
:103800000E942A7F20E030E0A901BE0181E493E11B
:103810000E942A7F20E030E0A901BE018BE293E103
:103820000E942A7F20E030E0A901BE0185E193E1FA
:103830000E942A7F20E030E0A901BE018FEF92E1D3
:103840000E942A7F2196C333D105A1F687E593E133
:103850000E94967F81E493E10E94967F8BE293E140
:103860000E94967F85E193E10E94967F8FEF92E11F
:103870000E94967F82E3E82EF12CF092A112E09252
:10388000A0120CE211E01093A3120093A212C8E55B
:10389000D2E0D093A512C093A4128DE992E10E94C8
:1038A000737580919E128D7F80939E12F0925C12B0
:1038B000E0925B1210935E1200935D12D09360123F
:1038C000C0935F1288E592E10E947375809159124E
:1038D0008D7F80935912F0922E12E0922D12109348
:1038E000301200932F12D0933212C09331128AE219
:1038F00092E10E94737580912B128D7F80932B1221
:10390000F0928A12E092891210938C1200938B121B
:10391000D0938E12C0938D1286E892E10E94737547
:10392000809187128D7F80938712F0927312E092BC
:1039300072121093751200937412D0937712C09381
:1039400076128FE692E10E947375809170128D7FDE
:1039500080937012F0924512E09244121093471235
:1039600000934612D0934912C093481281E492E129
:103970000E947375809142128D7F80934212F09263
:103980000012E092FF111093021200930112D093E3
:103990000412C09303128CEF91E10E947375809121
:1039A000FD118D7F8093FD11F092E911E092E811F5
:1039B0001093EB110093EA11D093ED11C093EC1129
:1039C00085EE91E10E9473758091E6118D7F809361
:1039D000E611F092D211E092D1111093D41100931C
:1039E000D311D093D611C093D5118EEC91E10E94E2
:1039F00073758091CF118D7F8093CF11F092BB11A1
:103A0000E092BA111093BD110093BC11D093BF1175
:103A1000C093BE1187EB91E10E9473758091B8113C
:103A20008D7F8093B811F0921712E09216121093C6
:103A3000191200931812D0931B12C0931A1283E12B
:103A400092E10E947375809114128D7F80931412FD
:103A500087E30E943D7661E084E40E94377561E06F
:103A600085E30E94377561E084E30E94377562E068
:103A700085E10E94377562E084E10E94377562E05B
:103A800082E40E94377562E081E20E94377560919E
:103A90001B0270911C028091190290911A020E94DF
:103AA00096758091D20C9091D30C0E943172E09166
:103AB000B4128E2F90E0FC01EE0FFF1FE80FF91FEC
:103AC000E551F04F80818F7B80836DE872E08EE45A
:103AD0009FE00E94017A81EB9EE00E948C70892B0E
:103AE00011F181EB9EE00E946A70F5CF34E0C6CD03
:103AF0008BE690E0E5CD8DE690E0E2CD88E02233E4
:103B000009F4ECCD84E0233309F4E8CD82E02433DA
:103B100009F4E4CD82EC820F883018F42E53330B75
:103B2000D8CD81E0DBCD84E19EE00E948C70892BB2
:103B300029F084E19EE00E946A70F5CF87E79DE05E
:103B40000E948C70892B29F087E79DE00E946A70A3
:103B5000F5CF8DE693E10E94E971892B29F08DE67E
:103B600093E10E94FF71F5CF67E872E081EB9EE080
:103B70000E94017A61E872E084E19EE00E94017A8D
:103B80006BE772E087E79DE00E94017A65E772E0EB
:103B90008DE693E10E94017A0E9487766B017C0199
:103BA00000E0C0E0D0E010E00E9487766C197D094B
:103BB0008E099F09603D77408105910508F043C05B
:103BC00081EB9EE00E948C70892B09F011E084E16A
:103BD0009EE00E948C70892B09F0D1E087E79DE080
:103BE0000E948C70892B09F0C1E08DE693E10E9460
:103BF000E971892B09F001E01123B1F2DD23A1F273
:103C0000CC23E1F00023E1F069E572E08EE49FE06F
:103C10000E94017A64E670E080E090E00E945476B1
:103C200066E472E08EE49FE0DF91CF911F910F91E7
:103C3000FF90EF90DF90CF900C94017A1D2FB4CFBE
:103C4000DC2F1C2FB1CF112349F0DD2339F01D2FBC
:103C5000CC2321F0DC2F1C2F0111D6CF6CE272E0B7
:103C60008EE49FE00E94DD79111106C062E272E0ED
:103C70008EE49FE00E94DD79D11106C06AE172E016
:103C80008EE49FE00E94DD79C11106C065E172E01B
:103C90008EE49FE00E94DD79011106C06FE072E0C2
:103CA0008EE49FE00E94DD7964E573E08EE49FE09E
:103CB000DF91CF911F910F91FF90EF90DF90CF9008
:103CC0000C942D792F923F924F925F926F927F9238
:103CD0008F929F92AF92BF92CF92DF92EF92FF921C
:103CE0000F931F93CF93DF93CDB7DEB768970FB6CF
:103CF000F894DEBF0FBECDBF0E9487760091360BD1
:103D00001091370B2091380B3091390B6B017C01EE
:103D1000C01AD10AE20AF30A970186010F31110590
:103D20002105310508F468C26093360B7093370B98
:103D30008093380B9093390B8091340B9091350B15
:103D400001969093350B8093340B2AEA32E03C8342
:103D50002B83AB81BC81CD90DD90BC83AB83DA82B9
:103D6000C982D60112962D903C901E821D82CD8074
:103D7000DE80C214D3040CF055C0A981BA8112961A
:103D80008D919C911397C816D90608F045C0B601CD
:103D9000CD010E947A7D072F182F70E090E080E01F
:103DA0000E94689D23E333E343E35FE30E94C79DE2
:103DB0002B013C01602F70E090E080E00E94689D44
:103DC00023E333E343E35FE30E94C79D4B015C01C0
:103DD000612F70E090E080E00E94689D23E333E370
:103DE00043E35FE30E94C79D6B017C01C301B20105
:103DF0000E94D19F062FC501B4010E94D19F162FAA
:103E0000C701B6010E94D19F462F212F6D817E816F
:103E100089819A810E94707EED81FE813196FE83B8
:103E2000ED83A5CF712C612C9101215031093E8B7E
:103E30002D8B621473040CF048C10E94C49C28EEC0
:103E400033E040E050E00E94889E683071058105B3
:103E500091050CF036C10E94C49C26E030E040E0A1
:103E600050E00E94889E660F771F660F771FFB0148
:103E7000E954FD4EC080CD82D180D98612810E9446
:103E8000C49C22E330E040E050E00E94889E0E9403
:103E9000689D20E030E048EC52E40E94589F23E304
:103EA00033E343E35FE30E94EC9E4B015C01612F2F
:103EB00070E090E080E00E94689DA50194010E945E
:103EC000C79D0E94CA9F8B016F3F710519F014F0C6
:103ED0000FEF10E0E9846E2D70E090E080E00E942A
:103EE000689DA50194010E94C79D0E94CA9F7B0105
:103EF0006F3F710521F01CF0EE24EA94F12CCD8087
:103F00006C2D70E090E080E00E94689DA501940116
:103F10000E94C79D0E94CA9F6B016F3F710521F0EF
:103F20001CF0CC24CA94D12C63E070E080E090E0D7
:103F30000E945077AB01BC014E5F5F4F6F4F7F4FC8
:103F40009A01CA0157FD019695958795D301A81B43
:103F5000B90BB88FAF8BB7FF02C0188E1F8ACA018A
:103F600037FD019695958795860D971D2C01821535
:103F7000930514F04D885E88C901330FAA0BBB0B63
:103F80008D839E83AF83B887DD249601DD0C440BBF
:103F9000550B29873A874B875C87FF24C701FF0CA5
:103FA000AA0BBB0B8D879E87AF87B88BC80199275B
:103FB0006C01990FEE08FF08C98ADA8AEB8AFC8A3D
:103FC000EF88F88C4E145F040CF47BC0A981BA8191
:103FD00012968D919C911397E816F90608F06BC024
:103FE000B701CD010E947A7D6B017C016F89788DCC
:103FF0006619770977FF03C0719561957109072EDE
:10400000000C880B990B0E94689D4B015C016D812F
:104010007E818F8198850E94689D9B01AC01C501BE
:10402000B4010E94589F9B01AC0160E070E080E801
:104030009FE30E94EB9E4B015C0169857A858B852D
:104040009C850E94689DA50194010E94C79D0E94C5
:10405000D19F062F6C1508F40C2D6D857E858F85FC
:1040600098890E94689DA50194010E94C79D0E94A5
:10407000D19FBB27AF2D9E2D8D2D162F681708F4CD
:10408000182F69897A898B899C890E94689DA5016E
:1040900094010E94C79D0E94D19F6701EE24FF24D6
:1040A000462F6C1508F44C2D212F6F89788D89814E
:1040B0009A810E94707EEF89F88D3196F88FEF8B90
:1040C0007FCFFFEF6F1A7F0AB4CE0E94C49C28EE08
:1040D00033E040E050E00E94889E6F30710581051A
:1040E00091050CF077C0B101032C000C880B990BE3
:1040F0000E9450774B0162E370E080E090E00E9404
:1041000050776C599E828D821814190424F021E096
:1041100030E03E832D834D815E81415051095E83A5
:104120004D83C4010196821593050CF04FC01C010C
:10413000C62ED12CF12CE12C8D819E8128163906BA
:104140000CF448C0A981BA8112968D919C91ED81A1
:10415000FE81E817F90798F5BF016819790977FF1B
:1041600003C0719561957109072E000C880B990B9E
:104170000E94689D20E030E040E05FE30E94C79D20
:104180009B01AC0160E070E080E89FE30E94EB9E41
:104190002B013C01C701B6010E94689D9B01AC0147
:1041A000C301B2010E94C79D0E94D19F462F062FD6
:1041B000262F6D817E8189819A810E94707E2D815A
:1041C0003E812F5F3F4F3E832D83B6CF51E0251AAE
:1041D0003108AECF89819A810E94967F62E070E0BB
:1041E00080E090E00E94547648EB52E0CB80DC8087
:1041F0004C155D0509F0ADCD68960FB6F894DEBF9D
:104200000FBECDBFDF91CF911F910F91FF90EF9027
:10421000DF90CF90BF90AF909F908F907F906F90E6
:104220005F904F903F902F900895CF92DF92EF9242
:10423000FF920F931F93CF93DF9300D000D0CDB7A1
:10424000DEB78C0167E573E0CE0101960E94A87885
:10425000BE016F5F7F4FC8010E94E277F82ECE014A
:1042600001960E94A07880E0FF2009F475C0F80153
:1042700084819581892B09F47EC00081118161E3DD
:1042800070E0C8010E9467A2009709F474C0801B07
:10429000910B21E08F3F980709F420E02093CB0C8D
:1042A0000196C9F086E9C82E8CE0D82E95E6E92E55
:1042B0009CE0F92E10E0812F0E94C712F601819335
:1042C0006F01F70111927F01682F812F0E948911E0
:1042D0001F5F113381F78091CB0C04E616E1882330
:1042E00011F00AE616E1B80181EB9EE00E94017A26
:1042F00065E070E080E090E00E945476B80184E1CF
:104300009EE00E94017A65E070E080E090E00E940B
:104310005476B80187E79DE00E94017A65E070E07D
:1043200080E090E00E945476B8018DE693E10E940F
:10433000017A65E070E080E090E00E945476809120
:10434000CB0C6DE376E1882311F061E576E18EE434
:104350009FE00E94017A81E026960FB6F894DEBFB6
:104360000FBECDBFDF91CF911F910F91FF90EF90C6
:10437000DF90CF9008958FEF9FEF8BCFCF92DF929A
:10438000EF92FF920F931F93CF93DF9300D000D053
:10439000CDB7DEB78EE49FE00E948C70892B09F0C8
:1043A00016C184E19EE00E948C70892B09F00FC138
:1043B0008091200281110BC10E9487760091440DEB
:1043C0001091450D2091460D3091470D6B017C01F8
:1043D000C01AD10AE20AF30A60E177E280E090E0D5
:1043E0000E945077605F784D8F4F9F4FC616D7065B
:1043F000E806F906E8F080913F0D811119C081E0CF
:1044000080933F0D6AE27EE08EE49FE00E94017A95
:104410008FE090E090930102809300020E948776E3
:104420006093400D7093410D8093420D9093430D26
:104430000E9487760091400D1091410D2091420D10
:104440003091430D601B710B820B930B68387341E5
:1044500081059105F8F080913F0D8823D9F0809176
:104460002002882309F4ECC010923F0D0E94877649
:104470006093440D7093450D8093460D9093470DC6
:104480000E9487766093400D7093410D8093420D9A
:104490009093430D0E9487760091F80B1091F90BD1
:1044A0002091FA0B3091FB0B601B710B820B930B6D
:1044B000683E73408105910568F168E070E080E036
:1044C00090E00E945077DC01CB010497A109B1096B
:1044D0002091000230910102820F931F84319105D7
:1044E0000CF4BDC0909301028093000280913F0DB7
:1044F000882331F08FE090E09093010280930002D6
:104500000E9487766093F80B7093F90B8093FA0BF7
:104510009093FB0B0E9487760091700B1091710BAA
:104520002091720B3091730BAB01BC01401B510BFE
:10453000620B730B8091000290910102092E000C16
:10454000AA0BBB0B481759076A077B0760F00E944C
:1045500087766093700B7093710B8093720B9093BE
:10456000730B0E949B130E94877600916C0B109135
:104570006D0B20916E0B30916F0B6B017C01C01A9B
:10458000D10AE20AF30A60EA7FE080E090E00E944C
:1045900050776053784F8F4F9F4FC616D706E80667
:1045A000F906A8F00E94877660936C0B70936D0BF0
:1045B00080936E0B90936F0B809111029091120279
:1045C000919581959109909312028093110211E0C7
:1045D00004E18EE49FE00E948C70892B09F042C0B8
:1045E00011E004E184E19EE00E948C70892B09F4C3
:1045F0002EC384E19EE00E946A708A3019F08D30EB
:1046000009F014C38091A2139091A313892B89F010
:1046100063ED73E08EE993E10E94FD77882309F44E
:10462000EFC110923B0D69E97EE08EE49FE00E94AD
:10463000017A66E573E08EE993E10E949678D2CF25
:104640006FE17EE08EE49FE00E94017A6CE07EE004
:1046500084E19EE00E94017A0E94011105CF84E16D
:1046600090E040CF8EE49FE00E946A708A3019F09B
:104670008D3009F0B4C18091901390919113892BE2
:1046800009F414C164E773E0CE0101960E94A87892
:10469000BE016F5F7F4F8CE893E10E94C7777C017A
:1046A000CE0101960E94A078EF20E09489F10E944B
:1046B0004B8462E370E080E090E00E94547669EE03
:1046C0007EE08DE693E10E94017A1092E80C109250
:1046D0004C0D60E083E00E944F740E9459171092C5
:1046E0003C0D89E180933E0D10923D0D66E573E02F
:1046F0008CE893E10E9496788EE49FE00E948C7093
:10470000892B09F4A4C28EE49FE00E946A70F4CF62
:104710006CE773E0CE0101960E94A878BE016F5F3E
:104720007F4F8CE893E10E94C7777C01CE01019610
:104730000E94A078EF20E09409F4BFC010922002FC
:104740000E9487766093440D7093450D8093460DCB
:104750009093470D0E9487766093400D7093410DB2
:104760008093420D9093430D10923F0D89EE92E19C
:104770000E94DF7E83ED92E10E94DF7E89EE92E16E
:104780000E94967F83ED92E10E94967F6DEA73E02E
:10479000CE0101960E94A878BE016F5F7F4F8CE822
:1047A00093E10E94C7777C01CE0101960E94A07818
:1047B000EF20E09491F180914C0D882371F11092DB
:1047C0004C0D60E083E00E944F7489EE92E10E94FC
:1047D000DF7E83ED92E10E94DF7E89EE92E10E940E
:1047E000967F83ED92E10E94967F109220020E94B4
:1047F00087766093440D7093450D8093460D90939A
:10480000470D0E9487766093400D7093410D809311
:10481000420D9093430D10923F0D6DEB73E0CE016E
:1048200001960E94A878BE016F5F7F4F8CE893E1EC
:104830000E94C7777C01CE0101960E94A078EF20EC
:10484000E09411F010921F0265EC73E0CE01019626
:104850000E94A878BE016F5F7F4F8CE893E10E94B1
:10486000C7777C01CE0101960E94A078EF20E094EA
:1048700011F010931F026EEC73E0CE0101960E94BE
:10488000A878BE016F5F7F4F8CE893E10E94C777E5
:104890007C01CE0101960E94A078EF20E09431F0D7
:1048A0006DEA7EE08EE49FE00E94017A66E573E0A7
:1048B0008CE893E10E9496788CCE6EE873E0CE018E
:1048C00001960E94A878BE016F5F7F4F8CE893E14C
:1048D0000E94C7777C01CE0101960E94A078EF204C
:1048E000E09409F44DC010924C0D89EE92E10E94C3
:1048F000DF7E83ED92E10E94DF7E89EE92E10E94ED
:10490000967F83ED92E10E94967F68EC70E080E0F4
:1049100090E00E94547661EE7EE08EE49FE00E947B
:10492000017A68ED7EE081EB9EE00E94017A64E608
:1049300070E080E090E00E9454766FEC7EE084E1CD
:104940009EE00E94017A64E670E080E090E00E94C0
:10495000547666EC7EE087E79DE00E94017A64E68B
:1049600070E080E090E00E9454766DEB7EE08DE692
:1049700093E10E94017A00933E0D10923D0D06CF07
:104980006EE973E0CE0101960E94A878BE016F5FC8
:104990007F4F8CE893E10E94C7777C01CE0101969E
:1049A0000E94A078EF20E09409F4F0CE10923B0D25
:1049B00069EB7EE08EE49FE00E94017A65EB7EE089
:1049C00084E19EE00E94017A61E083E00E944F74DE
:1049D00010924C0D1093200210923F0DCCCF8032DC
:1049E0000CF4F7CD2091901330919113283C3105B0
:1049F00008F0EFCD682F8CE893E10E943A78E9CD7A
:104A000065ED73E08EE993E10E94FD778823C9F09C
:104A1000109220020E9487766093440D7093450D9A
:104A20008093460D9093470D0E9487766093400DCA
:104A30007093410D8093420D9093430D6DE87EE09D
:104A4000F4CD67ED73E08EE993E10E94FD77882352
:104A5000E9F01093200210924C0D60E083E00E9478
:104A60004F7489EE92E10E94DF7E83ED92E10E9415
:104A7000DF7E89EE92E10E94967F83ED92E10E94B3
:104A8000967F10923F0D60E87EE0CFCD69ED73E038
:104A90008EE993E10E94FD778823E9F069E174E0F3
:104AA00083EA91E10E949678109220020E94877614
:104AB0006093440D7093450D8093460D9093470D80
:104AC00010923F0D65E77EE08EE49FE00E94017A40
:104AD0000E940111AECD6AE474E08EE993E10E9478
:104AE000FD778823B9F06EE876E083EA91E10E94D1
:104AF0009678109220020E9487766093440D7093FE
:104B0000450D8093460D9093470D10923F0D6AE638
:104B10007EE0DACF65E274E08EE993E10E94FD77F2
:104B20008823B9F010923B0D66E67EE08EE49FE0AC
:104B30000E94017A61E083E00E944F7410924C0D54
:104B40001093200210923F0D00933E0D10923D0DE8
:104B500070CD69E174E08EE993E10E94FD778823CE
:104B6000B9F010923F0D68E57EE08EE49FE00E9470
:104B7000017A10934C0D0E9487766093480D7093D4
:104B8000490D80934A0D90934B0D0E94CB1151CD4E
:104B90006EE876E08EE993E10E94FD77882329F0A4
:104BA00010923F0D6AE47EE0E0CF6BED73E08EE99A
:104BB00093E10E94FD77882389F0109220020E94E1
:104BC00087766093440D7093450D8093460D9093C6
:104BD000470D10923F0D6DE37EE027CD6DED73E044
:104BE0008EE993E10E94FD77882309F422CD63E3E7
:104BF0007EE08EE49FE00E94017A10924C0D60E00E
:104C000083E00E944F7489EE92E10E94DF7E83ED83
:104C100092E10E94DF7E89EE92E10E94967F83ED11
:104C200092E10E94967F1093200203CD80320CF413
:104C3000D9CC2091A2133091A313283C310508F060
:104C4000D1CC682F8EE993E10E943A78CBCC26969E
:104C50000FB6F894DEBF0FBECDBFDF91CF911F918D
:104C60000F91FF90EF90DF90CF900895CF92DF9259
:104C7000EF92FF920F931F93CF93DF9300D000D05A
:104C8000CDB7DEB780915B0C882369F080912B0C47
:104C9000811109C063E07EE08EE49FE00E94017A0A
:104CA00081E080932B0C8091E80C8823D1F10E9445
:104CB000621E11E004E18EE49FE00E948C70892B5B
:104CC00009F0CBC011E084E19EE00E948C70892B3A
:104CD00009F421C384E19EE00E946A708A3019F0D1
:104CE0008D3009F007C38091A2139091A313892BF3
:104CF00089F063ED73E08EE993E10E94FD778823EC
:104D000009F468C210923B0D64E47DE08EE49FE0FC
:104D10000E94017A66E573E08EE993E10E9496783D
:104D2000D2CF809120028111C4CF0E94877600915A
:104D3000F80B1091F90B2091FA0B3091FB0B601BD3
:104D4000710B820B930B683E73408105910518F13E
:104D500068E070E080E090E00E945077DC01CB01D9
:104D60000497A109B1092091000230910102820F3C
:104D7000931F843191050CF46DC0909301028093D0
:104D800000020E9487766093F80B7093F90B809372
:104D9000FA0B9093FB0B0E9487760091700B109199
:104DA000710B2091720B3091730BAB01BC01401B56
:104DB000510B620B730B8091000290910102092E3E
:104DC000000CAA0BBB0B481759076A077B0760F05A
:104DD0000E9487766093700B7093710B8093720BB7
:104DE0009093730B0E949B130E94877600916C0B2B
:104DF00010916D0B20916E0B30916F0B6B017C014C
:104E0000C01AD10AE20AF30A60EA7FE080E090E08B
:104E10000E9450776053784F8F4F9F4FC616D7062A
:104E2000E806F90608F445CF0E94877660936C0B7C
:104E300070936D0B80936E0B90936F0B80911102AA
:104E4000909112029195819591099093120280930D
:104E500011022FCF84E190E090CF8EE49FE00E947A
:104E60006A708A3019F08D3009F0A3C180919013D7
:104E700090919113892B09F4AAC064E773E0CE01E5
:104E800001960E94A878BE016F5F7F4F8CE893E186
:104E90000E94C7777C01CE0101960E94A078EF2086
:104EA000E094A9F10E944B8462E370E080E090E01E
:104EB0000E94547669EF7DE08DE693E10E94017ACD
:104EC0001092E80C10924C0D1092460C60E083E0BA
:104ED0000E944F7410922B0C0E94591710923C0D97
:104EE00089E180933E0D10923D0D66E573E08CE8FC
:104EF00093E10E9496788EE49FE00E948C70892B4B
:104F000009F409C28EE49FE00E946A70F4CF6FED4D
:104F100073E0CE0101960E94A878BE016F5F7F4FBB
:104F20008CE893E10E94C7777C01CE0101960E9434
:104F3000A0786CEE7DE0EF20E094B9F461EF73E0CF
:104F4000CE0101960E94A878BE016F5F7F4F8CE86A
:104F500093E10E94C7777C01CE0101960E94A07860
:104F6000EF20E094D9F16FED7DE084E19EE00E94B6
:104F7000017A6DEB73E0CE0101960E94A878BE0124
:104F80006F5F7F4F8CE893E10E94C7777C01CE0171
:104F900001960E94A078EF20E09411F010921F0279
:104FA00065EC73E0CE0101960E94A878BE016F5FA8
:104FB0007F4F8CE893E10E94C7777C01CE01019678
:104FC0000E94A078EF20E09411F010931F0266E594
:104FD00073E08CE893E10E9496786DCE6CE773E005
:104FE000CE0101960E94A878BE016F5F7F4F8CE8CA
:104FF00093E10E94C7777C01CE0101960E94A078C0
:10500000EF20E09409F43EC08091460C8111B1CFAD
:105010006DEB7DE08EE49FE00E94017A1093460CD8
:105020001092E80C60E083E00E944F748AEAE82E58
:1050300082E0F82EF701C190D1907F01C6010E9455
:10504000DF7EC6010E94967FF8EBEF16F2E0FF06C6
:1050500089F7109220020E9487766093440D709326
:10506000450D8093460D9093470D0E94877660937F
:10507000400D7093410D8093420D9093430D60EB72
:105080007DE073CF6EE973E0CE0101960E94A878AF
:10509000BE016F5F7F4F8CE893E10E94C7777C0170
:1050A000CE0101960E94A078EF20E09409F461CF30
:1050B0001092E80C10924C0D1093200210923F0DAC
:1050C00061E083E00E944F746CEA7DE08EE49FE033
:1050D0000E94017A68EA7DE084E19EE00E94017A04
:1050E00089EE92E10E94DF7E83ED92E10E94DF7EF5
:1050F00089EE92E10E94967F83ED92E10E94967F75
:1051000068EE73E080E090E00E94547660EA7DE013
:105110008EE49FE00E94017A67E97DE081EB9EE0EA
:105120000E94017A64EF71E080E090E00E94547682
:105130006EE87DE081EB9EE00E94017A65E87DE00B
:1051400084E19EE00E94017A64EF71E080E090E0EB
:105150000E9454766CE77DE084E19EE00E94017A33
:1051600063E77DE087E79DE00E94017A64EF71E0EC
:1051700080E090E00E9454766AE67DE087E79DE05B
:105180000E94017A61E67DE08DE693E10E94017A5A
:1051900064EF71E080E090E00E94547668E57DE085
:1051A0008DE693E10E94017A00933E0D10923D0D31
:1051B000E0CE80320CF47FCD20919013309191138A
:1051C000283C310508F077CD682F8CE893E10E94E8
:1051D0003A7871CD65ED73E08EE993E10E94FD7739
:1051E000882369F066E37DE08EE49FE00E94017A07
:1051F0008091460C81118ECD1093E80C8BCD67ED1C
:1052000073E08EE993E10E94FD77882309F167E25C
:105210007DE08EE49FE00E94017A1092E80C1093EA
:1052200020021092460C60E083E00E944F7489EEE9
:1052300092E10E94DF7E83ED92E10E94DF7E89EEA3
:1052400092E10E94967F83ED92E10E94967F62CD6B
:105250006EEF73E08EE993E10E94FD778823A9F059
:105260006BE17DE08EE49FE00E94017A1092E80CF1
:1052700010934C0D0E9487766093480D7093490DF2
:1052800080934A0D90934B0D45CD6CEF76E08EE9FF
:1052900093E10E94FD77882309F43CCD6FE07DE027
:1052A0008EE49FE00E94017A1092E80C10924C0D5F
:1052B00060E083E00E944F74109220020E94877683
:1052C0006093440D7093450D8093460D9093470D68
:1052D0000E9487766093400D7093410D8093420D3C
:1052E0009093430D10922B0C80913E0D8F5F809315
:1052F0003E0D10CD80320CF4E6CC2091A2133091FB
:10530000A313283C310508F0DECC682F8EE993E129
:105310000E943A78D8CC26960FB6F894DEBF0FBE1E
:10532000CDBFDF91CF911F910F91FF90EF90DF9054
:10533000CF900895EF92FF920F931F93CF93DF9337
:10534000CDB7DEB72C970FB6F894DEBF0FBECDBF3A
:1053500081EB9EE00E948C70892B09F048C001E02F
:1053600084E19EE00E948C70892B09F4CDC384E116
:105370009EE00E946A708A3009F070C38EE993E162
:105380000E946A778091A2139091A313892B41F117
:105390000E9487766093550D7093560D8093570D3C
:1053A0009093580D60E074E08EE993E10E94FD77E0
:1053B000811116C065E074E0CE0101960E94A878C4
:1053C000BE016F5F7F4F8EE993E10E94C7777C013A
:1053D000CE0101960E94A078EF20E09409F482C1EA
:1053E00066E573E08EE993E10E949678B9CF81EB90
:1053F0009EE00E946A708A3009F062C184EA93E1FB
:105400000E946A778091A8139091A913892B39F192
:105410000E9487766093590D70935A0D80935B0DAF
:1054200090935C0D60E074E084EA93E10E94FD7764
:10543000811115C065E074E0CE0101960E94A87844
:10544000BE016F5F7F4F84EA93E10E94C7778C01B2
:10545000CE0101960E94A0780F3F1F4F39F066E5FC
:1054600073E084EA93E10E94967872CF6FE074E073
:10547000CE0101960E94A878BE016F5F7F4F84EA3B
:1054800093E10E94E277182FCE0101960E94A07846
:1054900064EA73E18EE49FE0112319F00E94C07961
:1054A000DECF0E94C07965E174E084EA93E10E9456
:1054B000FD7768E776E081110AC06BE174E084EA69
:1054C00093E10E94FD778823F1F062E776E08EE4B5
:1054D0009FE00E94017A6EEC73E084EA93E10E94FF
:1054E000FD77882309F4BBCF6AE576E0CE0101960B
:1054F0000E94A878CE0101960E94A417CE010196C1
:105500000E94A078ACCF61E274E084EA93E10E944B
:10551000FD776CE676E08111DACF67E274E084EA29
:1055200093E10E94FD7766E676E08111D0CF6DE2CF
:1055300074E084EA93E10E94FD776DE576E08111E5
:10554000C6CF66E374E084EA93E10E94FD7767E5E5
:1055500076E08111BCCF6CE374E084EA93E10E94B1
:10556000FD7760E576E08111B2CF63E474E084EA10
:1055700093E10E94FD77882309F4ADCF67E476E0DC
:105580008EE49FE00E94017A6EE376E081EB9EE07C
:105590000E94017A65E376E084E19EE00E94017A50
:1055A0006CE276E087E79DE00E94017A63E276E0B4
:1055B0008DE693E10E94017A68EE73E080E090E06E
:1055C0000E9454766BE176E081EB9EE00E94017AC6
:1055D00063E176E084E19EE00E94017A6BE076E090
:1055E00087E79DE00E94017A63E076E08DE693E133
:1055F0000E94017A87E593E10E94DF7E81E493E1D6
:105600000E94DF7E8BE293E10E94DF7E85E193E1E1
:105610000E94DF7E8FEF92E10E94DF7E89EE92E1B1
:105620000E94DF7E83ED92E10E94DF7E87E593E1B9
:105630000E94967F81E493E10E94967F8BE293E142
:105640000E94967F85E193E10E94967F8FEF92E121
:105650000E94967F89EE92E10E94967F83ED92E10F
:105660000E94967F60E087E20E944F7460E084E2CF
:105670000E944F7460E083E00E944F7460E08DE30D
:105680000E944F7460E084E00E944F7460E085E205
:105690000E944F7460E08BE30E944F7460E08EE1E3
:1056A0000E944F7460E087E00E944F7461E085E2E1
:1056B0000E944F7480913E0D8F5F80933E0D0BCF03
:1056C00080320CF445CE2091A8133091A9132F3FBE
:1056D000310511F008F03CCE682F84EA93E10E9476
:1056E0003A7836CE6FE074E0CE0101960E94A87839
:1056F000BE016F5F7F4F8EE993E10E94E277182F22
:10570000CE0101960E94A0786EE973E18EE49FE0DD
:10571000112319F00E94C07963CE0E94C0796CE415
:1057200074E08EE993E10E94FD77882309F43DC07F
:1057300010923B0D6FEE75E08EE49FE00E94017ABF
:1057400080913E0D873009F04BCE6AE974E08EE916
:1057500093E10E94FD776CE375E0811137C164EA43
:1057600074E08EE993E10E94FD776FE275E08111AC
:105770002DC16BEA74E08EE993E10E94FD7762E24D
:1057800075E0811123C162EB74E08EE993E10E9420
:10579000FD77882309F4F2C069E175E08EE49FE0AB
:1057A0000E94017A0093D70B1BCE6AE574E0CE010C
:1057B00007960E94A878BE01695F7F4F8EE993E14A
:1057C0000E94E27710E08823A9F06FE574E0CE0133
:1057D00001960E94A878BE016F5F7F4F8EE993E12A
:1057E0000E94C77711E0019609F410E0CE010196FE
:1057F0000E94A078CE0107960E94A078112301F1A3
:105800006AED75E08EE49FE00E94017A6AE070E044
:1058100080E090E00E94547680913E0D823119F430
:105820006BEC75E089CF6EEB75E0833109F484CFC2
:1058300064EB75E0813109F47FCF6CEA75E07CCFD1
:105840006AE574E0CE0107960E94A878BE01695F00
:105850007F4F8EE993E10E94E2778823A9F06BE6FF
:1058600074E0CE0101960E94A878BE016F5F7F4F61
:105870008EE993E10E94C77711E0019609F410E0E8
:10588000CE0101960E94A078CE0107960E94A078D2
:10589000112379F066E975E08EE49FE00E94017AB9
:1058A0006AE070E080E090E00E94547668E875E07D
:1058B00043CF6AE574E0CE0107960E94A878BE0146
:1058C000695F7F4F8EE993E10E94E2778823A9F018
:1058D0006EE774E0CE0101960E94A878BE016F5F6A
:1058E0007F4F8EE993E10E94C77711E0019609F49A
:1058F00010E0CE0101960E94A078CE0107960E948A
:10590000A078112379F062E775E08EE49FE00E94B1
:10591000017A6AE070E080E090E00E94547666E6EA
:1059200075E00ACF60E774E08EE993E10E94FD77AD
:1059300068E575E0811100CF6BE874E08EE993E1D2
:105940000E94FD7769E475E08111F6CE6EEC73E09C
:105950008EE993E10E94FD77882309F4F1CE6EE48D
:1059600073E0CE0101960E94A878CE0101960E94B4
:10597000A417CE0101960E94A078E2CE6BEB74E0F2
:105980008EE993E10E94FD776EE075E081111EC003
:1059900066EC74E08EE993E10E94FD7763E075E0C8
:1059A000811114C061ED74E08EE993E10E94FD77EE
:1059B00067EF74E081110AC06DED74E08EE993E148
:1059C0000E94FD77882339F06DEE74E08EE49FE04D
:1059D0000E94017A05CD67EE74E08EE993E10E94A2
:1059E000FD77882309F4FCCC20E03FEF4FEF50E037
:1059F00070E060E087E593E10E942A7F87E593E10C
:105A00000E94967F20E830E0A90170E060E08BE220
:105A100093E10E942A7F8BE293E10E94967F10928D
:105A2000870B67EE74E081EB9EE00E94017A67EDE0
:105A300074E08EE49FE00E94017A6DEC74E087E7E9
:105A40009DE00E94017A63EC74E08DE693E10E9490
:105A5000017A69EB74E084E19EE0BACF80320CF405
:105A60007FCC2091A2133091A3132F3F310511F069
:105A700008F076CC682F8EE993E10E943A7870CCDA
:105A80006FE074E0CE0101960E94A878BE016F5FBE
:105A90007F4F88E993E10E94E277182FCE010196AB
:105AA0000E94A07868E973E18EE49FE0112319F069
:105AB0000E94C07968C00E94C0796EEC73E088E9EA
:105AC00093E10E94FD77882309F45DC067E473E0E9
:105AD000CE0101960E94A878CE0101960E94A417DB
:105AE000CE0101960E94A0784EC080326CF02091C9
:105AF0009C1330919D132F3F310509F028F4682F36
:105B000088E993E10E943A7887E79DE00E948C70D3
:105B1000892B09F446C187E79DE00E946A708A30AC
:105B200021F788E993E10E946A7780919C13909114
:105B30009D13892B41F10E9487766093510D7093DC
:105B4000520D8093530D9093540D60E074E088E9FA
:105B500093E10E94FD77811116C065E074E0CE01EB
:105B600001960E94A878BE016F5F7F4F88E993E19C
:105B70000E94C7778C01CE0101960E94A0780F3F4A
:105B80001F4F09F47DCF66E573E088E993E10E9439
:105B90009678BACF6FE074E0CE0101960E94A878A3
:105BA000BE016F5F7F4F82E993E10E94E277182F79
:105BB000CE0101960E94A07862E973E18EE49FE035
:105BC000112319F00E94C07915C10E94C0796AE5BD
:105BD00074E0CE0107960E94A878BE01695F7F4FEE
:105BE00082E993E10E94E27710E08823A9F06DEE4C
:105BF00074E0CE0101960E94A878BE016F5F7F4FCE
:105C000082E993E10E94C77711E0019609F410E060
:105C1000CE0101960E94A078CE0107960E94A0783E
:105C2000112391F064EA74E08EE49FE00E94017A0F
:105C30006AE070E080E090E00E9454766CE974E0E5
:105C40008EE49FE00E94017A6BEF74E0CE0107962C
:105C50000E94A878BE01695F7F4F82E993E10E94AC
:105C6000C77710E00196A9F061E075E0CE010196DA
:105C70000E94A878BE016F5F7F4F82E993E10E9486
:105C8000C77711E0019609F010E0CE0101960E945D
:105C9000A078CE0107960E94A078112309F44DC088
:105CA00063E974E081EB9EE00E94017A6AE874E0A7
:105CB00084E19EE00E94017A61E874E087E79DE05C
:105CC0000E94017A6EEC73E0CE0107960E94A878DC
:105CD000BE01695F7F4F82E993E10E94C77711E0BF
:105CE0000196A9F460E175E0CE0101960E94A878C2
:105CF000BE016F5F7F4F82E993E10E94C77711E099
:105D0000019609F410E0CE0101960E94A078CE0120
:105D100007960E94A078112309F46CC062E473E036
:105D2000CE0101960E94A878CE0101960E94A41788
:105D3000CE0101960E94A0785DC06BE075E0CE01B7
:105D400001960E94A878BE016F5F7F4F82E993E1C0
:105D50000E94C7778C01CE0101960E94A0780F3F68
:105D60001F4F09F4AFCF67E774E081EB9EE00E941C
:105D7000017A6DE674E084E19EE00E94017A63E6B8
:105D800074E09CCF80326CF0209196133091971381
:105D90002F3F310509F028F4682F82E993E10E9432
:105DA0003A788DE693E10E94E971892B51F18DE6F5
:105DB00093E10E94FF718A3029F782E993E10E9402
:105DC0006A778091961390919713892B99F00E948E
:105DD000877660934D0D70934E0D80934F0D909389
:105DE000500D60E074E082E993E10E94FD77882322
:105DF00009F4D0CE66E573E082E993E10E949678DB
:105E0000D0CF2C960FB6F894DEBF0FBECDBFDF917A
:105E1000CF911F910F91FF90EF9008958F929F92D5
:105E2000AF92BF92CF92DF92EF92FF924B015C0153
:105E30000E9487766B017C010E9487766C197D0930
:105E40008E099F09681579058A059B0548F40E940B
:105E50009A2961E070E080E090E00E945476ECCFF7
:105E6000FF90EF90DF90CF90BF90AF909F908F907A
:105E70000895CF93C82F61E00E944F746CE271E0E7
:105E800080E090E00E940E2F60E08C2FCF910C9468
:105E90004F74FF920F931F93CF93DF9300D000D0E6
:105EA000CDB7DEB78C0164E275E0CE0101960E94A9
:105EB000A878BE016F5F7F4FC8010E94E277F82E7D
:105EC000CE0101960E94A07880E0FF2009F447C02F
:105ED0006FE077E0CE0101960E94A878BE016F5F67
:105EE0007F4FC8010E94C7778C01CE0101960E94A6
:105EF000A07865EF71E08EE49FE00E94017A6091E6
:105F00001B0270911C028091190290911A020E944A
:105F100096750F3F1F4F79F18091170290911802EB
:105F20000E943172609113027091140290E080E03F
:105F30000E945476E091B4128E2F90E0FC01EE0F97
:105F4000FF1FE80FF91FE551F04F80818F7B8083A1
:105F50006EED71E08EE49FE00E94017A81E026966A
:105F60000FB6F894DEBF0FBECDBFDF91CF911F916A
:105F70000F91FF9008958091D20C9091D30CD0CFC7
:105F80004F925F926F927F928F929F92AF92BF9249
:105F9000CF92DF92EF92FF920F931F93CF93DF93F5
:105FA000CDB7DEB760970FB6F894DEBF0FBECDBF9A
:105FB0006C016DE275E0CE0101960E94A878BE01E9
:105FC0006F5F7F4FC6010E94E277182FCE010196C6
:105FD0000E94A07880E0112309F43FC0CE01019611
:105FE0002C0187E0E82EF12CB12CA12CF601848045
:105FF0009580E814F90488F4608071806AE370E0A9
:10600000C3018E0D9F1D0E9467A2009731F08C0185
:10601000061917090F3F1007B9F59401A701B6013A
:10602000CE010B960E94D6780FEF1FEF8B859C85D3
:10603000009791F10E941C9DF201619371932F01D1
:106040000F3F100769F5CE010B9614E0A116B104BD
:1060500009F47BC00E94A07881E060960FB6F894A6
:10606000DEBF0FBECDBFDF91CF911F910F91FF908B
:10607000EF90DF90CF90BF90AF909F908F907F90E8
:106080006F905F904F9008959801A701B601CE01DF
:106090000B960E94D678CACF60E070E0CB01CCCFDF
:1060A00078014FEFE41AF40ACE010B960E94A07813
:1060B0006FEFA61AB60A85E0A816B10409F096CFCC
:1060C00029813A81C901805991408D34944020F64C
:1060D0008B819C81AC014C5D55404D34544008F09F
:1060E000BBCF281739070CF0B7CFED81FE81E53B18
:1060F000F10508F0B1CF6F817885653B710508F037
:10610000ABCF49855A85DA01A85CB109A13CB241FF
:1061100008F0A2CF30931A022093190290931C0228
:1061200080931B02F0931802E09317027093D30C34
:106130006093D20C509314024093130268EC71E008
:106140008EE49FE00E94017A87CF0E94A078B8CFAA
:10615000CF92DF92EF92FF920F931F93CF93DF9333
:10616000CDB7DEB72C970FB6F894DEBF0FBECDBF0C
:1061700010923B0D1092360D1092350D0E941713A0
:106180008091CB0C81110E949A2980913C0D811144
:106190008BC205E11DE031EAE32E32E0F32EF80177
:1061A00011928F0160E0F70181917F010E944F748D
:1061B000FDE00E311F0799F780910F0281111092B7
:1061C0000F02E091B4128E2F90E0FC01EE0FFF1F42
:1061D000E80FF91FE551F04F80818F7B808361E0EC
:1061E00087E20E944F7461E084E20E944F7460E095
:1061F00083E00E944F7461E084E00E944F7461E08C
:1062000087E00E944F7461E085E20E944F7461E074
:106210008BE30E944F7461E08DE30E944F74F12C78
:10622000E12C8091591390915A13E816F90668F4FD
:1062300028EC30E040E050E0B70187E593E10E94B0
:106240002A7F2FEFE21AF20AECCFF12CE12C809199
:10625000431390914413E816F90668F428EC30E0F3
:1062600040E050E0B70181E493E10E942A7F8FEF84
:10627000E81AF80AECCFF12CE12C80912D139091C3
:106280002E13E816F90668F428EC30E040E050E000
:10629000B7018BE293E10E942A7FEFEFEE1AFE0A2C
:1062A000ECCFF12CE12C8091171390911813E81684
:1062B000F90668F428EC30E040E050E0B70185E1F1
:1062C00093E10E942A7FFFEFEF1AFF0AECCFF12C37
:1062D000E12C8091011390910213E816F90668F4FD
:1062E00028EC30E040E050E0B7018FEF92E10E94EF
:1062F0002A7F2FEFE21AF20AECCFF12CE12C8091E9
:10630000EB129091EC12E816F90660F420E030E010
:10631000A901B70189EE92E10E942A7F8FEFE81A66
:10632000F80AEDCFF12CE12C8091D5129091D61284
:10633000E816F90660F420E030E0A901B70183ED2A
:1063400092E10E942A7FEFEFEE1AFE0AEDCF81E480
:1063500093E10E94967F8BE293E10E94967F85E114
:1063600093E10E94967F8FEF92E10E94967F87E5EE
:1063700093E10E94967F89EE92E10E94967F83EDE1
:1063800092E10E94967F64E670E080E090E00E94D7
:1063900054760E944B841092690D1092470C109213
:1063A0004C0D1092E80C1092460C1092060D1092B3
:1063B000050D1092030D1092040D1092450C1092D1
:1063C000440C1092430C1092420C1092410C11E0BC
:1063D00010930E0210930D0210930C0210930B02F7
:1063E0001092E90C10931D021092400C10923F0C79
:1063F00010923E0C10923D0C10923C0C10923B0CF3
:1064000010923A0C1092390C1092380C1092370CF2
:106410001092360C1092350C1092340C1092330CF2
:106420001092F50C1092F60C1092F70C1092320CA0
:106430001092310C1092300C10922F0C10922E0CE6
:1064400010922D0C10922C0C66E573E08BE991E113
:106450000E94967810922B0C10922A0C1092290C04
:1064600010930A021092280C1092270C1092260CFE
:106470001092250C1092210C1092220C1092230CD9
:106480001092240C10921D0C10921E0C10921F0CD6
:106490001092200C10921C0C10921B0C10921A0CD3
:1064A0001092190C1093090210930802109307021E
:1064B0001093060210930502109304021093030236
:1064C0001092760D1092E10C1093020210931F02AD
:1064D00010920B0D10920C0D10920D0D10920E0DCE
:1064E0001092150C1092160C1092170C1092180C9A
:1064F0001092110C1092120C1092130C1092140C9A
:1065000010920D0C10920E0C10920F0C1092100C99
:106510001092090C10920A0C10920B0C10920C0C99
:106520001092050C1092060C1092070C1092080C99
:106530001092010C1092020C1092030C1092040C99
:106540001092FD0B1092FE0B1092FF0B1092000C9C
:106550001092F90C1092F80C1092FC0B66E573E0A7
:1065600083EA91E10E9496781092FA0C10931E0231
:1065700010923B0D1092360D1092350D1092440D75
:106580001092450D1092460D1092470D1092400D3D
:106590001092410D1092420D1092430D1092F80B83
:1065A0001092F90B1092FA0B1092FB0B81E090E025
:1065B000909312028093110210923F0D85E090E0BB
:1065C00090932202809321028BEF9FEF9093A21170
:1065D0008093A1111092600C10925A0C1092500CE2
:1065E0001092550C1093200210920F0D1092F40B84
:1065F0001092F50B1092F60B1092F70B1092F00B15
:106600001092F10B1092F20B1092F30B1092EC0B14
:106610001092ED0B1092EE0B1092EF0B1092E80B14
:106620001092E90B1092EA0B1092EB0B1092FF0CF8
:106630001092000D1092010D1092020D1092E40BB9
:106640001092E50B1092E60B1092E70B1092E30B01
:106650001092E20B1092E10B1092E00B1092DF0B04
:106660001092DE0B1092DD0B1092DC0B1092DB0B04
:106670001092DA0B1092D90B1092D80B1092D70B04
:1066800010925B0C1092D60B1092D50B1092E70C67
:10669000EDEAFBE085ED9BE0119211928E179F07CA
:1066A000D9F781E080933C0D0E94E7168EE49FE0CD
:1066B0000E948C70892B09F44DC00E942C176EE447
:1066C0007FE0CE0101960E94B978CE0101960E942A
:1066D0006A77CE0101960E94C02F811165C2CE015A
:1066E00001960E94492F81115FC2CE0101960E943E
:1066F0001521811159C264E773E0CE0107960E940B
:10670000A878BE01695F7F4FCE0101960E94C777CE
:106710008C01CE0107960E94A0780F3F1F4F49F1D0
:106720000E944B840E9459178EE49FE00E948C7057
:10673000892B29F08EE49FE00E946A70F5CF1092B9
:106740003C0D89E180933E0D10923D0DCE010196E6
:106750000E94A0782C960FB6F894DEBF0FBECDBF76
:10676000DF91CF911F910F91FF90EF90DF90CF902D
:10677000089565E375E0CE0107960E94A878BE01F2
:10678000695F7F4FCE0101960E94C7778C01CE01D1
:1067900007960E94A0780F3F1F4F09F4E4C082E1E2
:1067A00080933E0D1092140D10923C0D81E0809369
:1067B00020021092E80C10924C0D1092460C89EEBB
:1067C00092E10E94DF7E83ED92E10E94DF7E89EEFE
:1067D00092E10E94967F83ED92E10E94967F0E9453
:1067E0002C176BEC74E181EB9EE00E94017A6AE069
:1067F00070E080E090E00E94547665EC74E184E102
:106800009EE00E94017A6AE070E080E090E00E94E1
:1068100054766FEB74E187E79DE00E94017A6AE0AD
:1068200070E080E090E00E94547669EB74E18DE6C0
:1068300093E10E94017A6AE070E080E090E00E94BB
:1068400054760E9487766B017C010E9487766C19D2
:106850007D098E099F096C3D75408105910548F4BD
:106860000E942C176AE070E080E090E00E9454766D
:10687000ECCF63EB74E181EB9EE00E94017A6AE069
:1068800070E080E090E00E9454766DEA74E184E16B
:106890009EE00E94017A6AE070E080E090E00E9451
:1068A000547667EA74E187E79DE00E94017A6AE026
:1068B00070E080E090E00E94547661EA74E18DE639
:1068C00093E10E94017A6AE070E080E090E00E942B
:1068D000547665E974E184E19EE00E94017A62E306
:1068E00070E080E090E00E9454766FE874E184E10B
:1068F0009EE00E94017A62E370E080E090E00E94F6
:10690000547662E874E184E19EE00E94017A6EE5CB
:1069100071E080E090E00E94547669E774E184E1E0
:106920009EE00E94017A68EC70E080E090E00E94B6
:1069300054760E942C1764E574E18EE49FE00E9477
:10694000017A66E573E08CE893E10E9496788EE424
:106950009FE00E948C70892B09F4F8CE8EE49FE0B2
:106960000E946A70F4CF6CE375E0CE0107960E9436
:10697000A878BE01695F7F4FCE0101960E94C7775C
:106980008C01CE0107960E94A0780F3F1F4F09F49B
:10699000FFC0E5E1FDE011922DE0EE31F207D9F7FD
:1069A0006EE474E181EB9EE00E94017A64E170E0A4
:1069B00080E090E00E94547668E474E184E19EE017
:1069C0000E94017A64E170E080E090E00E945476D9
:1069D00062E474E187E79DE00E94017A64E170E07F
:1069E00080E090E00E9454766CE374E18DE693E1E0
:1069F0000E94017A62E370E080E090E00E945476A9
:106A000066E374E18DE693E10E94017A89E20E94D7
:106A10002674892B31F06CE274E18EE49FE00E94D1
:106A2000017A88E20E942674892B31F463E274E1D2
:106A30008EE49FE00E94017A61E270E084E090E0E1
:106A40000E949C12882331F068E174E18EE49FE09B
:106A50000E94017A65E170E087E090E00E949C125C
:106A6000882331F060E174E18EE49FE00E94017AB6
:106A700062E470E085E090E00E949C12882331F08F
:106A800067E074E18EE49FE00E94017A64E170E0C7
:106A900081E090E00E949C12882331F06CEF73E15A
:106AA0008EE49FE00E94017A62E470E083E090E06F
:106AB0000E949C128823F1F062E470E090E080E094
:106AC0000E949C128823B1F062E470E081E090E0C3
:106AD0000E949C12882371F062E470E082E090E0F2
:106AE0000E949C12882331F062EF73E18EE49FE0F4
:106AF0000E94017A60E087E20E944F7460E084E2C5
:106B00000E944F7460E083E00E944F7460E084E074
:106B10000E944F7460E087E00E944F7460E085E25D
:106B20000E944F7460E08BE30E944F7460E08DE33D
:106B30000E944F740AEA12E088EBC82E82E0D82E39
:106B4000F801E190F1908F01C7010E94DF7EC7013B
:106B50000E94967FC016D10699F71092140D0E94DC
:106B600087766093100D7093110D8093120D9093A2
:106B7000130D8AE180933E0D8EE49FE00E948C709D
:106B8000892B09F4E3CD8EE49FE00E946A70F4CF74
:106B900062E475E0CE0101960E94FD77882349F0FA
:106BA0008CE390E00E94392FCE0101960E94A078DC
:106BB0007DCD64E575E0CE0101960E94FD778823C6
:106BC00019F082E290E0EECF64E675E0CE01019626
:106BD0000E94FD77882319F08AE390E0E3CF63E712
:106BE00075E0CE0101960E94FD77882319F089E3B4
:106BF00090E0D8CF64E875E0CE0101960E94FD7761
:106C0000882399F068EE73E18DE693E10E94017AA2
:106C100062E370E080E090E00E9454766EED73E1F4
:106C20008DE693E10E94017ABFCF62E975E0CE0163
:106C300001960E94FD77882329F064ED73E187E7D0
:106C40009DE0F0CF60EA75E0CE0101960E94FD77ED
:106C5000882319F08FE390E0A5CF64EB75E0CE01B7
:106C600001960E94FD77882319F08EE190E09ACF7B
:106C700069EC75E0CE0101960E94FD77882319F03A
:106C800081E490E08FCF6BED75E0CE0101960E941C
:106C9000FD77882329F06AEC73E181EB9EE0C2CF97
:106CA0006EEE75E0CE0101960E94FD77882319F003
:106CB00080E490E077CF6DEF75E0CE0101960E9401
:106CC000FD77882319F088E390E06CCF6EE076E0E2
:106CD000CE0101960E94FD7760EC73E1811114C032
:106CE0006FED73E0CE0101960E94FD7763EB73E1D7
:106CF00081110AC06FE176E0CE0101960E94FD7716
:106D0000882329F064EA73E184E19EE08BCF6EE290
:106D100076E0CE0101960E94FD77882309F49BC09E
:106D20000E9487766B017C016DE873E18EE49FE041
:106D30000E94DD798091590D90915A0DA0915B0DC3
:106D4000B0915C0D0097A105B10509F478C0B701B9
:106D5000A601481B590B6A0B7B0B81E090E0403386
:106D600055476105710508F080E00E94827964E86A
:106D700073E18EE49FE00E94DD798091550D909142
:106D8000560DA091570DB091580D0097A105B10572
:106D900009F458C0B701A601481B590B6A0B7B0BBD
:106DA00081E090E0403355476105710508F080E0CF
:106DB0000E9482796EE773E18EE49FE00E94DD79A4
:106DC0008091510D9091520DA091530DB091540DA1
:106DD0000097A105B105C9F1B701A601481B590BE0
:106DE0006A0B7B0B81E090E04033554761057105EC
:106DF00008F080E00E94827967E773E18EE49FE00B
:106E00000E94DD7980914D0D90914E0DA0914F0D16
:106E1000B091500D0097A105B105D1F0C81AD90A5B
:106E2000EA0AFB0A81E090E0F0E3CF16F5E7DF061F
:106E3000E104F10408F080E00E94B079B5CE80E072
:106E400090E093CF80E090E0B3CF80E090E0D2CFAD
:106E500080E090E0F1CFCE0101960E944D85811136
:106E6000A3CE18861F821A8619861C861B86698106
:106E70007A816115710531F04D815E81CE010796F1
:106E80000E946B78CE0107960E948484CE010796FB
:106E90000E94A07889CE8F929F92AF92BF92CF929C
:106EA000DF92EF92FF920F931F93CF93DF93CDB7B3
:106EB000DEB72C970FB6F894DEBF0FBECDBFE091C2
:106EC000B4128E2F90E0FC01EE0FFF1FE80FF91FA8
:106ED000E551F04F80818F7B808311E08EE49FE04D
:106EE0000E948C70892B09F4DAC06EE47FE0CE0139
:106EF00007960E94B978CE0107960E946A776BE3E5
:106F000076E0CE0107960E94FD77882309F4A2C09F
:106F100067E673E18EE49FE00E94017A10E000E0F2
:106F20008EE49FE00E948C70892B11F16EE47FE06B
:106F3000CE0101960E94B978CE0101960E946A772F
:106F400064E773E0CE0101960E94FD77882361F02B
:106F50000E9459170E94A83089E180933E0DCE010E
:106F600001960E94A0785FC0CE0101960E94A07891
:106F7000812C912C5401F12CE12C209101133091A2
:106F80000213E216F306D8F450E040E0C501B40164
:106F90000E94889EC801820F931F0E94AD720E94BA
:106FA000B97E9B01AC01B7018FEF92E10E942A7F6D
:106FB0002FEFE21AF20A8FEFA81AB80ADECF8FEF8E
:106FC00092E10E94967F64E170E080E090E00E9490
:106FD0005476045D1D4F0039110509F0A1CF61E021
:106FE00084E20E944F7461E087E00E944F7482E265
:106FF00090E00E9490171FEF612F8FEF92E10E94A7
:10700000E87E8FEF92E10E94967F62E070E080E080
:1070100090E00E9454761150113371F780913E0D2B
:107020008F5F80933E0DCE0107960E94A0782C962C
:107030000FB6F894DEBF0FBECDBFDF91CF911F9189
:107040000F91FF90EF90DF90CF90BF90AF909F9007
:107050008F90089564E773E0CE0107960E94FD7754
:10706000882331F00E9459170E94A83089E1D9CFB6
:107070006DEB73E0CE0107960E94FD7781111092AF
:107080001F0265EC73E0CE0107960E94FD77811127
:1070900010931F02CE0107960E94A0781FCF809107
:1070A000690D813009F44AC108F46FC0823009F4D7
:1070B00098C1833009F404C48EE49FE00E948C7070
:1070C000892B11F40C943F446EE47FE0CE010796C7
:1070D0000E94B978CE0107960E946A776BE376E04A
:1070E000CE0107960E94FD77882311F40C941F446B
:1070F00067E573E18EE49FE00E94017A10E000E012
:107100008EE49FE00E948C70892BB1F06EE47FE0EA
:10711000CE0101960E94B978CE0101960E946A774D
:1071200064E773E0CE0101960E94FD77811110CFD4
:10713000CE0101960E94A078F12CE12C812C912C9B
:1071400054012091011330910213E216F30610F05E
:107150000C94EA4350E040E0C501B4010E94889ECF
:10716000C801820F931F0E94AD720E94B97E9B01DD
:10717000AC01B7018FEF92E10E942A7FFFEFEF1A77
:10718000FF0A2FEFA21AB20ADCCF0E948776009185
:107190008D0B10918E0B20918F0B3091900B601BFB
:1071A000710B820B930B6E3171058105910508F40B
:1071B00083CF0E94877660938D0B70938E0B8093A4
:1071C0008F0B9093900B8BE10E9426748C01892B7E
:1071D00039F520E030E04AEF50E0B8018FEF92E15E
:1071E0000E942A7F0F5F1F4F0430110591F78FEF28
:1071F00092E10E94967F88E10E94267404E010E0EC
:10720000892BF1F020E030E0A901B8018FEF92E185
:107210000E942A7F0F5F1F4F0830110599F71EC08B
:1072200010E000E020E030E0A901B8018FEF92E12A
:107230000E942A7F0F5F1F4F0430110599F7D7CFA7
:1072400020E030E04AEF50E0B8018FEF92E10E9479
:107250002A7F0F5F1F4F0830110591F78FEF92E1E2
:107260000E94967F87E10E94267408E010E0892B37
:1072700071F020E030E0A901B8018FEF92E10E94A7
:107280002A7F0F5F1F4F0C30110599F70EC020E0C9
:1072900030E04AEF50E0B8018FEF92E10E942A7F80
:1072A0000F5F1F4F0C30110591F78FEF92E10E9495
:1072B000967F89E10E9426740CE010E0892B71F022
:1072C00020E030E0A901B8018FEF92E10E942A7F0F
:1072D0000F5F1F4F0031110599F70EC020E030E01D
:1072E0004AEF50E0B8018FEF92E10E942A7F0F5FD2
:1072F0001F4F0031110591F78FEF92E10E94967FA9
:107300008BE10E942674892B09F4D6CE88E10E9475
:107310002674892B09F4D0CE87E10E942674892B2C
:1073200009F4CACE89E10E942674892B09F4C4CEDF
:107330008091690D8F5F8093690DBECE0E94877624
:107340000091910B1091920B2091930B3091940B23
:10735000601B710B820B930B6E31710581059105DA
:1073600008F4AACE0E9487766093910B7093920BDB
:107370008093930B9093940B10E000E02AEF3AEF88
:107380004AEF50E0B8018FEF92E10E942A7F0F5F31
:107390001F4F0031110591F78FEF92E10E94967F08
:1073A0008BE10E942674892B09F486CE88E10E9425
:1073B0002674892B09F480CE87E10E942674892BDC
:1073C00009F47ACE89E10E942674892B09F474CEDF
:1073D0008091690D8F5F8093690D8AEF80932A0CED
:1073E0006BCE8BE10E942674892B09F0FAC088E1EC
:1073F0000E942674892B09F0F4C087E10E9426744C
:10740000892B09F0EEC089E10E9426748C01892B3A
:1074100009F0E7C08091A00B811109C06FEC72E107
:107420008EE49FE00E94017A81E08093A00B0E948D
:107430008776C0909C0BD0909D0BE0909E0BF090B7
:107440009F0B6C197D098E099F096C3B7240810569
:10745000910508F431CE0E948776C090980BD090A9
:10746000990BE0909A0BF0909B0B6C197D098E099B
:107470009F09653071058105910508F475C08091FB
:107480002A0C9091970B9111C3C0815080932A0CC4
:10749000811103C081E08093970B8091960B81113D
:1074A00032C08091280C823009F4C3C0833009F4C3
:1074B000E5C0813041F5A0E1EA2EF12C20912A0CA3
:1074C000822F90E0B0E0A0E0AC013327222788248F
:1074D000982EA92EBA2E282939294A295B29282B2A
:1074E000392B4A2B5B2BB7018FEF92E10E942A7F49
:1074F000FFEFEF1AFF0A24E1E216F104F9F68FEF2D
:1075000092E10E94967FF12CE12C20912A0C822F8F
:1075100090E0B0E0A0E0AC01332722278824982E29
:10752000A92EBA2E282939294A295B29282B392B3B
:107530004A2B5B2BB7018FEF92E10E942A7F8FEFDE
:10754000E81AF80AE0E1EE16F104F9F68FEF92E19D
:107550000E94967F0E9487766093980B7093990B98
:1075600080939A0B90939B0B8091950B823009F03E
:10757000A3CD1092970B8AEF80932A0C1092950B53
:107580000E9487766093A90B7093AA0B8093AB0B34
:107590009093AC0B1092470C1092270C8091280C02
:1075A000813009F4CDC008F48EC0823009F401C1E5
:1075B000833009F437C11092290C81E080930A02CC
:1075C0001092260C1092250C1092210C1092220C75
:1075D0001092230C1092240C1092960B1092A00B78
:1075E000A7CE80912A0C811156C110922A0C1092BC
:1075F000A00B1092970B1092950B0E9487766093C8
:107600009C0B70939D0B80939E0B90939F0B54CD7E
:1076100091E09093960B8F5F80932A0C8A3F09F03C
:1076200072CF1092970B8091950B8F5F8093950B83
:1076300034CF74E1E72EF12C20912A0C822F90E0B8
:10764000B0E0A0E0AC01332722278824982EA92E91
:10765000BA2E282939294A295B29282B392B4A2B6C
:107660005B2BB7018FEF92E10E942A7F8FEFE81A20
:10767000F80AE8E1EE16F104F9F641CFF8E1EF2E51
:10768000F12C20912A0C822F90E0B0E0A0E0AC0118
:10769000332722278824982EA92EBA2E2829392963
:1076A0004A295B29282B392B4A2B5B2BB7018FEFFB
:1076B00092E10E942A7FFFEFEF1AFF0A2CE1E21607
:1076C000F104F9F61CCF20E03AEF40E050E0B801B9
:1076D0008FEF92E10E942A7F0F5F1F4F0430110548
:1076E00091F720E030E04AEF50E0B8018FEF92E1EF
:1076F0000E942A7F0F5F1F4F0830110591F72AEF74
:1077000030E040E050E0B8018FEF92E10E942A7F24
:107710000F5F1F4F0C30110591F720E03AEF4AEF51
:1077200050E0B8018FEF92E10E942A7F0F5F1F4F58
:107730000031110591F78FEF92E10E94967F3BCFC8
:1077400020E03AEF4AEF50E0B8018FEF92E10E945B
:107750002A7F0F5F1F4F0430110591F72AEF30E0A9
:1077600040E050E0B8018FEF92E10E942A7F0F5F66
:107770001F4F0830110591F720E03AEF40E050E04C
:10778000B8018FEF92E10E942A7F0F5F1F4F0C30EC
:10779000110591F720E030E04AEF50E0B8018FEF9B
:1077A00092E10E942A7F0F5F1F4F0031110591F770
:1077B000C2CF2AEF30E040E050E0B8018FEF92E115
:1077C0000E942A7F0F5F1F4F0430110591F720E0C0
:1077D0003AEF40E050E0B8018FEF92E10E942A7F3B
:1077E0000F5F1F4F0830110591F720E030E04AEF9E
:1077F00050E0B8018FEF92E10E942A7F0F5F1F4F88
:107800000C30110591F720E03AEF4AEF50E0B80153
:107810008FEF92E10E942A7F0F5F1F4F0031110509
:1078200091F789CF20E030E04AEF50E0B8018FEFC8
:1078300092E10E942A7F0F5F1F4F0430110591F7DC
:1078400020E03AEF4AEF50E0B8018FEF92E10E945A
:107850002A7F0F5F1F4F0830110591F720E03AEFA4
:1078600040E050E0B8018FEF92E10E942A7F0F5F65
:107870001F4F0C30110591F72AEF30E040E050E047
:10788000B8018FEF92E10E942A7F0F5F1F4F0031F6
:10789000110591F750CF10E000E02AEF3AEF4AEFE0
:1078A00050E0B8018FEF92E10E942A7F0F5F1F4FD7
:1078B0000031110591F78FEF92E10E94967F95CEEE
:1078C0008091470C811102C10E9487760091A90B1B
:1078D0001091AA0B2091AB0B3091AC0BAB01BC010A
:1078E000401B510B620B730BE091280CF0E0EE0F84
:1078F000FF1FEB57FD4F80819181092E000CAA0BD1
:10790000BB0B481759076A077B0708F4D5CB0E94C1
:10791000877600911D0C10911E0C20911F0C309148
:10792000200C601B710B820B930B65307105810578
:10793000910508F4C1CB8091280CE82FF0E0EE0F00
:10794000FF1FE358FD4F90912A0C2081921B9093CA
:107950002A0C8823A9F0833009F467C00E94877637
:1079600060931D0C70931E0C80931F0C9093200C41
:1079700080912A0C8111A0CB81E08093470C9CCB95
:1079800010E000E020912A0C30E050E040E0542F5D
:10799000432F322F2227B8018FEF92E10E942A7FD6
:1079A0000F5F1F4F0430110569F720912A0C30E05A
:1079B00050E040E0A90133272227B8018FEF92E180
:1079C0000E942A7F0F5F1F4F0830110571F7209129
:1079D0002A0C30E050E040E0B8018FEF92E10E94C5
:1079E0002A7F0F5F1F4F0C30110589F780912A0CF9
:1079F00090E0B0E0A0E0AC0133272227BA2FA92FF6
:107A0000982F8827282B392B4A2B5B2BB8018FEF17
:107A100092E10E942A7F0F5F1F4F0031110531F75D
:107A20008FEF92E10E94967F99CF10E000E02091C5
:107A30002A0C30E050E040E0A90133272227B801AA
:107A40008FEF92E10E942A7F0F5F1F4F04301105D4
:107A500071F780912A0C90E0B0E0A0E0AC013327F0
:107A60002227BA2FA92F982F8827282B392B4A2B6A
:107A70005B2BB8018FEF92E10E942A7F0F5F1F4FAF
:107A80000830110531F720912A0C30E050E040E039
:107A9000542F432F322F2227B8018FEF92E10E94FB
:107AA0002A7F0F5F1F4F0C30110569F720912A0CB8
:107AB00030E050E040E0B8018FEF92E10E942A7F71
:107AC0000F5F1F4F0031110589F7AACF8091280C55
:107AD000882309F4AFC1833009F0EECA8091270CE6
:107AE00000E110E08111C4C40E9487760091A50BCB
:107AF0001091A60B2091A70B3091A80B601B710B66
:107B0000820B930B683E73408105910508F447C1D1
:107B10000E9487764091280C50E00091210C109132
:107B2000220C2091230C3091240C6B017C01C01A93
:107B3000D10AE20AF30A97018601CA01880F991F48
:107B4000FC01EB58FD4F40815181052E000C660B66
:107B5000770B041715072607370708F420C1209173
:107B6000290C21113BC02091250C3091260C835902
:107B70009D4FFC018081918140910A02442309F4C8
:107B800039C4820F931F9093260C8093250C8F3F4E
:107B9000910511F410920A0200E110E02091250CE9
:107BA00030E050E040E0A90133272227B8018FEFF1
:107BB00092E10E942A7F0F5F1F4F0431110571F778
:107BC0008FEF92E10E94967F0E9487766093210C4E
:107BD0007093220C8093230C9093240C2091290CF9
:107BE0002130E1F58091250C9091260CE091280C34
:107BF000F0E0EE0FFF1FE359FD4F408151813091BE
:107C00000A02332309F405C4840F951F9093260CB0
:107C10008093250C8F3F910511F410920A0204E124
:107C200010E02091250C30E050E040E0B8018FEFEB
:107C300092E10E942A7F0F5F1F4F0831110589F7DB
:107C40008FEF92E10E94967F0E9487766093210CCD
:107C50007093220C8093230C9093240C8091290C18
:107C6000823009F047C08091250C9091260CE0915C
:107C7000280CF0E0EE0FFF1FE359FD4F208131810A
:107C800040910A02442309F4D3C3820F931F9093B7
:107C9000260C8093250C8F3F910511F410920A0257
:107CA00008E110E08091250C90E0B0E0A0E0AC018C
:107CB00033272227BA2FA92F982F8827282B392B33
:107CC0004A2B5B2BB8018FEF92E10E942A7F0F5F56
:107CD0001F4F0C31110531F78FEF92E10E94967F13
:107CE0000E9487766093210C7093220C8093230C62
:107CF0009093240C8091290C833009F040C080912E
:107D0000250C9091260CE091280CF0E0EE0FFF1F5F
:107D1000E359FD4F2081318140910A02442309F447
:107D200097C3820F931F9093260C8093250C8F3F4F
:107D3000910511F410920A020CE110E02091250C3B
:107D400030E050E040E0542F432F322F2227B8017B
:107D50008FEF92E10E942A7F0F5F1F4F00321105C3
:107D600069F78FEF92E10E94967F0E948776609379
:107D7000210C7093220C8093230C9093240C8091FF
:107D8000290C843061F40E9487766093A50B709370
:107D9000A60B8093A70B9093A80B1092290C11E0CF
:107DA0008EE49FE00E948C70892B09F4D2C36EE4AC
:107DB0007FE0CE0101960E94B978CE0101960E9423
:107DC0006A776BE376E0CE0101960E94FD77882307
:107DD00009F49AC367E473E18EE49FE00E94017A9C
:107DE00010E000E0F12CE12C812C912C5401209129
:107DF000011330910213E216F30608F04BC350E072
:107E000040E0C501B4010E94889EC801820F931F03
:107E10000E94AD720E94B97E9B01AC01B7018FEF49
:107E200092E10E942A7FFFEFEF1AFF0A2FEFA21ABA
:107E3000B20ADDCF8091270C00E110E0811115C25C
:107E40000E9487760091A10B1091A20B2091A30BA9
:107E50003091A40B601B710B820B930B683E734037
:107E60008105910508F448C10E9487762091280C6D
:107E7000422F50E00091210C1091220C2091230CF4
:107E80003091240C6B017C01C01AD10AE20AF30A7A
:107E900097018601CA01880F991FFC01EB58FD4F1D
:107EA00040815181052E000C660B770B04171507D6
:107EB0002607370708F420C12091290C211143C05F
:107EC00083599D4FFC012081318140910A028091AC
:107ED000250C9091260C442309F489C1820F931F2D
:107EE0009093260C8093250C8F3F910511F41092EE
:107EF0000A0200E110E08091250C90E0B0E0A0E0E3
:107F0000AC0133272227BA2FA92F982F8827282B97
:107F1000392B4A2B5B2BB8018FEF92E10E942A7F0D
:107F20000F5F1F4F0431110531F78FEF92E10E946F
:107F3000967F0E9487766093210C7093220C809329
:107F4000230C9093240C4091290C413009F03FC040
:107F50008091250C9091260CE091280CF0E0EE0F1A
:107F6000FF1FE359FD4F2081318150910A025523B3
:107F700009F44CC1820F931F9093260C8093250C1B
:107F80008F3F910511F410920A0204E110E0209154
:107F9000250C30E050E040E0A90133272227B8014A
:107FA0008FEF92E10E942A7F0F5F1F4F083111056A
:107FB00071F78FEF92E10E94967F0E94877660931F
:107FC000210C7093220C8093230C9093240C8091AD
:107FD000290C823009F040C08091250C9091260C2C
:107FE000E091280CF0E0EE0FFF1FE359FD4F2081D8
:107FF000318140910A02442309F417C1820F931F73
:108000009093260C8093250C8F3F910511F41092CC
:108010000A0208E110E02091250C30E050E040E039
:10802000542F432F322F2227B8018FEF92E10E9465
:108030002A7F0F5F1F4F0C31110569F78FEF92E117
:108040000E94967F0E9487766093210C7093220C89
:108050008093230C9093240C8091290C8330E1F5BC
:108060008091250C9091260CE091280CF0E0EE0F09
:10807000FF1FE359FD4F2081318140910A024423C3
:1080800009F4E3C0820F931F9093260C8093250C74
:108090008F3F910511F410920A020CE110E020913B
:1080A000250C30E050E040E0B8018FEF92E10E94F3
:1080B0002A7F0F5F1F4F0032110589F78FEF92E182
:1080C0000E94967F0E9487766093210C7093220C09
:1080D0008093230C9093240C8091290C843061F4BC
:1080E0000E9487766093A10B7093A20B8093A30BE1
:1080F0009093A40B1092290C8091270C813009F4E5
:10810000FBC008F4C4C0823009F430C1833011F0E0
:108110000C945C3887E10E942674892B09F45CC1B9
:108120000E9487760091610D1091620D2091630D80
:108130003091640D601B710B820B930B64367105DB
:108140008105910508F452C11092260C1092250C5D
:10815000C12CD12C76015601992488248C289D2885
:10816000AE28BF28BE2DAD2D9C2D8827882A992AA0
:10817000AA2ABB2A00E110E0A5019401B8018FEF03
:1081800092E10E942A7F0F5F1F4F08311105A1F76E
:1081900020E030E0A901B8018FEF92E10E942A7F30
:1081A0000F5F1F4F0032110599F78FEF92E10E9488
:1081B000967F62E070E080E090E00E945476FFEFEE
:1081C000CF1ADF0AEF0AFF0AC11421E0D206E10448
:1081D000F10409F66DED72E18EE49FE00E94017AF0
:1081E00083E08093280C1092690D0C945C38821BFC
:1081F000930B9093260C8093250C892B09F079CE54
:1082000081E080930A028093290C73CE821B930B2A
:108210009093260C8093250C892B09F0B6CE4093C1
:108220000A0282E08093290CB0CE821B930B9093BC
:10823000260C8093250C892B09F0EBCE81E08093EE
:108240000A0283E08093290CE4CE821B930B909367
:10825000260C8093250C892B09F01FCF81E0809399
:108260000A0284E08093290C18CF20E030E0A901B5
:10827000B8018FEF92E10E942A7F8FEF92E10E9476
:10828000967F0F5F1F4F0032110579F735CF89E1D7
:108290000E942674892B29F10E94877600915D0D3A
:1082A00010915E0D20915F0D3091600D601B710B80
:1082B000820B930B643671058105910558F063E0DC
:1082C00073E18EE49FE00E94017A8091270C8F5F1A
:1082D0008093270C40E061E081E00E9468800C946C
:1082E0005C380E94877660935D0D70935E0D80937D
:1082F0005F0D9093600DEECF88E10E942674892B6C
:1083000051F10E9487760091650D1091660D2091C4
:10831000670D3091680D601B710B820B930B6436F7
:1083200071058105910558F066EF72E18EE49FE0DA
:108330000E94017A8091270C8F5F8093270C40E088
:1083400060E081E00E94688041E060E080E00E949F
:1083500070820C945C380E9487766093650D7093F0
:10836000660D8093670D9093680DE9CF8BE10E94B5
:108370002674892B31F10E94877600916A0D109145
:108380006B0D20916C0D30916D0D601B710B820B8C
:10839000930B643671058105910558F069EE72E121
:1083A0008EE49FE00E94017A8091270C8F5F80937A
:1083B000270C40E060E080E00E94688041E061E0DE
:1083C000C5CF0E94877660936A0D70936B0D809382
:1083D0006C0D90936D0DEDCF0E9487766093610DCB
:1083E0007093620D8093630D9093640D41E061E0A2
:1083F00081E0ADCF281B390B3093260C2093250C40
:10840000232B09F0C9CB81E080930A028093290CC9
:10841000C3CB841B950B9093260C8093250C892B42
:1084200009F0FDCB20930A0282E08093290CF7CB60
:10843000821B930B9093260C8093250C892B09F0BB
:108440002FCC81E080930A0283E08093290C28CC12
:10845000821B930B9093260C8093250C892B09F09B
:108460006BCC81E080930A0284E08093290C64CC79
:1084700020E030E0A901B8018FEF92E10E942A7F4D
:108480008FEF92E10E94967F0F5F1F4F0032110520
:1084900079F785CC8FEF92E10E94967F64E170E0DE
:1084A00080E090E00E945476045D1D4F0039110574
:1084B00009F098CC61E084E20E944F7461E087E0AB
:1084C0000E944F7482E290E00E9490171FEF612F8C
:1084D0008FEF92E10E94E87E8FEF92E10E94967FFB
:1084E00062E070E080E090E00E9454761150113319
:1084F00071F780913E0D8F5F80933E0DCE01019606
:108500000E94A0780C945C3864E773E0CE01019679
:108510000E94FD77882331F00E9459170E94A830ED
:1085200089E1EACF6DEB73E0CE0101960E94FD7701
:10853000811110921F0265EC73E0CE0101960E943A
:10854000FD77811110931F02CE0101960E94A07841
:1085500027CC8091270C813009F489C008F455C0DC
:10856000823009F4BAC0833011F00C945C3887E192
:108570000E942674892B09F42FCF0E9487760091E0
:10858000610D1091620D2091630D3091640D601B9F
:10859000710B820B930B643671058105910508F40C
:1085A00025CF1092260C1092250C60E173E18EE429
:1085B0009FE00E94017A10E000E0F12CE12C812C78
:1085C000912C54012091011330910213E216F3060D
:1085D00008F0B8C050E040E0C501B4010E94889E98
:1085E000C801820F931F0E94AD720E94B97E9B0149
:1085F000AC01B7018FEF92E10E942A7F8FEFE81A5A
:10860000F80AEFEFAE1ABE0ADDCF8BE10E942674A6
:10861000892B11F10E94877600916A0D10916B0DE4
:1086200020916C0D30916D0D601B710B820B930BC3
:10863000643671058105910558F06AE373E18EE4B3
:108640009FE00E94017A8091270C8F5F8093270C16
:1086500041E061E080E041CE0E94877660936A0D40
:1086600070936B0D80936C0D90936D0DF1CF89E13C
:108670000E942674892B31F10E94877600915D0D4E
:1086800010915E0D20915F0D3091600D601B710B9C
:10869000820B930B643671058105910558F06DE2EC
:1086A00073E18EE49FE00E94017A8091270C8F5F36
:1086B0008093270C40E061E080E00E94688040E009
:1086C00060E096CE0E94877660935D0D70935E0D9C
:1086D00080935F0D9093600DEDCF88E10E9426742A
:1086E000892B29F10E9487760091650D1091660D06
:1086F0002091670D3091680D601B710B820B930BFD
:10870000643671058105910558F060E273E18EE4ED
:108710009FE00E94017A8091270C8F5F8093270C45
:1087200040E060E080E00E94688041E0C9CF0E94A4
:1087300087766093650D7093660D8093670D9093B7
:10874000680DEECF8FEF92E10E94967F64E170E0BA
:1087500080E090E00E945476045D1D4F00391105C1
:1087600009F02BCF8091280C8F5F8093280C1092FA
:10877000690D1FEF612F8FEF92E10E94E87E8FEF6E
:1087800092E10E94967F62E070E080E090E00E94BB
:1087900054761150113371F782E290E00E949017E5
:1087A00080913E0D8F5F80933E0D8091070D9091DB
:1087B000080DA091090DB0910A0D0196A11DB11DE2
:1087C0008093070D9093080DA093090DB0930A0DA7
:1087D0000C945C388FEF92E10E94967F64E170E028
:1087E00080E090E00E945476045D1D4F0039110531
:1087F00011F00C94803861E084E20E944F7461E0D3
:1088000087E00E944F7482E290E00E9490171FEF71
:10881000612F8FEF92E10E94E87E8FEF92E10E943C
:10882000967F62E070E080E090E00E945476115004
:10883000113371F780913E0D8F5F80933E0D64E799
:1088400073E0CE0107960E94FD7781110C943238B7
:108850006DEB73E0CE0107960E94FD7781111092B7
:108860001F0265EC73E0CE0107960E94FD77882316
:1088700019F081E080931F02CE01079641CE0E943D
:108880009A290C9417380F931F93CF93DF9300D03E
:1088900000D0CDB7DEB78091F80C9091F90C8530FF
:1088A000910509F089C00E9487760091890B10918B
:1088B0008A0B20918B0B30918C0B601B710B820B00
:1088C000930B603A7F408105910568F080E490E069
:1088D0000E9490171092880B1092870B80913E0D8A
:1088E0008F5F80933E0D11E08EE49FE00E948C70BC
:1088F000892B09F454C06EE47FE0CE0101960E94FA
:10890000B978CE0101960E946A776BE476E0CE01D9
:1089100001960E94FD77882349F080E490E00E9450
:108920009017CE0101960E94A078DECF65E576E033
:10893000CE0101960E94FD77882339F061EC72E147
:1089400081EB9EE00E94017AECCF64E773E0CE01F8
:1089500001960E94FD77882361F00E9459170E94BA
:10896000A83089E180933E0DCE0101960E94A07847
:1089700018C06DEB73E0CE0101960E94FD7788234D
:1089800019F010921F02CDCF65EC73E0CE01019675
:108990000E94FD77882329F210931F02C2CF0E9404
:1089A0009A2926960FB6F894DEBF0FBECDBFDF9191
:1089B000CF911F910F9108958230910509F496C5CA
:1089C0000CF08FC0009709F431C2019709F4DBC3A2
:1089D00005E010E08EE49FE00E948C70892BF9F294
:1089E0006EE47FE0CE0101960E94B978CE01019637
:1089F0000E946A77BE016F5F7F4F8EE49FE00E9406
:108A0000C0796BE476E0CE0101960E94FD77882361
:108A100049F080E490E00E94901780913E0D8F5FB6
:108A200080933E0D60E576E0CE0101960E94FD77D1
:108A3000882311F11093F90C0093F80C68EB72E1A4
:108A40008EE49FE00E94017A20E03FEF4FEF50E07C
:108A500070E060E087E593E10E942A7F87E593E17B
:108A60000E94967F0E9487766093890B70938A0B91
:108A700080938B0B90938C0B63E676E0CE0101968E
:108A80000E94FD77882361F061E084E00E944F74CA
:108A90008AE390E00E9490171092F90C1092F80C63
:108AA00064E773E0CE0101960E94FD77811155CFF6
:108AB0006DEB73E0CE0101960E94FD77811110925B
:108AC0001F0265EC73E0CE0101960E94FD778823BA
:108AD00019F081E080931F02CE0101960E94A078D8
:108AE00079CF8330910509F4B4C6049709F070CFAB
:108AF00062E470E082E090E00E949C1281110C948C
:108B0000DF4D8091E30B81112AC00E94877600918E
:108B1000F40B1091F50B2091F60B3091F70B601BC5
:108B2000710B820B930B623371058105910598F0EF
:108B30006EEA72E18EE49FE00E94017A81E0809308
:108B4000E30B0E9487766093F40B7093F50B809390
:108B5000F60B9093F70B8091E30B882391F18091B2
:108B6000DF0B81112EC00E9487760091F40B1091CB
:108B7000F50B2091F60B3091F70B601B710B820BFC
:108B8000930B603D774081059105D8F081E080939B
:108B9000DF0B81E090E09093F90C8093F80C65EA8C
:108BA00072E18EE49FE00E94017A6AE972E18EE44C
:108BB0009FE00E94017A6EE872E18EE49FE00E94DD
:108BC000017A62E470E090E080E00E949C128111E2
:108BD0000C94EF4D8091E20B81112AC00E948776A0
:108BE0000091F00B1091F10B2091F20B3091F30BEF
:108BF000601B710B820B930B62337105810591052C
:108C000098F064E872E18EE49FE00E94017A81E0CE
:108C10008093E20B0E9487766093F00B7093F10BC8
:108C20008093F20B9093F30B8091E20B882351F128
:108C30008091DE0B811126C00E9487760091F00B97
:108C40001091F10B2091F20B3091F30B601B710B23
:108C5000820B930B603D77408105910598F010924F
:108C6000F90C1092F80C6BE772E18EE49FE00E9421
:108C7000017A60E772E18EE49FE00E94017A81E070
:108C80008093DE0B62E470E083E090E00E949C122F
:108C90008111B4C78091E10B81112AC00E948776AF
:108CA0000091EC0B1091ED0B2091EE0B3091EF0B3E
:108CB000601B710B820B930B62337105810591056B
:108CC00098F066E672E18EE49FE00E94017A81E00E
:108CD0008093E10B0E9487766093EC0B7093ED0B11
:108CE0008093EE0B9093EF0B8091E10B882351F171
:108CF0008091DD0B811126C00E9487760091EC0BDC
:108D00001091ED0B2091EE0B3091EF0B601B710B6E
:108D1000820B930B603D77408105910598F010928E
:108D2000F90C1092F80C6DE572E18EE49FE00E9460
:108D3000017A62E572E18EE49FE00E94017A81E0AF
:108D40008093DD0B62E470E081E090E00E949C1271
:108D5000811163C78091E00B81112BC00E9487763F
:108D60000091E80B1091E90B2091EA0B3091EB0B8D
:108D7000601B710B820B930B6233710581059105AA
:108D800098F068E472E18EE49FE00E94017A81E04D
:108D90008093E00B0E9487766093E80B7093E90B59
:108DA0008093EA0B9093EB0B8091E00B882309F4FE
:108DB0000FCE8091DC0B81110BCE0E948776009143
:108DC000E80B1091E90B2091EA0B3091EB0B601B43
:108DD000710B820B930B603D77408105910508F480
:108DE000F7CD85E090E09093F90C8093F80C6FE359
:108DF00072E18EE49FE00E94017A20E03FEF4FEFA6
:108E000050E070E060E087E593E10E942A7F87E50B
:108E100093E10E94967F0E9487766093890B7093FE
:108E20008A0B80938B0B90938C0B7CC162E470E077
:108E300082E090E00E949C12811178C18091E30B46
:108E400081112AC00E9487760091F40B1091F50BD6
:108E50002091F60B3091F70B601B710B820B930B7B
:108E6000623371058105910598F066EA70E18EE440
:108E70009FE00E94017A81E08093E30B0E94877655
:108E80006093F40B7093F50B8093F60B9093F70BB4
:108E90008091E30B882361F18091DF0B811128C061
:108EA0000E9487760091F40B1091F50B2091F60B40
:108EB0003091F70B601B710B820B930B603D774079
:108EC00081059105A8F081E090E09093F90C8093E2
:108ED000F80C6DE970E18EE49FE00E94017A61E98F
:108EE00070E18EE49FE00E94017A81E08093DF0BC5
:108EF00062E470E090E080E00E949C12811125C144
:108F00008091E20B81112AC00E9487760091F00BBC
:108F10001091F10B2091F20B3091F30B601B710B50
:108F2000820B930B623371058105910598F067E818
:108F300070E18EE49FE00E94017A81E08093E20B71
:108F40000E9487766093F00B7093F10B8093F20B85
:108F50009093F30B8091E20B882351F18091DE0B0B
:108F6000811126C00E9487760091F00B1091F10BC1
:108F70002091F20B3091F30B601B710B820B930B62
:108F8000603D77408105910598F01092F90C1092A0
:108F9000F80C6EE770E18EE49FE00E94017A63E7CF
:108FA00070E18EE49FE00E94017A81E08093DE0B05
:108FB00062E470E083E090E00E949C128111D4C0D2
:108FC0008091E10B81112AC00E9487760091EC0B01
:108FD0001091ED0B2091EE0B3091EF0B601B710B9C
:108FE000820B930B623371058105910598F069E658
:108FF00070E18EE49FE00E94017A81E08093E10BB2
:109000000E9487766093EC0B7093ED0B8093EE0BD0
:109010009093EF0B8091E10B882351F18091DD0B50
:10902000811126C00E9487760091EC0B1091ED0B08
:109030002091EE0B3091EF0B601B710B820B930BA9
:10904000603D77408105910598F01092F90C1092DF
:10905000F80C60E670E18EE49FE00E94017A65E51D
:1090600070E18EE49FE00E94017A81E08093DD0B45
:1090700062E470E081E090E00E949C128111CDC515
:109080008091E00B811126C00E9487760091E80B49
:109090001091E90B2091EA0B3091EB0B601B710BE7
:1090A000820B930B623371058105910598F06BE497
:1090B00070E18EE49FE00E94017A81E08093E00BF2
:1090C0000E9487766093E80B7093E90B8093EA0B1C
:1090D0009093EB0B0E9487760091E80B1091E90BBF
:1090E0002091EA0B3091EB0B601B710B820B930B01
:1090F000603D77408105910508F46ACC8091DC0BD6
:10910000811166CC1092F90C1092F80C62E470E1B7
:109110008EE49FE00E94017A67E370E18EE49FE0B5
:109120000E94017A81E08093DC0B52CC1092DF0B1D
:109130001092E30B0E9487766093F40B7093F50B0B
:109140008093F60B9093F70BD3CE1092E20B109214
:10915000DE0B0E9487766093F00B7093F10B809387
:10916000F20B9093F30B24CF1092E10B1092DD0BD6
:109170000E9487766093EC0B7093ED0B8093EE0B5F
:109180009093EF0B75CF62E470E082E090E00E9474
:109190009C1281118AC18091E30B81112AC00E9427
:1091A00087760091F40B1091F50B2091F60B30911E
:1091B000F70B601B710B820B930B623371058105FA
:1091C000910598F06BE271E18EE49FE00E94017AD4
:1091D00081E08093E30B0E9487766093F40B709399
:1091E000F50B8093F60B9093F70B8091E30B88239C
:1091F000F1F18091DF0B81113AC00E9487760091D6
:10920000F40B1091F50B2091F60B3091F70B601BCE
:10921000710B820B930B603D77408105910538F10E
:1092200081E08093DF0B81E090E09093F90C8093D4
:10923000F80C62E271E18EE49FE00E94017A67E13E
:1092400071E18EE49FE00E94017A6BE071E18EE4AF
:109250009FE00E94017A1092E30B0E948776609350
:10926000F40B7093F50B8093F60B9093F70B62E47D
:1092700070E090E080E00E949C12811119C1809101
:10928000E20B81112AC00E9487760091F00B1091A9
:10929000F10B2091F20B3091F30B601B710B820BE1
:1092A000930B623371058105910598F061E071E1DE
:1092B0008EE49FE00E94017A81E08093E20B0E949D
:1092C00087766093F00B7093F10B8093F20B909381
:1092D000F30B8091E20B882361F18091DE0B811109
:1092E00028C00E9487760091F00B1091F10B20911D
:1092F000F20B3091F30B601B710B820B930B603DF3
:10930000774081059105A8F082E090E09093F90CF8
:109310008093F80C68EF70E18EE49FE00E94017A80
:109320006CEE70E18EE49FE00E94017A81E0809310
:10933000DE0B62E470E083E090E00E949C128111F9
:10934000C6C08091E10B81112AC00E9487760091EE
:10935000EC0B1091ED0B2091EE0B3091EF0B601B9D
:10936000710B820B930B623371058105910598F0A7
:1093700062EE70E18EE49FE00E94017A81E08093CA
:10938000E10B0E9487766093EC0B7093ED0B80935A
:10939000EE0B9093EF0B8091E10B882351F18091BC
:1093A000DD0B811126C00E9487760091EC0B109195
:1093B000ED0B2091EE0B3091EF0B601B710B820BCC
:1093C000930B603D77408105910598F01092F90C60
:1093D0001092F80C69ED70E18EE49FE00E94017A32
:1093E0006EEC70E18EE49FE00E94017A81E0809350
:1093F000DD0B62E470E081E090E00E949C1281113C
:109400000CC48091E00B81112BC00E9487760091E3
:10941000E80B1091E90B2091EA0B3091EB0B601BEC
:10942000710B820B930B623371058105910598F0E6
:1094300064EC70E18EE49FE00E94017A81E0809309
:10944000E00B0E9487766093E80B7093E90B8093A2
:10945000EA0B9093EB0B8091E00B882309F4B8CAD8
:109460008091DC0B8111B4CA0E9487760091E80BD1
:109470001091E90B2091EA0B3091EB0B601B710B03
:10948000820B930B603D77408105910508F4A0CADB
:109490001092F90C1092F80C6BEB70E18EE49FE0E7
:1094A0000E94017A60EB70E139CE1092DF0BD3CECF
:1094B0001092E20B1092DE0B0E9487766093F00B05
:1094C0007093F10B8093F20B9093F30B32CF1092C9
:1094D000E10B1092DD0B0E9487766093EC0B70938A
:1094E000ED0B8093EE0B9093EF0B83CF62E470E073
:1094F00082E090E00E949C1281117EC18091E30B7A
:1095000081112AC00E9487760091F40B1091F50B0F
:109510002091F60B3091F70B601B710B820B930BB4
:10952000623371058105910598F060EB71E18EE47D
:109530009FE00E94017A81E08093E30B0E9487768E
:109540006093F40B7093F50B8093F60B9093F70BED
:109550008091E30B882391F18091DF0B81112EC064
:109560000E9487760091F40B1091F50B2091F60B79
:109570003091F70B601B710B820B930B603D7740B2
:1095800081059105D8F081E08093DF0B81E090E0C8
:109590009093F90C8093F80C67EA71E18EE49FE0F8
:1095A0000E94017A6CE971E18EE49FE00E94017AE9
:1095B00060E971E18EE49FE00E94017A62E470E06C
:1095C00090E080E00E949C12811125C18091E20B05
:1095D00081112AC00E9487760091F00B1091F10B47
:1095E0002091F20B3091F30B601B710B820B930BEC
:1095F000623371058105910598F066E871E18EE4AA
:109600009FE00E94017A81E08093E20B0E948776BE
:109610006093F00B7093F10B8093F20B9093F30B2C
:109620008091E20B882351F18091DE0B811126C0DD
:109630000E9487760091F00B1091F10B2091F20BB4
:109640003091F30B601B710B820B930B603D7740E5
:109650008105910598F01092F90C1092F80C6DE7C5
:1096600071E18EE49FE00E94017A62E771E18EE48D
:109670009FE00E94017A81E08093DE0B62E470E05B
:1096800083E090E00E949C128111D4C08091E10B94
:1096900081112AC00E9487760091EC0B1091ED0B8E
:1096A0002091EE0B3091EF0B601B710B820B930B33
:1096B000623371058105910598F068E671E18EE4E9
:1096C0009FE00E94017A81E08093E10B0E948776FF
:1096D0006093EC0B7093ED0B8093EE0B9093EF0B7C
:1096E0008091E10B882361F18091DD0B811128C00D
:1096F0000E9487760091EC0B1091ED0B2091EE0B00
:109700003091EF0B601B710B820B930B603D774028
:1097100081059105A8F083E090E09093F90C809387
:10972000F80C6FE571E18EE49FE00E94017A63E539
:1097300071E18EE49FE00E94017A81E08093DD0B6D
:1097400062E470E081E090E00E949C12811165C2A9
:109750008091E00B81112BC00E9487760091E80B6D
:109760001091E90B2091EA0B3091EB0B601B710B10
:10977000820B930B623371058105910598F069E4C2
:1097800071E18EE49FE00E94017A81E08093E00B1A
:109790000E9487766093E80B7093E90B8093EA0B45
:1097A0009093EB0B8091E00B882309F411C9809111
:1097B000DC0B81110DC90E9487760091E80B109196
:1097C000E90B2091EA0B3091EB0B601B710B820BC4
:1097D000930B603D77408105910508F4F9C810921C
:1097E000F90C1092F80C60E471E18EE49FE00E94A5
:1097F000017A65E371E192CC1092DF0B1092E30BDA
:109800000E9487766093F40B7093F50B8093F60BB0
:109810009093F70BD3CE1092E20B1092DE0B0E94C6
:1098200087766093F00B7093F10B8093F20B90931B
:10983000F30B24CF1092E10B1092DD0B0E94877680
:109840006093EC0B7093ED0B8093EE0B9093EF0B0A
:1098500077CF62E470E082E090E00E949C12811178
:1098600081C18091E30B81112AC00E94877600910B
:10987000F40B1091F50B2091F60B3091F70B601B58
:10988000710B820B930B623371058105910598F082
:1098900065E372E18EE49FE00E94017A81E08093AB
:1098A000E30B0E9487766093F40B7093F50B809323
:1098B000F60B9093F70B8091E30B882391F1809145
:1098C000DF0B81112EC00E9487760091F40B10915E
:1098D000F50B2091F60B3091F70B601B710B820B8F
:1098E000930B603D774081059105D8F081E080932E
:1098F000DF0B81E090E09093F90C8093F80C6CE220
:1099000072E18EE49FE00E94017A61E272E18EE4EE
:109910009FE00E94017A65E172E18EE49FE00E947F
:10992000017A62E470E090E080E00E949C12811174
:1099300028C18091E20B81112AC00E948776009194
:10994000F00B1091F10B2091F20B3091F30B601B97
:10995000710B820B930B623371058105910598F0B1
:109960006BE072E18EE49FE00E94017A81E08093D7
:10997000E20B0E9487766093F00B7093F10B80935B
:10998000F20B9093F30B8091E20B882361F18091AD
:10999000DE0B811128C00E9487760091F00B109198
:1099A000F10B2091F20B3091F30B601B710B820BCA
:1099B000930B603D774081059105A8F084E090E02D
:1099C0009093F90C8093F80C62E072E18EE49FE0D2
:1099D0000E94017A66EF71E18EE49FE00E94017AB5
:1099E00081E08093DE0B62E470E083E090E00E940F
:1099F0009C128111D5C08091E10B81112AC00E9477
:109A000087760091EC0B1091ED0B2091EE0B3091CD
:109A1000EF0B601B710B820B930B62337105810599
:109A2000910598F06CEE71E18EE49FE00E94017A5E
:109A300081E08093E10B0E9487766093EC0B70933A
:109A4000ED0B8093EE0B9093EF0B8091E10B88234D
:109A500051F18091DD0B811126C00E948776009123
:109A6000EC0B1091ED0B2091EE0B3091EF0B601B86
:109A7000710B820B930B603D77408105910598F047
:109A80001092F90C1092F80C63EE71E18EE49FE0F5
:109A90000E94017A68ED71E18EE49FE00E94017AF4
:109AA00081E08093DD0B62E470E081E090E00E9451
:109AB0009C128111B2C08091E00B81112CC00E94D8
:109AC00087760091E80B1091E90B2091EA0B309119
:109AD000EB0B601B710B820B930B623371058105DD
:109AE000910598F06EEC71E18EE49FE00E94017A9E
:109AF00081E08093E00B0E9487766093E80B70937F
:109B0000E90B8093EA0B9093EB0B8091E00B882399
:109B100011F40C94E8448091DC0B81110C94E8441E
:109B20000E9487760091E80B1091E90B2091EA0BD7
:109B30003091EB0B601B710B820B930B603D7740F8
:109B40008105910510F40C94E8441092F90C1092E0
:109B5000F80C65EC71E18EE49FE00E94017A6AEBFB
:109B600071E1DCCA1092DF0B1092E30B0E94877642
:109B70006093F40B7093F50B8093F60B9093F70BB7
:109B8000D0CE1092E20B1092DE0B0E94877660938B
:109B9000F00B7093F10B8093F20B9093F30B23CFA8
:109BA0001092E10B1092DD0B0E9487766093EC0B14
:109BB0007093ED0B8093EE0B9093EF0B74CF10929C
:109BC000DF0B1092E30B0E9487766093F40B709387
:109BD000F50B8093F60B9093F70B0C94E1451092E4
:109BE000E20B1092DE0B0E9487766093F00B70936D
:109BF000F10B8093F20B9093F30B44C81092E10B9E
:109C00001092DD0B0E9487766093EC0B7093ED0B46
:109C10008093EE0B9093EF0B95C81092E00B10928F
:109C2000DC0B0E9487766093E80B7093E90B8093BE
:109C3000EA0B9093EB0B0C94E8448F929F92AF92B7
:109C4000BF92CF92DF92EF92FF920F931F93CF9329
:109C5000DF9300D000D0CDB7DEB70E9487766B01CE
:109C60007C018EE49FE00E948C70892B09F49CC0DB
:109C70006EE47FE0CE0101960E94B978CE01019694
:109C80000E946A776DE676E0CE0101960E94FD772C
:109C90008823E9F08FE390E00E94901761E087E06D
:109CA0000E944F746CE270E18EE49FE00E94017AA2
:109CB00080913E0D8F5F80933E0D1092410C10926B
:109CC000430C1092420C1092450C1092440C64E725
:109CD00073E0CE0101960E94FD77882309F44BC002
:109CE0001092450C1092440C1092430C1092420CAE
:109CF0001092830B1092840B1092850B1092860B9E
:109D000010927F0B1092800B1092810B1092820B9D
:109D100010927B0B10927C0B10927D0B10927E0B9D
:109D200081E080930E0280930D0280930C02809359
:109D30000B020E9487761092410C0E9459170E94D4
:109D4000A83089E180933E0DCE0101960E94A07853
:109D500026960FB6F894DEBF0FBECDBFDF91CF9130
:109D60001F910F91FF90EF90DF90CF90BF90AF9039
:109D70009F908F9008956DEB73E0CE0101960E9445
:109D8000FD77811110921F0265EC73E0CE01019600
:109D90000E94FD77882319F081E080931F02CE0195
:109DA00001960E94A0785DCF61E270E090E080E0D3
:109DB0000E949C1211E0082F012761E270E081E00F
:109DC00090E00E949C12812790910E02901741F022
:109DD000C0927F0BD092800BE092810BF092820BAD
:109DE00040917F0B5091800B6091810B7091820BA1
:109DF00046015701841A950AA60AB70AB501A401BB
:109E00004F3151056105710528F090910C0209133D
:109E100000930C0200930E0290910D02981741F0EE
:109E2000C0927B0BD0927C0BE0927D0BF0927E0B6C
:109E300040917B0B50917C0B60917D0B70917E0B60
:109E400097018601041B150B260B370BB901A801DE
:109E50004F3151056105710528F090910B0289136E
:109E600080930B0280930D0290910C0280910B0263
:109E70002091440C3091450C2130310521F12CF416
:109E8000232B99F00E949A2963CF2230310509F4DF
:109E9000AAC023303105B1F791110AC08111FBC06E
:109EA0001092450C1092440C0BC0992309F4F0C099
:109EB0008111E8CF81E090E09093450C8093440CB1
:109EC0001092410CDFCF882309F464C064E270E192
:109ED0008EE49FE00E94017A8091420C9091430CA5
:109EE0009C012D7F232B21F08430910509F045C082
:109EF00001969093430C8093420C019731F467E1F3
:109F000070E18EE49FE00E94017A8091420C909172
:109F1000430C039731F46AE070E18EE49FE00E9405
:109F2000017A8091420C9091430C059731F46DEFCA
:109F30007FE08EE49FE00E94017A8091420C909134
:109F4000430C0597B9F48FE390E00E94901761E00D
:109F500087E00E944F7462EF7FE08EE49FE00E94F2
:109F6000017A80913E0D8F5F80933E0D1092430CDD
:109F70001092420C83E090E09FCF6DED7FE08EE485
:109F80009FE00E94017A61ED7FE08EE49FE00E94F5
:109F9000017AECCF8091410C91110EC081110FC05C
:109FA00081E08093410CC092830BD092840BE092AD
:109FB000850BF092860B66CF882309F463CF8091DE
:109FC000830B9091840BA091850BB091860BC81ADE
:109FD000D90AEA0AFB0A1DEDC11615E0D106E10413
:109FE000F10440F64FCF992399F169EC7FE08EE4BC
:109FF0009FE00E94017A8091420C9091430C9C0159
:10A000002D7F21303105D9F401969093430C809334
:10A01000420C029731F46CEB7FE08EE49FE00E94EB
:10A02000017A8091420C9091430C049709F0A2CFE1
:10A030006FEA7FE08EE49FE00E94017A9BCF6AE99D
:10A040007FE08EE49FE00E94017A6EE87FE09DCF82
:10A050009091410C811118C0992309F4A1CF8091EE
:10A06000830B9091840BA091850BB091860BC81A3D
:10A07000D90AEA0AFB0A2DEDC21625E0D206E10450
:10A08000F10408F077CFFECE992309F4FBCEE7CF99
:10A09000882309F4F7CE82E090E00ECFAF92BF9212
:10A0A000CF92DF92EF92FF920F931F93CF93DF93A4
:10A0B00000D000D0CDB7DEB78091D50B9091D60BF4
:10A0C0008130910509F4C3C08630910509F4E0C0E0
:10A0D000892BF9F464E170E090E080E00E949C122A
:10A0E000811117C066E87FE08EE49FE00E94017A4C
:10A0F00061E08BE30E944F7460E085E20E944F7440
:10A100008091D50B9091D60B01969093D60B8093AE
:10A11000D50B01E010E042E0E42EF12C56E0C52E14
:10A12000D12C8EE49FE00E948C70892B09F4DEC153
:10A130006EE47FE0CE0101960E94B978CE010196CF
:10A140000E946A776AE073E0CE0101960E94FD7773
:10A15000882349F061E08DE30E944F7480913E0DA9
:10A160008F5F80933E0D63E776E0CE0101960E94FB
:10A17000FD77882391F06FE67FE08EE49FE00E94F8
:10A18000017A61E08BE30E944F7460E085E20E94F7
:10A190004F741093D60B0093D50B61E876E0CE0197
:10A1A00001960E94FD77882369F166E67FE08EE4E0
:10A1B0009FE00E94017A33E0A32EB12C61E08BE393
:10A1C0000E944F7464EF71E080E090E00E9454764A
:10A1D00060E08BE30E944F7464EF71E080E090E0F8
:10A1E0000E94547681E0A81AB10841F760E08BE341
:10A1F0000E944F7460E085E20E944F74F092D60B8B
:10A20000E092D50B64E773E0CE0101960E94FD77E2
:10A21000882309F4A0C00E9459170E94A83089E140
:10A2200080933E0DCE0101960E94A07826960FB62F
:10A23000F894DEBF0FBECDBFDF91CF911F910F917C
:10A24000FF90EF90DF90CF90BF90AF90089565E1C1
:10A2500070E086E090E00E949C1281115ACF6DE779
:10A260007FE08EE49FE00E94017A81E08093F40C0D
:10A270001092F30C1092F20C0E9487766093EE0C11
:10A280007093EF0C8093F00C9093F10C60E031CF61
:10A290008091E40B9091E50BA091E60BB091E70B58
:10A2A000892B8A2B8B2B51F40E9487766093E40BC9
:10A2B0007093E50B8093E60B9093E70B80917A0BFC
:10A2C0008F5F833008F044C080937A0B00917A0B43
:10A2D00010E086E30E943D76000F111FF801EC5854
:10A2E000F44F918380830E9487760091E40B109154
:10A2F000E50B2091E60B3091E70B601B710B820B95
:10A30000930B603A7F408105910508F402CF86E304
:10A310000E943D768D3291400CF0FBCE67E77FE0E6
:10A320008EE49FE00E94017A61E08DE30E944F7409
:10A330000E9487766093FF0C7093000D8093010D4F
:10A340009093020D80913E0D8F5F80933E0DE1CE84
:10A3500010927A0BBBCF60E976E0CE0101960E94A5
:10A36000FD778823C9F060E67FE08EE49FE00E94DD
:10A37000017A61E08DE30E944F740E9487766093BA
:10A38000FF0C7093000D8093010D9093020D80914E
:10A390003E0D8F5F80933E0D6BE976E0CE01019616
:10A3A0000E94FD778823F1F163E37FE081EB9EE07B
:10A3B0000E94017A68EE73E080E090E00E940E2F28
:10A3C00064E17FE08EE49FE00E94017A60911B02CD
:10A3D00070911C028091190290911A020E94967548
:10A3E00080911702909118020E94317260911302BD
:10A3F0007091140290E080E00E940E2FE091B41260
:10A400008E2F90E0FC01EE0FFF1FE80FF91FE551C2
:10A41000F04F80818F7B808363EF7EE08EE49FE04E
:10A420000E94017A68EA76E0CE0101960E94FD77EB
:10A43000882309F442C08091D50B9091D60B0297E6
:10A4400031F467E57FE08EE49FE00E94017A80911D
:10A45000D50B9091D60B039731F46EE47FE08EE438
:10A460009FE00E94017A8091D50B9091D60B0497C2
:10A47000C1F465E47FE08EE49FE00E94017A69E325
:10A480007FE08EE49FE00E94017AD092D60BC092CA
:10A49000D50B1092E40B1092E50B1092E60B109284
:10A4A000E70B8091D50B9091D60B843091052CF45D
:10A4B00001969093D60B8093D50B6DEB73E0CE0194
:10A4C00001960E94FD77811110921F0265EC73E0E6
:10A4D000CE0101960E94FD77882319F081E08093D8
:10A4E0001F02CE0101960E94A0781BCE0E949A29DD
:10A4F0009DCE0F931F93CF93DF93CDB7DEB72C97ED
:10A500000FB6F894DEBF0FBECDBF88E592E10E9482
:10A510001D7C87E79DE00E948C70892B09F44BC05D
:10A5200067E77DE0CE0101960E94B978CE010196E1
:10A530000E946A776AE574E0CE0107960E94A878C7
:10A54000BE01695F7F4FCE0101960E94E277182F0E
:10A55000CE0107960E94A078112361F0BE016F5FC3
:10A560007F4F8EE49FE00E94C079CE0101960E9449
:10A57000A078CFCF6DE578E0CE0101960E94FD77FF
:10A58000882399F36DEF7CE08EE49FE00E94017ACE
:10A5900065EF7CE081EB9EE00E94017A6BEE7CE04F
:10A5A00084E19EE00E94017A61EE7CE08DE693E119
:10A5B0000E94017ADACF65E170E084E090E00E94C9
:10A5C0009C12811127C08091870B811123C081E0EB
:10A5D0008093870B6AED7CE081EB9EE00E94017A1C
:10A5E00069EC7CE08EE49FE00E94017A6FEB7CE0F6
:10A5F00084E19EE00E94017A65EB7CE087E79DE0C4
:10A600000E94017A6BEA7CE08DE693E10E94017A78
:10A610001092880B88E592E10E94EA7C882339F148
:10A620008091880B811123C081E08093880B66EABA
:10A630007CE081EB9EE00E94017A67E97CE08EE499
:10A640009FE00E94017A6DE87CE084E19EE00E9438
:10A65000017A63E87CE087E79DE00E94017A69E780
:10A660007CE08DE693E10E94017A1092870B809145
:10A67000880B882309F467C020E830E0A90170E066
:10A6800060E08BE293E10E942A7F8BE293E10E94DB
:10A69000967F0E9487760091680B1091690B20913C
:10A6A0006A0B30916B0B601B710B820B930B623149
:10A6B00071058105910508F446C08091660B909163
:10A6C000670B9111F1C08F5F8093660B8B3419F487
:10A6D00081E08093670B6091660B70E090E080E012
:10A6E0000E94689D20E030E046E952E40E94589FB5
:10A6F00020E030E04FE753E40E94C79D0E94CA9FCC
:10A70000862F90E0B0E0A0E0AC0133272227BA2FDB
:10A71000A92F982F8827282B392B4A2B5B2B70E0E9
:10A7200060E087E593E10E942A7F87E593E10E943C
:10A73000967F0E9487766093680B7093690B809375
:10A740006A0B90936B0B8091870B882381F020E03C
:10A750003FEF4FEF50E070E060E087E593E10E944B
:10A760002A7F87E593E10E94967F0E94301081EB5B
:10A770009EE00E948C70892B09F09FC011E08EE44E
:10A780009FE00E948C70892B09F403C26EE47FE085
:10A79000CE0101960E94B978CE0101960E946A7797
:10A7A00065E576E0CE0101960E94FD77882331F0C1
:10A7B00060EF7BE081EB9EE00E94017A6AE576E043
:10A7C000CE0101960E94FD77882331F06BEE7BE08D
:10A7D00081EB9EE00E94017A6EEA76E0CE0101965E
:10A7E0000E94FD778823E9F120E03FEF4FEF50E032
:10A7F00070E060E087E593E10E942A7F87E593E1BE
:10A800000E94967F20E830E0A90170E060E08BE2D2
:10A8100093E10E942A7F8BE293E10E94967F10923F
:10A82000880B1092870B66EE7BE081EB9EE00E9426
:10A83000017A67ED7BE08EE49FE00E94017A6DEC87
:10A840007BE084E19EE00E94017A63EC7BE087E795
:10A850009DE00E94017A69EB7BE08DE693E10E9426
:10A86000017A64E773E0CE0101960E94FD778823A8
:10A8700009F478C11092880B1092870B0E94591727
:10A880000E94A83089E180933E0DCE0101960E947E
:10A89000A0782C960FB6F894DEBF0FBECDBFDF9127
:10A8A000CF911F910F91089581508093660B8A304C
:10A8B00009F011CF1092670B0ECF61EB7EE0CE0155
:10A8C00007960E94B978CE0107960E946A776AE5DA
:10A8D00074E0CE0101960E94A878BE016F5F7F4FA1
:10A8E000CE0107960E94E277182FCE0101960E94B2
:10A8F000A078112361F0BE01695F7F4F8EE49FE075
:10A900000E94C079CE0107960E94A07830CF6EECED
:10A9100073E0CE0107960E94FD77882379F06AE5FF
:10A9200076E0CE0101960E94A878CE0101960E94A1
:10A93000A417CE0101960E94A078E4CF65E174E0EF
:10A94000CE0107960E94FD7763E77CE081110AC083
:10A950006BE174E0CE0107960E94FD77882339F001
:10A960006DE67CE08EE49FE00E94017ACBCF61E24D
:10A9700074E0CE0107960E94FD7767E67CE08111C6
:10A98000F1CF67E274E0CE0107960E94FD7761E6A1
:10A990007CE08111E7CF6DE274E0CE0107960E9462
:10A9A000FD7768E57CE08111DDCF66E374E0CE01E0
:10A9B00007960E94FD7762E57CE08111D3CF6CE3BE
:10A9C00074E0CE0107960E94FD776BE47CE0811174
:10A9D000C9CF63E474E0CE0107960E94FD77882317
:10A9E00009F490CF62E47CE08EE49FE00E94017A5B
:10A9F00069E37CE081EB9EE00E94017A60E37CE009
:10AA000084E19EE00E94017A67E27CE087E79DE0B6
:10AA10000E94017A6EE17CE08DE693E10E94017A6A
:10AA200068EE73E080E090E00E94547666E17CE09E
:10AA300081EB9EE00E94017A6EE07CE084E19EE082
:10AA40000E94017A66E07CE087E79DE00E94017A3F
:10AA50006EEF7BE08DE693E10E94017A20E030E02A
:10AA6000A90170E060E087E593E10E942A7F87E515
:10AA700093E10E94967F20E030E0A90170E060E061
:10AA80008BE293E10E942A7F8BE293E10E94967F02
:10AA90001092880B1092870B87E593E10E94DF7E6E
:10AAA00081E493E10E94DF7E8BE293E10E94DF7EEE
:10AAB00085E193E10E94DF7E8FEF92E10E94DF7ECD
:10AAC00089EE92E10E94DF7E83ED92E10E94DF7EBB
:10AAD00087E593E10E94967F81E493E10E94967F4F
:10AAE0008BE293E10E94967F85E193E10E94967F3D
:10AAF0008FEF92E10E94967F89EE92E10E94967F0D
:10AB000083ED92E10E94967F60E087E20E944F749D
:10AB100060E084E20E944F7460E083E00E944F7422
:10AB200060E08DE30E944F7460E084E00E944F7407
:10AB300060E085E20E944F7460E08BE30E944F74F6
:10AB400060E08EE10E944F7460E087E00E944F74E5
:10AB500061E085E20E944F7480913E0D8F5F80938B
:10AB60003E0DD0CE6DEB73E0CE0101960E94FD77D5
:10AB7000811110921F0265EC73E0CE0101960E94D4
:10AB8000FD77811110931F02CE0101960E94A078DB
:10AB9000F6CD84E19EE00E948C70892B09F482C07E
:10ABA00064E17EE0CE0101960E94B978CE01019663
:10ABB0000E946A776AE574E0CE0107960E94A87841
:10ABC000BE01695F7F4FCE0101960E94E277182F88
:10ABD000CE0107960E94A078112361F0BE016F5F3D
:10ABE0007F4F8EE49FE00E94C079CE0101960E94C3
:10ABF000A078CFCF67EE74E0CE0101960E94FD777A
:10AC00008823C1F120E03FEF4FEF50E070E060E0BB
:10AC100087E593E10E942A7F87E593E10E94967F72
:10AC200020E830E0A90170E060E08BE293E10E944F
:10AC30002A7F8BE293E10E94967F1092880B1092FC
:10AC4000870B63EB7BE081EB9EE00E94017A63EA75
:10AC50007BE08EE49FE00E94017A69E97BE087E770
:10AC60009DE00E94017A6FE87BE08DE693E10E940F
:10AC7000017ABBCF6EEC73E0CE0101960E94FD77A6
:10AC8000882309F4B2CF6EE473E0CE0107960E94E8
:10AC9000A878CE0107960E94A417CE0107960E94BD
:10ACA000A078A3CF87E79DE00E948C70892B09F4E0
:10ACB00082C067E77DE0CE0101960E94B978CE019F
:10ACC00001960E946A776AE574E0CE0107960E94B9
:10ACD000A878BE01695F7F4FCE0101960E94E2779E
:10ACE000182FCE0107960E94A078112361F0BE01B3
:10ACF0006F5F7F4F8EE49FE00E94C079CE01019686
:10AD00000E94A078CFCF6DE578E0CE0101960E9439
:10AD1000FD778823C1F120E03FEF4FEF50E070E076
:10AD200060E087E593E10E942A7F87E593E10E9436
:10AD3000967F20E830E0A90170E060E08BE293E1CB
:10AD40000E942A7F8BE293E10E94967F1092880BEB
:10AD50001092870B67E87BE081EB9EE00E94017A0E
:10AD600065E77BE08EE49FE00E94017A6BE67BE082
:10AD700084E19EE00E94017A61E67BE08DE693E14A
:10AD80000E94017ABBCF6EEC73E0CE0101960E9467
:10AD9000FD77882309F4B2CF67E473E0CE0107960C
:10ADA0000E94A878CE0107960E94A417CE010796AC
:10ADB0000E94A078A3CF8DE693E10E94E971892BD0
:10ADC00009F467CD6DE673E1CE0107960E94B9786C
:10ADD000CE0107960E946A776AE574E0CE0101967B
:10ADE0000E94A878BE016F5F7F4FCE0107960E9438
:10ADF000E277182FCE0101960E94A078112361F00E
:10AE0000BE01695F7F4F8EE49FE00E94C079CE0152
:10AE100007960E94A078CFCF6EEC73E0CE01079624
:10AE20000E94FD77882399F362E473E0CE010196D6
:10AE30000E94A878CE0101960E94A417CE01019627
:10AE40000E94A078E4CFCF92DF92EF92FF920F930F
:10AE50001F93CF93DF93CDB7DEB762970FB6F89409
:10AE6000DEBF0FBECDBFE091B4128E2F90E0FC018B
:10AE7000EE0FFF1FE80FF91FE551F04F80818F7B28
:10AE800080838091300C8823B1F10E9487760091F5
:10AE9000620B1091630B2091640B3091650B601B6A
:10AEA000710B820B930B623071058105910518F1CE
:10AEB0000E9487766093620B7093630B8093640BA0
:10AEC0009093650B60912E0C85E193E10E94E87EE2
:10AED00085E193E10E94967F80912E0C90912F0C3A
:10AEE000019690932F0C80932E0C8F3F910519F0B3
:10AEF00014F01092300C8091320C8823A1F10E9442
:10AF000087760091620B1091630B2091640B309156
:10AF1000650B601B710B820B930B62307105810511
:10AF2000910508F10E9487766093620B7093630B22
:10AF30008093640B9093650B60912E0C85E193E1F7
:10AF40000E94E87E85E193E10E94967F80912E0C1D
:10AF500090912F0C019790932F0C80932E0CC397F8
:10AF600014F41092320C80912D0C8823D9F00E9499
:10AF7000877600915E0B10915F0B2091600B3091F2
:10AF8000610B601B710B820B930B683E7340810554
:10AF9000910540F010922D0C65E57BE084E19EE088
:10AFA0000E94017A80912C0C882349F10E948776B7
:10AFB00000915A0B10915B0B20915C0B30915D0B53
:10AFC000601B710B820B930B683E734081059105EA
:10AFD00038F010922C0C80913E0D8F5F80933E0DC7
:10AFE00062960FB6F894DEBF0FBECDBFDF91CF9152
:10AFF0001F910F91FF90EF90DF90CF90089563EB3A
:10B0000076E08BE991E10E94FD77882309F443C043
:10B0100065E170E090E080E00E949C1281113BC0ED
:10B020006AE47BE08EE49FE00E94017A11E01093D5
:10B03000590B89E390E00E9490171093310C809196
:10B04000300C811122C01093300C10922F0C1092F2
:10B050002E0C0E9487766093620B7093630B809333
:10B06000640B9093650BF12CE12C2FE835EC4FEF3E
:10B0700050E0B70185E193E10E942A7F8FEFE81A43
:10B08000F80A9DE0E916F10481F766E573E08BE9C3
:10B0900091E10E9496788091310C8823B1F08091E3
:10B0A000DB0B811116C00E9487760091520B109124
:10B0B000530B2091540B3091550B60177107820789
:10B0C000930708F0C9C00E94360F8091DB0B8823DC
:10B0D00039F11091870B65E170E084E090E00E9407
:10B0E0009C1281111DC011111EC081E08093870B3D
:10B0F00063E47BE081EB9EE00E94017A69E37BE000
:10B100008EE49FE00E94017A6FE27BE084E19EE0A2
:10B110000E94017A65E27BE087E79DE00E94017A68
:10B120008091870B81110E9430108091DB0B882366
:10B1300009F43FC08091DA0B8823D9F18091D90BB3
:10B140008823B9F18091D80B882399F18091D70B8E
:10B15000882379F11092310C1092DB0B1092DA0BEC
:10B160001092D90B1092D80B1092D70B66E573E0B2
:10B170008BE991E10E9496780E9487766093FB0CA0
:10B180007093FC0C8093FD0C9093FE0C68E17BE0C7
:10B190008EE49FE00E94017A81E080932C0C0E9453
:10B1A000877660935A0B70935B0B80935C0B909344
:10B1B0005D0B01E08DE693E10E94E971892B09F0B6
:10B1C000C4C311E087E79DE00E948C70892B09F0D1
:10B1D00015C511E0CC24CA94D12C8EE49FE00E94C6
:10B1E0008C70892B09F056C611E084E19EE00E9424
:10B1F0008C70892B09F4F4CE64E17EE0CE010796D1
:10B200000E94B978CE0107960E946A778B859C854B
:10B21000892BE9F06AE574E0CE0101960E94A878D6
:10B22000BE016F5F7F4FCE0107960E94E277082F25
:10B23000CE0101960E94A078002311F40C94FB61CA
:10B24000BE01695F7F4F8EE49FE00E94C079CE010E
:10B2500007960E94A078C9CF1091FC0B113009F419
:10B260005CC108F466C0123009F425C2133009F03D
:10B270002CCF0E945F73882309F414C30E94877641
:10B280006093FD0B7093FE0B8093FF0B9093000C6B
:10B29000EEE6FDE0ADE5B2E081E041912D913D911A
:10B2A00091E04217130609F090E089232DE0E6377C
:10B2B000F20799F7882309F4D2C280910302882308
:10B2C00009F486C063E378E08EE49FE00E94017A8F
:10B2D000109203020E94937611E01093DC0C1092FE
:10B2E000D80C1092D90C1092DA0C1092DB0C20E8DA
:10B2F00030E0A90170E060E08BE293E10E942A7FD8
:10B300008BE293E10E94967F1093E10C8FEF90E027
:10B3100090931602809315020E9487766093DD0C4D
:10B320007093DE0C8093DF0C9093E00C1093DB0B9A
:10B330004FC00E945F73882309F47FC00E94877604
:10B340006093050C7093060C8093070C9093080C87
:10B35000EEE6FDE0ADE3B2E081E041912D913D915B
:10B3600091E04217130609F090E089232DE0E637BB
:10B37000F20799F7882379F180910702882361F019
:10B380006EED77E08EE49FE00E94017A0E94960EB7
:10B39000109207020E94937680910702811118C0D3
:10B3A000F12CE12C20E03AEF46E950E0B70185E1CD
:10B3B00093E10E942A7F8FEFE81AF80A9DE0E916D0
:10B3C000F10481F785E193E10E94967F0E94CD0F01
:10B3D0000E9423727ACE0E94AB768111F9CF8091C0
:10B3E0000602882339F16FEC77E08EE49FE00E943B
:10B3F000017A109206021092FC0B81E08093090200
:10B4000080930802809307028093050280930402D0
:10B4100080930302809302020E9487766053784FE4
:10B420008F4F9F4F6093520B7093530B8093540B2D
:10B430009093550B0E94360FCBCF0E9487760091D8
:10B44000050C1091060C2091070C3091080C601B24
:10B45000710B820B930B643671058105910508F41D
:10B4600034CE81E080930802809306028093040228
:10B47000809302028091070281113CC08091FC0BF5
:10B480008F5F8093FC0BF12CE12C2AEF30E04EE132
:10B4900050E0B70185E193E10E942A7F2FEFE21A85
:10B4A000F20A8DE0E816F10481F70E948776009198
:10B4B000420B1091430B2091440B3091450B601BC4
:10B4C000710B820B930B6E3171058105910508F4A8
:10B4D000FCCD0E9487766093420B7093430B809360
:10B4E000440B9093450B85E193E10E94967F0E9467
:10B4F000CD0FEBCDF12CE12C2EE13AEF40E050E006
:10B50000B70185E193E10E942A7F9FEFE91AF90ACA
:10B510002DE0E216F10481F7C8CF0E945F73882303
:10B5200009F460C00E9487766093090C70930A0C3E
:10B5300080930B0C90930C0CEEE6FDE0ADE2B2E0D4
:10B5400081E041912D913D9191E04217130609F060
:10B5500090E089239DE0E637F90799F7882339F1D0
:10B5600080910902882361F06AEF77E08EE49FE022
:10B570000E94017A0E94960E109209020E94937610
:10B5800080910902811124CFF12CE12C2EE13AEFB8
:10B5900040E050E0B70185E193E10E942A7F2FEF60
:10B5A000E21AF20A8DE0E816F10481F70BCF0E944F
:10B5B000AB7681110DCF80910802882309F43ACF30
:10B5C0006BEE77E08EE49FE00E94017A1092080211
:10B5D0001092FC0B81E08093090280930702809314
:10B5E000060212CF0E948776C090090CD0900A0CF8
:10B5F000E0900B0CF0900C0C6C197D098E099F09E2
:10B60000643671058105910508F45FCD1093080239
:10B610001093060210930402109302028091090213
:10B62000811136C08091FC0B8F5F8093FC0BF12C55
:10B63000E12C20E03AEF46E950E0B70185E193E1E3
:10B640000E942A7F9FEFE91AF90A2DE0E216F10421
:10B6500081F70E9487760091460B1091470B20914D
:10B66000480B3091490B601B710B820B930B6E31B1
:10B6700071058105910508F428CD0E9487766093B5
:10B68000460B7093470B8093480B9093490B2BCF3D
:10B69000F12CE12C2AEF30E04EE150E0B70185E1DA
:10B6A00093E10E942A7F8FEFE81AF80A9DE0E916DD
:10B6B000F10481F7CECF0E945F73882309F465C03F
:10B6C0000E9487766093010C7093020C8093030CA8
:10B6D0009093040CEEE6FDE0ADE4B2E026E73DE039
:10B6E00081E061914D915D9191E06417150609F03B
:10B6F00090E089232E173F07A1F7882339F1809125
:10B700000502882361F067E178E08EE49FE00E9403
:10B71000017A0E94960E109205020E949376809103
:10B720000502811155CEF12CE12C2AEF3AEF4AEFB8
:10B7300050E0B70185E193E10E942A7F2FEFE21AE2
:10B74000F20A8DE0E816F10481F73CCE0E94AB7658
:10B7500081113ECE80910402882309F46BCE68E00B
:10B7600078E08EE49FE00E94017A10920402109229
:10B77000FC0B81E08093090280930802809307020A
:10B78000809306028093050243CE0E948776009143
:10B79000010C1091020C2091030C3091040C601BE1
:10B7A000710B820B930B643671058105910508F4CA
:10B7B0008CCC81E08093080280930602809304027F
:10B7C0008093020280910502811136C08091FC0BAA
:10B7D0008F5F8093FC0BF12CE12C2AEF3AEF4AEFBC
:10B7E00050E0B70185E193E10E942A7F9FEFE91ABB
:10B7F000F90A2DE0E216F10481F70E9487760091A4
:10B800004A0B10914B0B20914C0B30914D0B601B50
:10B81000710B820B930B6E3171058105910508F454
:10B8200054CC0E94877660934A0B70934B0B8093A5
:10B830004C0B90934D0B57CEF12CE12C20E03AEFBE
:10B8400046E950E0B70185E193E10E942A7F8FEF3E
:10B85000E81AF80A9DE0E916F10481F7CECF0E94BC
:10B86000AB768111B5CD80910202882309F4E2CD37
:10B8700064E278E08EE49FE00E94017A1092020276
:10B880001092FC0B81E08093090280930802809360
:10B89000070280930602809305028093040280933E
:10B8A0000302BACD0E9487760091FD0B1091FE0B2A
:10B8B0002091FF0B3091000C601B710B820B930BDE
:10B8C000643671058105910508F4FFCB81E0809312
:10B8D0000802809306028093040280930202809102
:10B8E0000302882309F4F1CBF12CE12C2AEF3AEF83
:10B8F0004AEF50E0B70185E193E10E942A7F8FEF84
:10B90000E81AF80A9DE0E916F10481F70E948776AB
:10B9100000914E0B10914F0B2091500B3091510B19
:10B92000601B710B820B930B6E31710581059105C4
:10B9300008F4CBCB0E94877660934E0B70934F0B2D
:10B940008093500B9093510BCECD6DE673E1CE01F9
:10B9500001960E94B978CE0101960E946A778D8186
:10B960009E81892B39F0BE016F5F7F4F8EE49FE08F
:10B970000E94C07968EB76E0CE010D960E94A8780F
:10B98000BE01635F7F4FCE0101960E94C77711E031
:10B990000196A9F461EC76E0CE0107960E94A878A2
:10B9A000BE01695F7F4FCE0101960E94C77711E00B
:10B9B000019609F410E0CE0107960E94A078CE010E
:10B9C0000D960E94A078112341F06FE07BE08EE499
:10B9D0009FE00E94017A0093580B64ED76E0CE015F
:10B9E00007960E94A878BE01695F7F4FCE0101963D
:10B9F0000E94C7777C01CE0107960E94A078EF20B5
:10BA0000E094F1F08091D90B81111AC067E07BE0DE
:10BA10008EE49FE00E94017A6DEF7AE081EB9EE078
:10BA20000E94017A63EF7AE084E19EE00E94017A4D
:10BA300069EE7AE087E79DE00E94017A0093D90BD6
:10BA40006CED76E0CE0107960E94A878BE01695F92
:10BA50007F4FCE0101960E94C7777C01CE010796E9
:10BA60000E94A078EF20E09431F060EE7AE08EE45E
:10BA70009FE00E94017A6BEF74E0CE010D960E9468
:10BA8000A878BE01635F7F4FCE0101960E94C77701
:10BA900010E00196A9F061E075E0CE0107960E94E2
:10BAA000A878BE01695F7F4FCE0101960E94C777DB
:10BAB00011E0019609F010E0CE0107960E94A078EF
:10BAC000CE010D960E94A078112309F456C067EDAF
:10BAD0007AE08EE49FE00E94017A6EEC7AE081EBDE
:10BAE0009EE00E94017A65EC7AE084E19EE00E948B
:10BAF000017A6CEB7AE087E79DE00E94017A6EECB8
:10BB000073E0CE010D960E94A878BE01635F7F4F5F
:10BB1000CE0101960E94C77711E00196A9F460E179
:10BB200075E0CE0107960E94A878BE01695F7F4F3D
:10BB3000CE0101960E94C77711E0019609F410E04A
:10BB4000CE0107960E94A078CE010D960E94A078A3
:10BB5000112371F062E473E0CE0107960E94A87889
:10BB6000CE0107960E94A417CE0107960E94A078E6
:10BB7000CE0101960E94A0781DCB6BE075E0CE014E
:10BB80000D960E94A878BE01635F7F4FCE0101969B
:10BB90000E94C77711E00196A9F461E075E0CE013B
:10BBA00007960E94A878BE01695F7F4FCE0101967B
:10BBB0000E94C77711E0019609F410E0CE010796C4
:10BBC0000E94A078CE010D960E94A078112309F45E
:10BBD00096CF62EB7AE08EE49FE00E94017A68EAF9
:10BBE0007AE081EB9EE00E94017A6EE97AE084E1DE
:10BBF0009EE00E94017A64E97AE07DCF67E77DE00C
:10BC0000CE0101960E94B978CE0101960E946A7712
:10BC10008D819E81892B09F481C06AE574E0CE0193
:10BC200007960E94A878BE01695F7F4FCE010196FA
:10BC30000E94E277082FCE0107960E94A078002389
:10BC400009F471C0BE016F5F7F4F8EE49FE00E94D8
:10BC5000C07965EE76E0CE010D960E94A878BE010F
:10BC6000635F7F4FCE0101960E94C77701E0019686
:10BC7000A9F465EF76E0CE0107960E94A878BE0190
:10BC8000695F7F4FCE0101960E94C77701E0019660
:10BC900009F400E0CE0107960E94A078CE010D962F
:10BCA0000E94A078002341F06BE87AE08EE49FE0E8
:10BCB0000E94017A1093DA0B6EEF76E0CE010D96BA
:10BCC0000E94A878BE01635F7F4FCE0101960E945B
:10BCD000C77701E00196A9F467E077E0CE01079607
:10BCE0000E94A878BE01695F7F4FCE0101960E9435
:10BCF000C77701E0019609F400E0CE0107960E94A3
:10BD0000A078CE010D960E94A078002339F0809192
:10BD1000570B62E87AE0882309F447C0CE01019608
:10BD20000E94A0784FCA64E177E0CE0101960E949C
:10BD3000FD7767E77AE081110AC06FE177E0CE0115
:10BD400001960E94FD77882339F06CE67AE08EE454
:10BD50009FE00E94017AE2CF6AE277E0CE0101968D
:10BD60000E94FD7761E67AE08111F1CF65E377E02B
:10BD7000CE0101960E94FD77882349F068E57AE0BC
:10BD80008EE49FE00E94017A1093DA0BC7CF6EEF2A
:10BD900076E0CE0101960E94FD77882369F08091BC
:10BDA000570B8111BBCF6FE47AE08EE49FE00E94D5
:10BDB000017A1093570BB2CF6EE377E0CE01019674
:10BDC0000E94FD7765E47AE08111C1CF66E477E0F7
:10BDD000CE0101960E94FD776BE37AE08111B7CF27
:10BDE0006EEC73E0CE0101960E94FD77882379F016
:10BDF00067E473E0CE0107960E94A878CE0107960B
:10BE00000E94A417CE0107960E94A07887CF6DE507
:10BE100078E0CE0101960E94FD77882309F47ECF59
:10BE200020E03FEF4FEF50E070E060E087E593E106
:10BE30000E942A7F87E593E10E94967F20E830E008
:10BE4000A90170E060E08BE293E10E942A7F8BE21F
:10BE500093E10E94967F1092870B63E37AE081EB77
:10BE60009EE00E94017A61E27AE08EE49FE00E9407
:10BE7000017A67E17AE084E19EE00E94017A6DE058
:10BE80007AE08DE693E10E94017A63E07AE087E749
:10BE90009DE05FCF6EE47FE0CE0101960E94B9780D
:10BEA000CE0101960E946A776EE477E0CE0101969A
:10BEB0000E94FD7781110E9411846BE577E0CE012D
:10BEC00001960E94FD77882391F06BE577E08BE97E
:10BED00091E10E9496786FEF79E08DE693E10E9400
:10BEE000017A6BEF79E087E79DE00E94017A6FE5C8
:10BEF00077E0CE0101960E94FD7781111093560BD9
:10BF00006CE677E0CE0101960E94FD778823A1F0D0
:10BF10001093D80B6FEE79E084E19EE00E94017AE5
:10BF200010932D0C0E94877660935E0B70935F0BCD
:10BF30008093600B9093610B63EB76E0CE010196EA
:10BF40000E94FD77882391F063EB76E08BE991E125
:10BF50000E9496786BEE79E08DE693E10E94017A7B
:10BF600067EE79E087E79DE00E94017A6DEB76E06D
:10BF7000CE0101960E94FD77882391F06DEB76E06B
:10BF80008BE991E10E94967863EE79E08DE693E18A
:10BF90000E94017A6FED79E087E79DE00E94017AC7
:10BFA00066E777E0CE0101960E94FD77882391F045
:10BFB00062ED79E084E19EE00E94017A68EE73E030
:10BFC00080E090E00E94547665EC79E084E19EE0A8
:10BFD0000E94017A63E877E0CE0101960E94FD7726
:10BFE000882391F068EB79E084E19EE00E94017A79
:10BFF00068EE73E080E090E00E9454766BEA79E0AE
:10C0000084E19EE00E94017A60E977E0CE0101962A
:10C010000E94FD77882391F06EE979E084E19EE04B
:10C020000E94017A68EE73E080E090E00E9454760E
:10C0300061E979E084E19EE00E94017A6DE977E0B0
:10C04000CE0101960E94FD77882331F064E879E003
:10C0500087E79DE00E94017A63E077E0CE010196D8
:10C060000E94FD77882341F06BE779E087E79DE048
:10C070000E94017A1093DA0B69E875E0CE0101960F
:10C080000E94FD77882341F062E779E08DE693E135
:10C090000E94017A1093580B64E875E0CE01019676
:10C0A0000E94FD77882331F068E679E08DE693E120
:10C0B0000E94017A65EA77E0CE0101960E94FD7741
:10C0C0008823D1F063E679E08DE693E10E94017A5E
:10C0D0001093D90B69E579E081EB9EE00E94017A2B
:10C0E0006FE479E084E19EE00E94017A65E479E002
:10C0F00087E79DE00E94017A6EEA77E0CE01019623
:10C100000E94FD77882349F169E379E08EE49FE09E
:10C110000E94017A1093DC0C1092D80C1092D90C6A
:10C120001092DA0C1092DB0C20E830E0A90170E0EC
:10C1300060E08BE293E10E942A7F8BE293E10E9410
:10C14000967F8091300C811106C01093300CD092F4
:10C150002F0CC0922E0C1093DB0B61EC77E0CE011C
:10C1600001960E94FD77882391F189E390E00E9477
:10C1700090171093310C8091300C811122C01093D4
:10C18000300C10922F0C10922E0C0E948776609328
:10C19000620B7093630B8093640B9093650BF12C8F
:10C1A000E12C2FE835EC4FEF50E0B70185E193E14A
:10C1B0000E942A7F8FEFE81AF80A9DE0E916F10441
:10C1C00081F766E573E08BE991E10E94967865EC72
:10C1D00077E0CE0101960E94FD77882391F06DE211
:10C1E00079E084E19EE00E94017A64E670E080E0FC
:10C1F00090E00E94547668E279E084E19EE00E943B
:10C20000017A6EE473E0CE0101960E94FD778823E7
:10C2100031F062E279E084E19EE00E94017A6AEC0A
:10C2200077E0CE0101960E94FD778823D1F066E584
:10C2300073E08BE991E10E9496786EE179E08DE6FA
:10C2400093E10E94017A6AE179E087E79DE00E942C
:10C25000017A1093D80B6EE079E084E19EE00E94B1
:10C26000017A60ED77E0CE0101960E94FD77882388
:10C2700091F066E573E08BE991E10E9496786AE0BF
:10C2800079E08DE693E10E94017A66E079E087E744
:10C290009DE00E94017A64E773E0CE0101960E945E
:10C2A000FD778823B9F066E573E08BE991E10E94A0
:10C2B00096781092310C1092870B0E9459170E94A9
:10C2C000A83089E180933E0DCE0101960E94A078AE
:10C2D0000C94F0576DEB73E0CE0101960E94FD7750
:10C2E000882341F010921F026EEF78E084E19EE017
:10C2F0000E94017A65EC73E0CE0101960E94FD7701
:10C30000882341F010931F0265EF78E084E19EE0FE
:10C310000E94017A6EEA76E0CE0101960E94FD77D6
:10C32000882309F120E830E0A90170E060E08BE2A9
:10C3300093E10E942A7F8BE293E10E94967F109204
:10C34000870B60EF78E081EB9EE00E94017A66EE59
:10C3500078E084E19EE00E94017A6CED78E087E766
:10C360009DE00E94017A8091DB0B8823F1F180919E
:10C37000DA0B8823D1F18091D90B8823B1F1809118
:10C38000D80B882391F18091D70B882371F11092FB
:10C39000310C66E573E08BE991E10E9496780E948A
:10C3A00087766093FB0C7093FC0C8093FD0C90934C
:10C3B000FE0C6FEC78E08EE49FE00E94017A109210
:10C3C000DB0B1092DA0B1092D90B1092D80B109253
:10C3D000D70B10932C0C0E94877660935A0B7093A6
:10C3E0005B0B80935C0B90935D0BCE0101960E94DA
:10C3F000A0780C94ED586AE974E0CE0107960E948B
:10C40000FD7762EC78E081110AC064EA74E0CE0145
:10C4100007960E94FD77882341F065EB78E08EE473
:10C420009FE00E94017A0C9427596BEA74E0CE01D8
:10C4300007960E94FD7768EA78E08111F0CF62EB01
:10C4400074E0CE0107960E94FD77882351F06FE9D2
:10C4500078E08EE49FE00E94017A1093D70B0C9451
:10C4600027596BEB74E0CE0107960E94FD7764E9D3
:10C4700078E08111D4CF66EC74E0CE0107960E947B
:10C48000FD7769E878E08111CACF61ED74E0CE01F3
:10C4900007960E94FD776DE778E08111C0CF6DEDC2
:10C4A00074E0CE0107960E94FD7763E778E0811182
:10C4B000B6CF6EEC73E0CE0107960E94FD7788231D
:10C4C00081F06EE473E0CE0101960E94A878CE015F
:10C4D00001960E94A417CE0101960E94A0780C94A8
:10C4E000275967EE74E0CE0107960E94FD778823F6
:10C4F00011F40C94275920E03FEF4FEF50E070E02B
:10C5000060E087E593E10E942A7F87E593E10E943E
:10C51000967F20E830E0A90170E060E08BE293E1D3
:10C520000E942A7F8BE293E10E94967F1092870BF4
:10C530006DE678E081EB9EE00E94017A6DE578E09F
:10C540008EE49FE00E94017A63E578E087E79DE052
:10C550000E94017A69E478E08DE693E10E94017A15
:10C560006FE378E084E19EE05CCFEF92FF920F935F
:10C570001F93CF93DF93CDB7DEB72C970FB6F89408
:10C58000DEBF0FBECDBF11E081EB9EE00E948C703C
:10C59000892B09F053C011E084E19EE00E948C7069
:10C5A000892B09F0C8C011E087E79DE00E948C70DC
:10C5B000892B09F03DC111E08DE693E10E94E971FC
:10C5C000892B09F4F6C16DE673E1CE0107960E944E
:10C5D000B978CE0107960E946A778B859C85892B56
:10C5E00051F00E94877660934D0D70934E0D8093AD
:10C5F0004F0D9093500D60E074E0CE0107960E94BD
:10C60000FD77811116C065E074E0CE0101960E94AD
:10C61000A878BE016F5F7F4FCE0107960E94C77753
:10C620007C01CE0101960E94A078EF20E09409F4ED
:10C630007CC1CE0107960E94A078BECF61EB7EE060
:10C64000CE0107960E94B978CE0107960E946A77BC
:10C650008B859C85892B51F00E9487766093590DBC
:10C6600070935A0D80935B0D90935C0D60E074E0C5
:10C67000CE0107960E94FD77811115C065E074E038
:10C68000CE0101960E94A878BE016F5F7F4FCE0158
:10C6900007960E94C7777C01CE0101960E94A07880
:10C6A000EF20E09429F0CE0107960E94A0786CCF8D
:10C6B0006AE574E0CE0101960E94A878BE016F5F22
:10C6C0007F4FCE0107960E94E277082FCE01019698
:10C6D0000E94A078002341F0BE01695F7F4F8EE485
:10C6E0009FE00E94C079DFCF64ED77E0CE0107962E
:10C6F0000E94FD77882369F080911C0C8111D3CFB3
:10C7000010931C0C66EC77E08EE49FE00E94017AA7
:10C71000CACF6DED77E0CE0107960E94FD778823A2
:10C7200011F280911C0C882309F4BDCF10921C0CCF
:10C730006CEB77E0E9CF64E17EE0CE0107960E94E2
:10C74000B978CE0107960E946A778B859C85892BE4
:10C7500051F00E9487766093550D7093560D80932B
:10C76000570D9093580D60E074E0CE0107960E943B
:10C77000FD77811115C065E074E0CE0101960E943D
:10C78000A878BE016F5F7F4FCE0107960E94C777E2
:10C790007C01CE0101960E94A078EF20E09429F060
:10C7A000CE0107960E94A078F7CE6AE574E0CE012C
:10C7B00001960E94A878BE016F5F7F4FCE01079659
:10C7C0000E94E277082FCE0101960E94A0780023F4
:10C7D00041F0BE01695F7F4F8EE49FE00E94C07907
:10C7E000DFCF67EE77E0CE0107960E94FD778823C2
:10C7F00069F080911B0C8111D3CF10931B0C63EB5C
:10C8000077E08EE49FE00E94017ACACF60EF77E084
:10C81000CE0107960E94FD77882311F280911B0CB0
:10C82000882309F4BDCF10921B0C69EA77E0E9CFA9
:10C8300067E77DE0CE0107960E94B978CE010796A2
:10C840000E946A778B859C85892B51F00E948776A0
:10C850006093510D7093520D8093530D9093540D2E
:10C8600060E074E0CE0107960E94FD77811115C04B
:10C8700065E074E0CE0101960E94A878BE016F5F6A
:10C880007F4FCE0107960E94C7777C01CE010196AB
:10C890000E94A078EF20E09429F0CE0107960E9434
:10C8A000A07882CE6AE574E0CE0101960E94A87855
:10C8B000BE016F5F7F4FCE0107960E94E277082F7F
:10C8C000CE0101960E94A078002341F0BE01695F6D
:10C8D0007F4F8EE49FE00E94C079DFCF6AEF77E060
:10C8E000CE0107960E94FD77882369F080911A0C8B
:10C8F0008111D3CF10931A0C60EA77E08EE49FE0A9
:10C900000E94017ACACF63E078E0CE0107960E94C8
:10C91000FD77882311F280911A0C882309F4BDCF8A
:10C9200010921A0C66E977E0E9CF6AE574E0CE016F
:10C9300001960E94A878BE016F5F7F4FCE010796D7
:10C940000E94E277082FCE0101960E94A078002372
:10C9500041F0BE01695F7F4F8EE49FE00E94C07985
:10C9600068CE6DE078E0CE0107960E94FD778823BF
:10C9700069F08091190C81115CCE1093190C6DE84F
:10C9800077E08EE49FE00E94017A53CE66E178E082
:10C99000CE0107960E94FD77882309F44ACE809144
:10C9A000190C882309F445CE1092190C63E877E03E
:10C9B000E8CF80911C0C8823B9F080911B0C882350
:10C9C00099F080911A0C882379F08091190C8823B2
:10C9D00059F068E777E08EE49FE00E94017A809149
:10C9E0003E0D8F5F80933E0D11E08EE49FE00E942C
:10C9F0008C70892B09F44BC06EE47FE0CE01019668
:10CA00000E94B978CE0101960E946A776EE477E0C1
:10CA1000CE0101960E94FD7781110E94118460E28F
:10CA200078E0CE0101960E94FD77882359F06DE6EB
:10CA300077E08EE49FE00E94017A80913E0D8F5F47
:10CA400080933E0D6DEB73E0CE0101960E94FD7761
:10CA5000811110921F0265EC73E0CE0101960E94D5
:10CA6000FD77811110931F0264E773E0CE010196F8
:10CA70000E94FD778823C1F00E9459170E94A830B8
:10CA800089E180933E0DCE0101960E94A0782C96FC
:10CA90000FB6F894DEBF0FBECDBFDF91CF911F91CF
:10CAA0000F91FF90EF900895CE0101960E94A0781B
:10CAB0009CCF8F929F92AF92BF92CF92DF92EF92D4
:10CAC000FF920F931F93CF93DF93CDB7DEB72C97D1
:10CAD0000FB6F894DEBF0FBECDBF80913C0C811124
:10CAE0000AC00E9487766093EA0C7093EB0C8093E7
:10CAF000EC0C9093ED0C0E9487760091EA0C10915B
:10CB0000EB0C2091EC0C3091ED0C601B710B820B47
:10CB1000930B603777418105910560F080913C0C63
:10CB2000882341F067E677E08EE49FE00E94017A77
:10CB300010923C0C8091400C8111FBC011E08EE4FE
:10CB40009FE00E948C70892B09F4F3C06EE47FE0B3
:10CB5000CE0101960E94B978CE0101960E946A77B3
:10CB60008D819E81892B69F06EE477E08EE49FE0F1
:10CB70000E94DD79BE016F5F7F4F8EE49FE00E94CF
:10CB8000C07966E278E0CE0107960E94A878BE01DF
:10CB9000695F7F4FCE0101960E94C7777C01CE016D
:10CBA00007960E94A078EF20E09411F010933C0CBF
:10CBB0006EE477E0CE0107960E94A878BE01695F17
:10CBC0007F4FCE0101960E94C7777C01CE01079668
:10CBD0000E94A078EF20E09411F00E94118462E49A
:10CBE00075E0CE0107960E94A878BE01695F7F4F6D
:10CBF000CE0101960E94C7777C01CE0107960E9464
:10CC0000A078EF20E094F9F068EC70E080E090E02C
:10CC10000E9454768CE390E00E9490171092370C9B
:10CC20001092360C1092350C1092340C1092330C7A
:10CC300010923C0C10923F0C10923E0C80913E0DD5
:10CC40008F5F80933E0D64E773E0CE0107960E94EC
:10CC5000A878BE01695F7F4FCE0101960E94C77719
:10CC60007C01CE0107960E94A078EF20E09471F13C
:10CC70000E9459171092370C1092360C1092350CF6
:10CC80001092340C1092330C10923C0C10923F0C0A
:10CC900010923E0C0E94A83089E180933E0DCE0197
:10CCA00001960E94A0782C960FB6F894DEBF0FBEB6
:10CCB000CDBFDF91CF911F910F91FF90EF90DF904B
:10CCC000CF90BF90AF909F908F9008956DEB73E0E1
:10CCD000CE0107960E94A878BE01695F7F4FCE0102
:10CCE00001960E94C7777C01CE0107960E94A0782A
:10CCF000EF20E09411F010921F0265EC73E0CE017A
:10CD000007960E94A878BE01695F7F4FCE01019609
:10CD10000E94C7777C01CE0107960E94A078EF2081
:10CD2000E09411F010931F02CE0101960E94A078AA
:10CD300006CF80913F0C81116DC01092370C10927C
:10CD4000360C1092350C1092340C1092330C109259
:10CD50003B0C10923A0C1092390C1092380C62E491
:10CD600077E081EB9EE00E94017A64E170E080E070
:10CD700090E00E94547666E377E084E19EE00E94B2
:10CD8000017A64E170E080E090E00E9454766AE20B
:10CD900077E087E79DE00E94017A64E170E080E03F
:10CDA00090E00E9454766EE177E08DE693E10E9478
:10CDB000017A64E170E080E090E00E94547683E1C3
:10CDC00092E10E941D7C8091141284FF04C083E1D3
:10CDD00092E10E941D7C809125128093330C109269
:10CDE0003E0C10923D0C81E080933F0C0E948776B0
:10CDF00060933E0B70933F0B8093400B9093410BDD
:10CE00000E94877660933A0B70933B0B80933C0BA8
:10CE100090933D0B10913B0C112349F010913A0C6B
:10CE2000112329F01091390C11111091380C0E9426
:10CE30008776C0903A0BD0903B0BE0903C0BF09083
:10CE40003D0B1111DFC06C197D098E099F096939ED
:10CE50007A438105910508F0D4C090E7C92E97E187
:10CE6000D92EE12CF12C80913D0C811151C00E94F2
:10CE7000877680903E0B90903F0BA090400BB09037
:10CE8000410B681979098A099B09C616D706E80675
:10CE9000F906F0F50E94877660933E0B70933F0B86
:10CEA0008093400B9093410B62E177E081EB9EE031
:10CEB0000E94017A6AE070E080E090E00E9454767F
:10CEC00066E077E084E19EE00E94017A6AE070E02B
:10CED00080E090E00E9454766AEF76E087E79DE07C
:10CEE0000E94017A6AE070E080E090E00E9454764F
:10CEF0006EEE76E08DE693E10E94017A8091330C2C
:10CF0000882331F067EE76E08EE49FE00E94017A9C
:10CF100083E192E10E941D7C8091141284FF04C081
:10CF200083E192E10E941D7C809125129091330C47
:10CF3000981761F08093330C60EE76E0811102C0A7
:10CF400065ED76E08EE49FE00E94017A01E081EBDE
:10CF50009EE00E948C70892B09F05BC001E084E1A7
:10CF60009EE00E948C70892B09F0CBC001E087E71E
:10CF70009DE00E948C70892B09F03BC101E08DE699
:10CF800093E10E94E971892B09F4FAC16DE673E11E
:10CF9000CE0107960E94B978CE0107960E946A7763
:10CFA0008B859C85892B51F00E94877660934D0D6F
:10CFB00070934E0D80934F0D9093500D60E074E090
:10CFC000CE0107960E94FD77811116C065E074E0DE
:10CFD000CE0101960E94A878BE016F5F7F4FCE01FF
:10CFE00007960E94C7777C01CE0101960E94A07827
:10CFF000EF20E09409F475C1CE0107960E94A07855
:10D00000BECF11E080E2C82E8EE4D82EE12CF12CA8
:10D010002ACF61EB7EE0CE0107960E94B978CE015F
:10D0200007960E946A778B859C85892B51F00E9418
:10D0300087766093590D70935A0D80935B0D909392
:10D040005C0D60E074E0CE0107960E94FD778111CF
:10D0500015C065E074E0CE0101960E94A878BE017B
:10D060006F5F7F4FCE0107960E94C7777C01CE018C
:10D0700001960E94A078EF20E09429F0CE01079657
:10D080000E94A07864CF6AE574E0CE0101960E9408
:10D09000A878BE016F5F7F4FCE0107960E94E277AE
:10D0A000F82ECE0101960E94A078FF2041F0BE012B
:10D0B000695F7F4F8EE49FE00E94C079DFCF6EE30F
:10D0C00078E0CE0107960E94FD77882359F00093FF
:10D0D000370C00933B0C6EEC76E08EE49FE00E94F0
:10D0E000017ACCCF6CE478E0CE0107960E94FD7700
:10D0F000882321F21092370C00933B0C63EC76E00E
:10D10000ECCF64E17EE0CE0107960E94B978CE01B3
:10D1100007960E946A778B859C85892B51F00E9427
:10D1200087766093550D7093560D8093570D9093AD
:10D13000580D60E074E0CE0107960E94FD778111E2
:10D1400015C065E074E0CE0101960E94A878BE018A
:10D150006F5F7F4FCE0107960E94C7777C01CE019B
:10D1600001960E94A078EF20E09429F0CE01079666
:10D170000E94A078F4CE6AE574E0CE0101960E9488
:10D18000A878BE016F5F7F4FCE0107960E94E277BD
:10D19000F82ECE0101960E94A078FF2041F0BE013A
:10D1A000695F7F4F8EE49FE00E94C079DFCF6EE31E
:10D1B00078E0CE0107960E94FD77882359F000930E
:10D1C000360C00933A0C6CEB76E08EE49FE00E9404
:10D1D000017ACCCF6CE478E0CE0107960E94FD770F
:10D1E000882321F21092360C00933A0C61EB76E022
:10D1F000ECCF67E77DE0CE0107960E94B978CE01BB
:10D2000007960E946A778B859C85892B51F00E9436
:10D2100087766093510D7093520D8093530D9093C8
:10D22000540D60E074E0CE0107960E94FD778111F5
:10D2300015C065E074E0CE0101960E94A878BE0199
:10D240006F5F7F4FCE0107960E94C7777C01CE01AA
:10D2500001960E94A078EF20E09429F0CE01079675
:10D260000E94A07884CE6AE574E0CE0101960E9407
:10D27000A878BE016F5F7F4FCE0107960E94E277CC
:10D28000F82ECE0101960E94A078FF2041F0BE0149
:10D29000695F7F4F8EE49FE00E94C079DFCF6EE32D
:10D2A00078E0CE0107960E94FD77882359F000931D
:10D2B000350C0093390C6AEA76E08EE49FE00E9418
:10D2C000017ACCCF6CE478E0CE0107960E94FD771E
:10D2D000882321F21092350C0093390C6FE976E027
:10D2E000ECCF6AE574E0CE0101960E94A878BE01F9
:10D2F0006F5F7F4FCE0107960E94E277F82ECE0136
:10D3000001960E94A078FF2041F0BE01695F7F4F27
:10D310008EE49FE00E94C0796FCE6EE378E0CE018C
:10D3200007960E94FD77811120C069E378E0CE0165
:10D3300007960E94FD77811118C06CE478E0CE0159
:10D3400007960E94FD77811109C067E478E0CE015D
:10D3500007960E94FD77882309F44ECE1092340C74
:10D360000093380C6DE876E006C00093340C00930F
:10D37000380C68E976E08EE49FE00E94017A3CCEAA
:10D380001123F9F02091370C8091360C422F480F71
:10D390005527551F2091350C240F352F311D8091B5
:10D3A000340C280F311D8091330C820F932F911D67
:10D3B00020913E0C211183C0059719F081E08093E4
:10D3C0003E0C11E08EE49FE00E948C70892B09F4E2
:10D3D0006ACC6EE47FE0CE0101960E94B978CE015E
:10D3E00001960E946A7766E278E0CE0101960E947B
:10D3F000FD77811110933C0C6EE477E0CE0101962D
:10D400000E94FD7781110E94118462E475E0CE01D3
:10D4100001960E94FD77882359F168EC70E080E066
:10D4200090E00E9454768CE390E00E949017109256
:10D43000370C1092360C1092350C1092340C10925E
:10D44000330C10923B0C10923A0C1092390C109243
:10D45000380C10923C0C10923F0C10923E0C109223
:10D460003D0C1092400C80913E0D8F5F80933E0DDD
:10D4700064E773E0CE0101960E94FD778823B1F145
:10D480000E9459171092370C1092360C1092350CDE
:10D490001092340C1092330C10923B0C10923A0CF8
:10D4A0001092390C1092380C10923C0C10923F0CD8
:10D4B00010923E0C10923D0C1092400CEBCB059755
:10D4C00009F07FCF80913D0C81117BCF68EC70E03B
:10D4D00080E090E00E9454766EE776E08EE49FE074
:10D4E0000E94017A81E080933D0C6BCF6DEB73E07D
:10D4F000CE0101960E94FD77811110921F0265EC0A
:10D5000073E0CE0101960E94FD77811110931F02F6
:10D51000CE0101960E94A07855CFCF92DF92EF9274
:10D52000FF920F931F93CF93DF93CDB7DEB72C9766
:10D530000FB6F894DEBF0FBECDBF10923B0D109218
:10D54000360D1092350D0E9417138091CB0C81116E
:10D550000E949A290E94E7168EE49FE00E948C7038
:10D56000892B09F44BC06EE47FE0CE0101960E9446
:10D57000B978CE0101960E946A77CE0101960E9489
:10D58000C02F811106C3CE0101960E94492F81113F
:10D5900000C3CE0101960E9415218111FAC264E7F1
:10D5A00073E0CE0107960E94A878BE01695F7F4FA5
:10D5B000CE0101960E94C7778C01CE0107960E948A
:10D5C000A0780F3F1F4F49F10E944B840E945917CA
:10D5D0008EE49FE00E948C70892B29F08EE49FE0FE
:10D5E0000E946A70F5CF10923C0D89E180933E0D48
:10D5F00010923D0DCE0101960E94A0782C960FB698
:10D60000F894DEBF0FBECDBFDF91CF911F910F9178
:10D61000FF90EF90DF90CF90089565E375E0CE0125
:10D6200007960E94A878BE01695F7F4FCE010196E0
:10D630000E94C7778C01CE0107960E94A0780F3F09
:10D640001F4F09F4DEC082E180933E0D1092140D4D
:10D6500010923C0D81E0809320021092E80C109211
:10D660004C0D1092460C89EE92E10E94DF7E83ED14
:10D6700092E10E94DF7E89EE92E10E94967F83ED27
:10D6800092E10E94967F0E942C176DE574E081EB79
:10D690009EE00E94017A6AE070E080E090E00E94E3
:10D6A000547667E574E084E19EE00E94017A6AE0C6
:10D6B00070E080E090E00E94547661E574E087E7D6
:10D6C0009DE00E94017A6AE070E080E090E00E94B4
:10D6D00054766BE474E08DE693E10E94017A6AE08F
:10D6E00070E080E090E00E9454760E9487766B01A3
:10D6F0007C010E9487766C197D098E099F096C3D1B
:10D7000075408105910548F40E942C176AE070E08D
:10D7100080E090E00E945476ECCF65E474E081EB09
:10D720009EE00E94017A6AE070E080E090E00E9452
:10D7300054766FE374E084E19EE00E94017A6AE02F
:10D7400070E080E090E00E94547669E374E087E73F
:10D750009DE00E94017A6AE070E080E090E00E9423
:10D76000547663E374E08DE693E10E94017A6AE007
:10D7700070E080E090E00E94547667E274E084E11B
:10D780009EE00E94017A62E370E080E090E00E94F7
:10D79000547661E274E084E19EE00E94017A62E3E3
:10D7A00070E080E090E00E94547664E174E084E1EF
:10D7B0009EE00E94017A6EE571E080E090E00E94B8
:10D7C00054766BE074E084E19EE00E94017A68EC9C
:10D7D00070E080E090E00E9454760E942C1766EE84
:10D7E00073E08EE49FE00E94017A8EE49FE00E9445
:10D7F0008C70892B09F4FECE8EE49FE00E946A7043
:10D80000F4CF6CE375E0CE0107960E94A878BE01C4
:10D81000695F7F4FCE0101960E94C7778C01CE01D0
:10D8200007960E94A0780F3F1F4F09F415C160EEC4
:10D8300073E081EB9EE00E94017A6AED73E084E17F
:10D840009EE00E94017A64ED73E087E79DE00E940C
:10D85000017A6EEC73E08DE693E10E94017A6CED43
:10D8600075E080E090E00E9454760E942C1762ECF4
:10D8700073E081EB9EE00E94017A62E370E080E059
:10D8800090E00E94547666EB73E084E19EE00E9493
:10D89000017A62E370E080E090E00E9454766AEAE8
:10D8A00073E087E79DE00E94017A62E370E080E028
:10D8B00090E00E9454766EE973E08DE693E10E9459
:10D8C000017A62E370E080E090E00E94547689E2A1
:10D8D0000E942674892B31F064E973E08EE49FE0A6
:10D8E0000E94017A88E20E942674892B31F46BE849
:10D8F00073E08EE49FE00E94017A61E270E084E0D0
:10D9000090E00E949C12882331F060E873E08EE47E
:10D910009FE00E94017A65E170E087E090E00E945C
:10D920009C12882331F068E773E08EE49FE00E9448
:10D93000017A62E470E085E090E00E949C12882306
:10D9400031F06FE673E08EE49FE00E94017A64E1BB
:10D9500070E081E090E00E949C12882331F064E640
:10D9600073E08EE49FE00E94017A62E470E083E05D
:10D9700090E00E949C128823F1F062E470E090E055
:10D9800080E00E949C128823B1F062E470E081E0A4
:10D9900090E00E949C12882371F062E470E082E0C3
:10D9A00090E00E949C12882331F06AE573E08EE4D7
:10D9B0009FE00E94017A60E087E20E944F7460E07D
:10D9C00084E20E944F7460E083E00E944F7460E044
:10D9D00084E00E944F7460E087E00E944F7460E032
:10D9E00085E20E944F7460E08BE30E944F7460E018
:10D9F0008DE30E944F740AEA12E0F801E190F19081
:10DA00008F01C7010E94DF7EC7010E94967FF2E06E
:10DA1000083B1F0791F71092140D10923B0D1092C6
:10DA2000360D1092350D0E9487766093100D70931D
:10DA3000110D8093120D9093130D8AE180933E0D8A
:10DA40008EE49FE00E948C70892B09F4D3CD8EE484
:10DA50009FE00E946A70F4CF64E574E0CE01019605
:10DA60000E94FD77882309F488C060911B027091A1
:10DA70001C028091190290911A020E949675809161
:10DA8000D20C9091D30C0E9431726091130270916C
:10DA9000140290E080E00E945476E091B4128E2F40
:10DAA00090E0FC01EE0FFF1FE80FF91FE551F04F6A
:10DAB00080818F7B808361E573E08EE49FE00E942C
:10DAC000017A64E670E080E090E00E9454766BE4B6
:10DAD00073E08DE693E10E94017A65E473E081EBE7
:10DAE0009EE00E94017A6FE373E084E19EE00E9471
:10DAF000017A69E373E087E79DE00E94017A68EEAE
:10DB000073E080E090E00E94547661E373E08EE47D
:10DB10009FE00E94017A1092E70C81E080930F024F
:10DB20001092590B1092570B1092580B1092560BE3
:10DB300080931E020E9487766093E20C7093E30C40
:10DB40008093E40C9093E50C1092140D10923B0D11
:10DB50001092360D1092350D80913E0D8F5F80939F
:10DB60003E0D8EE49FE00E948C70892B09F442CD1B
:10DB70008EE49FE00E946A70F4CF62E475E0CE010B
:10DB800001960E94FD77882349F08CE390E00E9483
:10DB9000392FCE0101960E94A078DECC64E575E0B5
:10DBA000CE0101960E94FD77882319F082E290E071
:10DBB000EECF64E675E0CE0101960E94FD778823E2
:10DBC00019F08AE390E0E3CF63E775E0CE010196B8
:10DBD0000E94FD77882319F089E390E0D8CF64E8AC
:10DBE00075E0CE0101960E94FD77882339F067E247
:10DBF00073E08DE693E10E94017ACBCF62E975E094
:10DC0000CE0101960E94FD77882329F06DE173E033
:10DC100087E79DE0F0CF60EA75E0CE0101960E94B3
:10DC2000FD77882319F08FE390E0B1CF64EB75E0C6
:10DC3000CE0101960E94FD77882319F08EE190E0D5
:10DC4000A6CF69EC75E0CE0101960E94FD7788238E
:10DC500019F081E490E09BCF6BED75E0CE01019669
:10DC60000E94FD77882329F063E173E081EB9EE059
:10DC7000C2CF6EEE75E0CE0101960E94FD7788233B
:10DC800019F080E490E083CF6DEF75E0CE0101964E
:10DC90000E94FD77882319F088E390E078CF6EE04A
:10DCA00076E0CE0101960E94FD7769E073E0811174
:10DCB00014C06FED73E0CE0101960E94FD776CEF0A
:10DCC00072E081110AC06FE176E0CE0101960E94F8
:10DCD000FD77882329F06DEE72E084E19EE08BCF22
:10DCE0006EE276E0CE0101960E94FD77882309F46A
:10DCF0009BC00E9487766B017C0166ED72E08EE42A
:10DD00009FE00E94DD798091590D90915A0DA0916C
:10DD10005B0DB0915C0D0097A105B10509F478C0C9
:10DD2000B701A601481B590B6A0B7B0B81E090E001
:10DD3000403355476105710508F080E00E94827903
:10DD40006DEC72E08EE49FE00E94DD798091550DCC
:10DD50009091560DA091570DB091580D0097A105C7
:10DD6000B10509F458C0B701A601481B590B6A0B4D
:10DD70007B0B81E090E0403355476105710508F069
:10DD800080E00E94827967EC72E08EE49FE00E945E
:10DD9000DD798091510D9091520DA091530DB0916C
:10DDA000540D0097A105B105C9F1B701A601481BA3
:10DDB000590B6A0B7B0B81E090E0403355476105BE
:10DDC000710508F080E00E94827960EC72E08EE4D8
:10DDD0009FE00E94DD7980914D0D90914E0DA091B4
:10DDE0004F0DB091500D0097A105B105D1F0C81AA3
:10DDF000D90AEA0AFB0A81E090E020E3C21625E78F
:10DE0000D206E104F10408F080E00E94B079C1CEAE
:10DE100080E090E093CF80E090E0B3CF80E090E0AE
:10DE2000D2CF80E090E0F1CFCE0101960E944D85E7
:10DE30008111AFCE18861F821A8619861C861B8612
:10DE400069817A816115710531F04D815E81CE0164
:10DE500007960E946B78CE0107960E948484CE01BB
:10DE600007960E94A07895CE9091A911E091AA11F1
:10DE7000F091AB11292F209580FF14C0F894828176
:10DE8000822382838181892B8183A3E2B0E0119771
:10DE9000F1F78281982B9283789487ED90E0019737
:10DEA000F1F70895F8948281822382838181892BFE
:10DEB0008183AFEFB0E01197F1F78281982B9283C5
:10DEC00078948FE090E0EBCF8091A911E091AA11B6
:10DED000F091AB11F8949181982B91832281382F86
:10DEE000309523232283A7E0B0E01197F1F79181C9
:10DEF00093239183A3E2B0E01197F1F79081789496
:10DF0000EFECF0E03197F1F7982381E009F480E03D
:10DF100008958150823108F05AC0E82FF0E0882738
:10DF2000EB56F0498F4F0C9449A0B56FB96FA76FAE
:10DF3000AD6FB16FE76FBC6FC26FC66FCC6FD06F44
:10DF4000D46FDA6FDE6FE76FE26FE86FEC6F80918E
:10DF500080008F77809380000895809180008F7D6E
:10DF6000F9CF80918000877FF5CF84B58F7784BD0E
:10DF7000089584B58F7DFBCF8091B0008F7780931B
:10DF8000B00008958091B0008F7DF9CF809190000E
:10DF90008F77809390000895809190008F7DF9CFC6
:10DFA00080919000877FF5CF8091A0008F7780933C
:10DFB000A00008958091A0008F7DF9CF8091A000EE
:10DFC000877FF5CF809120018F778093200108957E
:10DFD000809120018F7DF9CF80912001877FF5CF3F
:10DFE0003FB7F8948091491490914A14A0914B1432
:10DFF000B0914C1426B5A89B05C02F3F19F001968F
:10E00000A11DB11D3FBFBA2FA92F982F8827BC0192
:10E01000CD01620F711D811D911D42E0660F771FBA
:10E02000881F991F4A95D1F70895AF92BF92CF925A
:10E03000DF92EF92FF920F931F93CF93DF936C01C8
:10E040007B018B01040F151FEB015E01AE18BF08A9
:10E05000C017D10759F06991D601ED91FC9101905B
:10E06000F081E02DC6011995892B79F7C501DF9163
:10E07000CF911F910F91FF90EF90DF90CF90BF90C5
:10E08000AF900895FC01A089B1898C91A689B789C8
:10E0900082FD0FC09C91818D8F5F8F73228D8217BF
:10E0A00049F0A18DAE0FBF2FB11D5D969C93818F5E
:10E0B00008958C910895FC01538D448D252F30E0F7
:10E0C000842F90E0821B930B541710F0CF96089585
:10E0D00001970895FC01918D828D981761F0A28DB2
:10E0E000AE0FBF2FB11D5D968C91928D9F5F9F7378
:10E0F000928F90E008958FEF9FEF0895FC01918D2E
:10E10000828D981731F0828DE80FF11D858D90E09A
:10E1100008958FEF9FEF0895FC01918D228D892F37
:10E1200090E0805C9F4F821B91098F73992708951F
:10E1300087E79DE00E948C7021E0892B09F420E0A4
:10E14000822F089584E19EE00E948C7021E0892B4B
:10E1500009F420E0822F089581EB9EE00E948C70EC
:10E1600021E0892B09F420E0822F08958EE49FE0BE
:10E170000E948C7021E0892B09F420E0822F089501
:10E18000FC01A48DA80FB92FB11DA35ABF4F2C912C
:10E19000848D90E001968F739927848FA689B78923
:10E1A0002C93A089B1898C91837080648C93938D1A
:10E1B000848D981306C00288F389E02D80818F7DBD
:10E1C00080830895EF92FF920F931F93CF93DF9375
:10E1D000EC0181E0888F9B8D8C8D98131AC0E889A3
:10E1E000F989808185FF15C09FB7F894EE89FF8972
:10E1F0006083E889F98980818370806480839FBF10
:10E2000081E090E0DF91CF911F910F91FF90EF900F
:10E210000895F62E0B8D10E00F5F1F4F0F7311271F
:10E22000E02E8C8D8E110CC00FB607FCFACFE8895A
:10E23000F989808185FFF5CFCE010E94C070F1CFB2
:10E24000EB8DEC0FFD2FF11DE35AFF4FF0829FB7CE
:10E25000F8940B8FEA89FB8980818062CFCFCF93BE
:10E26000DF93EC01888D8823B9F0AA89BB89E889FE
:10E27000F9898C9185FD03C0808186FD0DC00FB6A4
:10E2800007FCF7CF8C9185FFF2CF808185FFEDCF22
:10E29000CE010E94C070E9CFDF91CF91089580E058
:10E2A00090E0892B29F00E94B67081110E94000035
:10E2B00080E090E0892B29F00E94AC7081110E94CF
:10E2C000000080E090E0892B29F00E94A27081116B
:10E2D0000E94000080E090E0892B29F00E94987055
:10E2E00081110C94000008952091D60C3091D70C28
:10E2F0002817390771F49091D50C8091D40C981798
:10E3000041F0E091D50CF0E0E655FC4E808190E0C4
:10E3100008958FEF9FEF08950895EF92FF920F9366
:10E320001F93CF93DF93DC015C96ED90FC905D979B
:10E33000E114F10479F481E090E013969C938E93BC
:10E34000129790E080E0DF91CF911F910F91FF90A5
:10E35000EF9008955196ED91FC91529750968C91C3
:10E360005097982F90950FB75E962C915E97122F2D
:10E37000127021FD6095F8942081112319F1282B4A
:10E380002083E7012197F1F728E0462F50E0308104
:10E3900060FF1AC0382B3083E7012197F1F7BA01EB
:10E3A00075956795215089F7112381F08081892324
:10E3B00080830FBF5C968D919C910197F1F781E06E
:10E3C00090E0C1CF2923DCCF3923E5CF9081892B81
:10E3D000EFCF2091D60C3091D70C2817390761F474
:10E3E0008091D40C2091D50C90E0805C9F4F821BD3
:10E3F00091098F739927089590E080E00895209106
:10E40000D60C3091D70C28173907B9F49091D50C58
:10E410008091D40C981789F0E091D50CF0E0E65586
:10E42000FC4E80812091D50C30E02F5F3F4F2F7341
:10E4300033272093D50C90E008958FEF9FEF089538
:10E4400090E080E00895E9EAF1E1138615861486EC
:10E450001286118610861782168215821482138204
:10E460000895CF92DF92EF92FF92DC01A03282E01A
:10E47000B807D4F5A53BB10514F0A4EBB0E040918A
:10E48000B51228E830E0241B310947FD3395220FEF
:10E49000331F220F331F6901330FEE08FF0840912D
:10E4A000B61228E532E0241B310947FD3395220FCF
:10E4B000331F220F331F032E000C440B550B2C1956
:10E4C0003D094E095F09B7FF02C0B0E0A0E00E941D
:10E4D000B29E24EB30E040E050E00E94889EC20EE5
:10E4E000D31EE41EF51ED601E091B412E03380F590
:10E4F0002091B51288E890E0821B910927FD939541
:10E50000880F991F880F991FA817B90784F02091C9
:10E51000B61288E592E0821B910927FD9395880F3A
:10E52000991F880F991FA817B9070CF4CD010297FE
:10E53000880F991F4FB7F8942E2F30E0F901EE0F96
:10E54000FF1FE20FF31FE551F04F928381834FBF0E
:10E55000FF90EF90DF90CF900895CF92DF92EF92EF
:10E56000FF920F931F939C01AAEFB5E00E94DC9EDF
:10E57000DC01CB019058AF4FBF4FCD01BB2797FDBA
:10E58000B095AB2F8E3F21E0920758F5282F8F3F93
:10E59000910508F445C06EEF681B862F30E02FEF21
:10E5A000682F70E090E080E0CB0177276627D12CC0
:10E5B000F12CE12C632B7D298E299F29022F10E05D
:10E5C00030E020E0322F212F102F0027602B712BFD
:10E5D000822B932B1F910F91FF90EF90DF90CF90A4
:10E5E00008958C3F23E0920768F48D3F22E0920764
:10E5F00028F432E0380F2FEF80E0D2CF2CEF281B29
:10E600003FEFFACF8A3F25E0920769F03AEF381BD7
:10E610008B3F24E0920740F48C5F3FEF20E0C0CFB7
:10E6200030E08FEFBDCF30E020E0FBCF682F8EE4ED
:10E630009FE00C94E270CF93DF93EC019A01AB0161
:10E64000E889F98982E08083211581EE3807410548
:10E65000510581F160E079E08DE390E00E94BA9E7F
:10E66000215031094109510956954795379527950C
:10E67000EC85FD851082EE85FF852083188EEC8960
:10E68000FD8986E08083EA89FB89808180618083BF
:10E69000EA89FB89808188608083EA89FB8980819F
:10E6A00080688083EA89FB8980818F7D8083DF9108
:10E6B000CF910895E889F989108220E1D9CFFF929E
:10E6C0000F931F93CF93DF938091B611882369F046
:10E6D0001092B4111092B6111092B51180E0DF9132
:10E6E000CF911F910F91FF9008958091A911E09112
:10E6F000AA11F091AB11F8949181282F20959223C3
:10E70000918378943DE743E050E0315009F3DA011A
:10E710001197F1F790819823C1F3F8949281922395
:10E7200092839181982B91837894ABE7B7E011970E
:10E73000F1F7F894918192239183A3E1B1E01197CD
:10E74000F1F790817894E3E6F6E03197F1F78923C9
:10E7500009F0BECFC8E0D0E011E081E0912F907FBA
:10E7600009F480E00E94346F110F2197B1F7F894FB
:10E77000E091AA11F091AB1191818091A91180953E
:10E7800098239183E091AA11F091AB119281892392
:10E7900082837894D1E000E0F12CC1E00E94646FA4
:10E7A000182F0E94646F1130F1F48130D9F5C13413
:10E7B00008F48ECFF092B411F11003C081E0809381
:10E7C000B6118091AC11882309F482CFACEAB1E193
:10E7D000EEE6FDE086E79DE02D9121938E179F07E1
:10E7E000D9F781E07CCFE02FF0E0181311C08091C1
:10E7F000B411C817A8F4DF01A755BE4E13968C912B
:10E800008D2381F410E0C93010F4C093B511FC2EB3
:10E81000E755FE4E83819D2F9095892383830AC0FF
:10E820008C13F0CFE02FF0E0E755FE4E83818D2B67
:10E83000838311E0812F0E94346FCF5FDD0F11F4CD
:10E840000F5FD1E0083008F4A9CFB1CFCF93DF93A9
:10E85000282F30E0F901E857F54E8491F901E8548A
:10E86000F44ED491F901EE58F44EC491CC23A1F0AA
:10E8700081110E94896FEC2FF0E0EE0FFF1FE25C28
:10E88000F44EA591B491EC91ED2381E090E009F470
:10E8900080E0DF91CF91089580E090E0FACF1F9360
:10E8A000CF93DF93282F30E0F901E857F54E84919C
:10E8B000F901E854F44ED491F901EE58F44EC491A4
:10E8C000CC23A9F0162F81110E94896FEC2FF0E064
:10E8D000EE0FFF1FE85AF44EA591B4918FB7F8944C
:10E8E000EC91111108C0D095DE23DC938FBFDF912E
:10E8F000CF911F910895DE2BF8CFAF92BF92CF92A8
:10E90000DF92EF92FF920F931F93CF93DF936B01F0
:10E910007A01EC01C651DC4E28813CE0389F800131
:10E92000399F100D1124A0905914B12C27FF1FC03E
:10E93000FB011182108288818F5F88838881980112
:10E94000280F311D87FD3A95F6012A153B051CF469
:10E9500088818C30C4F180819181049680349C49F7
:10E9600008F473C0F60180819181049670C088819B
:10E970009801280F311D87FD3A952A153B05DCF6D5
:10E980008881A801480F511D87FD5A95FA01EE0FA5
:10E99000FF1FE40FF51FE551F04F808186FFCBCFBD
:10E9A0008881F801E80FF11D87FDFA95CF01EE0F80
:10E9B000FF1FE80FF91FE551F04F808160E08F7372
:10E9C0000E944F74B8CF808191812881A801420FA5
:10E9D000511D27FD5A959A01FA01EE0FFF1FE20F14
:10E9E000F31FE551F04F21813281820F931FF70110
:10E9F0009183808388819801280F311D87FD3A9586
:10EA0000F901EE0FFF1FE20FF31FE551F04F808178
:10EA100086FF22C08881080F111D87FD1A95F80115
:10EA2000EE0FFF1FE00FF11FE551F04F808161E015
:10EA30008F73DF91CF911F910F91FF90EF90DF9037
:10EA4000CF90BF90AF900C944F7480E49CE9F70195
:10EA5000918380838FEF8883DF91CF911F910F91F6
:10EA6000FF90EF90DF90CF90BF90AF900895CF933D
:10EA7000DF9390E0FC01E854F44E24918E58944EBC
:10EA8000FC0184918823C9F090E0880F991FFC0154
:10EA9000E259F54EA591B491FC01E85AF44EC591A6
:10EAA000D49161110DC09FB7F8948C912095822369
:10EAB0008C938881282328839FBFDF91CF9108956D
:10EAC000623051F49FB7F8943C91822F8095832354
:10EAD0008C93E8812E2BEFCF8FB7F894EC912E2BEF
:10EAE0002C938FBFEACFCF93DF93EC018981877F8F
:10EAF000898385FD18C062E08A810E9437758A810A
:10EB000090E0FC01EE58F44EE491F0E0EE0FFF1FB0
:10EB1000E25CF44E259134913D8B2C8BFC01E85442
:10EB2000F44EE491EE8BDF91CF9108950F931F93F4
:10EB3000CF93DF932091B412203308F06BC0EB0128
:10EB40008C0161E081E30E9437758091B412282F17
:10EB500030E0F901EE0FFF1FE20FF31FE551F04F18
:10EB60009081907C9163908320E232E0201B310BF6
:10EB700037FF02C02D5F3F4F359527953595279577
:10EB80002093B51220E639E02C1B3D0B37FF02C065
:10EB90002D5F3F4F35952795359527952093B612D4
:10EBA0002CE0622F0E9415A0829FB001112430E05A
:10EBB00020E0AB01420F531FFA01EE0FFF1FE40FDD
:10EBC000F51FE551F04F908196FD16C02F5F3F4F26
:10EBD0002C30310571F7813021F51092800082E0F0
:10EBE000809381001092850010928400B19A8091E8
:10EBF0006F00826080936F00E091B4128E2F90E0DE
:10EC0000FC01EE0FFF1FE80FF91FE551F04F808167
:10EC1000806480838091B412DF91CF911F910F9116
:10EC20000895823061F410929000809391001092C8
:10EC300095001092940088BB80937100DDCF8330E3
:10EC400069F41092A00082E08093A1001092A500C8
:10EC50001092A40089BB80937200CECF8111CCCFDB
:10EC60001092200182E080932101109225011092E0
:10EC700024018ABB80937300BFCF90917B00977F64
:10EC800090937B008653806480937C0080917A000F
:10EC9000806480937A0080917A0086FDFCCF809119
:10ECA00078009091790008958F929F92AF92BF92D1
:10ECB000CF92DF92EF92FF926B017C010E94F06F86
:10ECC0004B015C01C114D104E104F104B9F00E94CC
:10ECD000F06F681979098A099B09683E73408105BC
:10ECE000910580F321E0C21AD108E108F10888EE0D
:10ECF000880E83E0981EA11CB11CE4CFFF90EF901A
:10ED0000DF90CF90BF90AF909F908F9008952FB7D6
:10ED1000F894609145147091461480914714909135
:10ED200048142FBF0895EEE6FDE0A1E5B4E181911E
:10ED30008D938DE0E637F807D1F781E08093760D6B
:10ED40000E94877660934D1470934E1480934F14F5
:10ED50009093501408950F931F93CF93C091760D05
:10ED6000CC2321F10E94877600914D1410914E140E
:10ED700020914F1430915014601B710B820B930B38
:10ED8000603D77408105910588F4E1E5F4E1AEE668
:10ED9000BDE091918D91981309C084E1E935F807A0
:10EDA000C1F78C2FCF911F910F910895C0E0F9CF3B
:10EDB0000F931F93CF93DF93EC010E9487766887B0
:10EDC00079878A879B87E881F9810284F385E02D22
:10EDD000CE01199597FF15C00E9487760885198581
:10EDE0002A853B85601B710B820B930B0C811D8167
:10EDF0002E813F81601771078207930720F38FEF01
:10EE00009FEFDF91CF911F910F9108951F920F9265
:10EE10000FB60F9211242F933F938F939F93AF932D
:10EE2000BF938091451490914614A0914714B091DE
:10EE300048143091441423E0230F2D3758F50196E0
:10EE4000A11DB11D20934414809345149093461442
:10EE5000A0934714B09348148091491490914A1498
:10EE6000A0914B14B0914C140196A11DB11D80933B
:10EE7000491490934A14A0934B14B0934C14BF912F
:10EE8000AF919F918F913F912F910F900FBE0F9057
:10EE90001F90189526E8230F0296A11DB11DD2CF11
:10EEA000CF92DF92EF92FF926B017C01C114D104EB
:10EEB000E104F10441F00E94C49CA70196010E9464
:10EEC000889E6B017C01C701B601FF90EF90DF9037
:10EED000CF900895AF92BF92CF92DF92EF92FF92C0
:10EEE0000F931F93CF93DF93DC01CD90DC901197AC
:10EEF000C114D10439F01496CD91DC918C017601C6
:10EF0000209761F4DF91CF911F910F91FF90EF90C7
:10EF1000DF90CF90BF90AF90089575015701BFEF7C
:10EF2000AB1ABB0AF7018081082E000C990B0E94D6
:10EF3000589D892B91F72197CC0DDD1D8881082ED6
:10EF4000000C990B0E94589D892B29F0CE15DF05E6
:10EF500010F02197F3CFAE014F5F5F4F4E195F095D
:10EF6000D80115965C934E931497CE14DF0420F4C9
:10EF7000B701C6010E9457A2D801ED91FC911197EB
:10EF800014968D919C91E80FF91F1082BBCFCF93FF
:10EF9000DF93DC0114962D913C911597232B79F08A
:10EFA000FB01CD91DC9160817181CE010E9490A224
:10EFB000009729F08C1B9D0BDF91CF9108958FEF67
:10EFC0009FEFFACFFB0144815581FC0124813581FB
:10EFD0002417350778F080819181009759F0FB0163
:10EFE000608171816115710529F00E9482A221E082
:10EFF000892B09F020E0822F0895FC0124813581BE
:10F00000232B39F421E0FB018081882349F020E0A3
:10F0100007C0808191810E9472A221E0892BB9F7FB
:10F02000822F08950F931F93CF93DF93EC01888174
:10F030009981009759F02A813B812617370730F0D4
:10F0400081E0DF91CF911F910F9108958B016F5F48
:10F050007F4F0E9476A1009759F0998388831B8384
:10F060000A832C813D81232B59F7FC011082E8CFC4
:10F0700080E0E7CFEF92FF920F931F93CF93DF9340
:10F080001F921F92CDB7DEB78C0169831A82FC01F3
:10F09000E480F580FFEFEF1AFF0AB7010E941278B3
:10F0A000882381F0F8012081318184819581BE011E
:10F0B0006F5F7F4F820F931F0E947BA2F801F58242
:10F0C000E48281E00F900F90DF91CF911F910F911B
:10F0D000FF90EF900895EF92FF920F931F93CF93BD
:10F0E000DF93EC017B018A01BA010E94127828812A
:10F0F0003981811114C02115310519F0C9010E940F
:10F10000EDA0198218821D821C821B821A82CE01F8
:10F11000DF91CF911F910F91FF90EF9008951D8384
:10F120000C83B701C9010E947BA2F1CFFB010190C2
:10F130000020E9F73197AF01461B570B0C946B7811
:10F14000FC0180819181009711F00C94EDA008954D
:10F15000FC01118210821382128215821482FB013B
:10F1600001900020E9F73197AF01461B570B0C9433
:10F170006B780F931F93CF93DF93EC018B0166E5C0
:10F1800073E00E94A878C8010E94D87697FD08C055
:10F190008A30910529F0682FCE010E943A78F3CF8A
:10F1A000CE01DF91CF911F910F910895AF92BF9241
:10F1B000CF92DF92EF92FF920F931F93CF93DF9343
:10F1C000EC015B016A0179012417350720F48D2DCC
:10F1D0006901E42EF82E66E573E0CE010E94A8785E
:10F1E000D50114960D911C91C016D106E8F4E016D5
:10F1F000F10608F48701D501ED91FC911197E00F1C
:10F20000F11FF08010826D917C916C0D7D1D611558
:10F210007105B1F0CE010E949678F501808191814F
:10F22000080F191FD801FC92CE01DF91CF911F91D9
:10F230000F91FF90EF90DF90CF90BF90AF90089527
:10F2400088819981009711F00E94EDA0198218829F
:10F250001D821C821B821A82E0CFFB0101900020DC
:10F26000E9F73197AF01461B570BDC01ED91FC919B
:10F270000280F381E02D19948F929F92AF92BF92FA
:10F280000F931F93CF93DF93CDB7DEB7A1970FB640
:10F29000F894DEBF0FBECDBF19A2423008F44AE099
:10F2A0008E010F5D1F4F842E912CB12CA12CA50136
:10F2B00094010E94BA9EE62FB901CA01EA3004F512
:10F2C000E05DD801EE938D01232B242B252B79F7BC
:10F2D00090E080E0109729F0BD018EE49FE00E944D
:10F2E0002D79A1960FB6F894DEBF0FBECDBFDF918A
:10F2F000CF911F910F91BF90AF909F908F900895E5
:10F30000E95CDFCFCF92DF92EF92FF92CF93DF9352
:10F310006C01990FEE08FF08F7FE17C08DE20E94FE
:10F320001673EC0166277727CB016C197D098E09CE
:10F330009F094AE00E943C798C0F9D1FDF91CF917D
:10F34000FF90EF90DF90CF9008954AE0C701B6019B
:10F35000DF91CF91FF90EF90DF90CF900C943C79AC
:10F36000CF93DF930E948279EC0164E573E08EE431
:10F370009FE00E942D798C0F9D1FDF91CF91089502
:10F380000F931F93CF93DF93EC01FB0144815581D1
:10F3900060817181E881F9810280F381E02D199506
:10F3A0008C0164E573E0CE010E942D79800F911FDE
:10F3B000DF91CF911F910F910895EF92FF920F93DC
:10F3C0001F93CF93DF938C017B01D0E0C0E0F70166
:10F3D000EC0FFD1F6491662361F0D801ED91FC9163
:10F3E0000190F081E02DC8011995892B11F021962B
:10F3F000EECFCE01DF91CF911F910F91FF90EF9053
:10F4000008950F931F93CF93DF93EC010E94DD7952
:10F410008C0164E573E0CE010E942D79800F911F6D
:10F42000DF91CF911F910F9108951F920F920FB608
:10F430000F9211240BB60F922F933F934F935F932C
:10F440006F937F938F939F93AF93BF93EF93FF93AC
:10F4500087E79DE00E94C070FF91EF91BF91AF914F
:10F460009F918F917F916F915F914F913F912F91DC
:10F470000F900BBE0F900FBE0F901F9018951F920C
:10F480000F920FB60F9211240BB60F922F933F934A
:10F490004F935F936F937F938F939F93AF93BF939C
:10F4A000EF93FF9387E79DE00E944270FF91EF91F9
:10F4B000BF91AF919F918F917F916F915F914F918C
:10F4C0003F912F910F900BBE0F900FBE0F901F908A
:10F4D00018951F920F920FB60F9211240BB60F9230
:10F4E0002F933F934F935F936F937F938F939F934C
:10F4F000AF93BF93EF93FF9384E19EE00E94C070AF
:10F50000FF91EF91BF91AF919F918F917F916F91FB
:10F510005F914F913F912F910F900BBE0F900FBEB7
:10F520000F901F9018951F920F920FB60F921124F3
:10F530000BB60F922F933F934F935F936F937F93ED
:10F540008F939F93AF93BF93EF93FF9384E19EE0DC
:10F550000E944270FF91EF91BF91AF919F918F9167
:10F560007F916F915F914F913F912F910F900BBEC3
:10F570000F900FBE0F901F9018951F920F920FB60D
:10F580000F9211240BB60F922F933F934F935F93DB
:10F590006F937F938F939F93AF93BF93EF93FF935B
:10F5A00081EB9EE00E94C070FF91EF91BF91AF91FF
:10F5B0009F918F917F916F915F914F913F912F918B
:10F5C0000F900BBE0F900FBE0F901F9018951F92BB
:10F5D0000F920FB60F9211240BB60F922F933F93F9
:10F5E0004F935F936F937F938F939F93AF93BF934B
:10F5F000EF93FF9381EB9EE00E944270FF91EF91A9
:10F60000BF91AF919F918F917F916F915F914F913A
:10F610003F912F910F900BBE0F900FBE0F901F9038
:10F6200018951F920F920FB60F9211240BB60F92DE
:10F630002F933F934F935F936F937F938F939F93FA
:10F64000AF93BF93EF93FF938EE49FE00E94C0704F
:10F65000FF91EF91BF91AF919F918F917F916F91AA
:10F660005F914F913F912F910F900BBE0F900FBE66
:10F670000F901F9018951F920F920FB60F921124A2
:10F680000BB60F922F933F934F935F936F937F939C
:10F690008F939F93AF93BF93EF93FF938EE49FE07D
:10F6A0000E944270FF91EF91BF91AF919F918F9116
:10F6B0007F916F915F914F913F912F910F900BBE72
:10F6C0000F900FBE0F901F9018951F920F920FB6BC
:10F6D0000F9211240BB60F922F933F934F935F938A
:10F6E0006F937F938F939F93AF93BF93EF93FF930A
:10F6F00048E251E064E271E090E080E00E947D74B5
:10F70000FF91EF91BF91AF919F918F917F916F91F9
:10F710005F914F913F912F910F900BBE0F900FBEB5
:10F720000F901F9018951F920F920FB60F921124F1
:10F730000BB60F922F933F934F935F936F937F93EB
:10F740008F939F93AF93BF93EF93FF9348EA50E05B
:10F7500064EA70E083E090E00E947D74FF91EF9195
:10F76000BF91AF919F918F917F916F915F914F91D9
:10F770003F912F910F900BBE0F900FBE0F901F90D7
:10F7800018951F920F920FB60F9211240BB60F927D
:10F790002F933F934F935F936F937F938F939F9399
:10F7A000AF93BF93EF93FF9348E950E064E970E0B3
:10F7B00082E090E00E947D74FF91EF91BF91AF9144
:10F7C0009F918F917F916F915F914F913F912F9179
:10F7D0000F900BBE0F900FBE0F901F9018951F92A9
:10F7E0000F920FB60F9211240BB60F922F933F93E7
:10F7F0004F935F936F937F938F939F93AF93BF9339
:10F80000EF93FF9348E850E064E870E081E090E017
:10F810000E947D74FF91EF91BF91AF919F918F9165
:10F820007F916F915F914F913F912F910F900BBE00
:10F830000F900FBE0F901F9018958F929F92AF92CE
:10F84000BF92CF92DF92EF92FF920F931F93CF93CD
:10F85000DF93EC01898182FD14C085FD12C0EC8923
:10F86000FD8920813E8981FB992790F983FB8827B8
:10F8700080F98927922F932321E009F020E0822745
:10F880008A8B0E948776AB01BC019A892B8988817B
:10F89000992309F47BC0211179C080FD5DC081608E
:10F8A00088834E875F87688B798B8B89882319F1D2
:10F8B000992309F10D811E8130E020E0CE84DF84A0
:10F8C000E888F9884A015B018C189D08AE08BF08DA
:10F8D00075016401C016D106E206F30660F0888166
:10F8E00081FD09C02B852D878A648F7788834E8799
:10F8F0005F87688B798B0E851F8528893989401B26
:10F90000510B620B730B0F81188530E020E040171C
:10F9100051076207730750F08B85882339F09111E6
:10F9200005C08C871B86888184608883898186FFD7
:10F9300006C01C8698819B7F98838F7B8983DF918B
:10F94000CF911F910F91FF90EF90DF90CF90BF90DC
:10F95000AF909F908F9008950E851F8528893989D3
:10F960006A017B01C01AD10AE20AF30A0B811C81E9
:10F9700030E020E0C016D106E206F30608F4BBCF63
:10F9800021E02B8B8062806888838FCF8E7F888375
:10F9900091118BCF222309F4AECF1B8A81FD03C0C6
:10F9A0008B858F5F8B8788818D7F806188834E8771
:10F9B0005F87688B798B86FF04C01C861B868F7BD4
:10F9C0008883888187FF97CF8F778883898181603B
:10F9D00089836BCFCF93DF93EC01898184FF03C0D0
:10F9E000CE010E941D7C988195FB882780F995FFA8
:10F9F00002C09F7D9883DF91CF9108951F920F924F
:10FA00000FB60F9211240BB60F922F933F934F9383
:10FA10005F936F937F938F939F93AF93BF93EF9376
:10FA2000FF93E091D60CF091D70C309749F0A68562
:10FA3000B7858585968D91FF16C09C918923B1F479
:10FA4000FF91EF91BF91AF919F918F917F916F91B6
:10FA50005F914F913F912F910F900BBE0F900FBE72
:10FA60000F901F9018959C91892351F7A389B48911
:10FA70009C918589809589238C93868997890197A4
:10FA8000F1F7608D718DA685B785558538E020E04A
:10FA9000CB010197F1F7822F90E095958795282F5C
:10FAA0004C91452309F02068315091F7868D81FDF6
:10FAB00020958091D40C90E001968F739927309116
:10FAC000D50C381799F0A091D40CB0E0A655BC4ED7
:10FAD0002C938093D40C828D938D0197F1F7A38999
:10FAE000B4898C919589892B8C93AACF868D81605E
:10FAF000868FF1CF4F925F926F927F928F929F92FB
:10FB0000AF92BF92EF92FF92CF93DF93DC011E96EC
:10FB10008C911E971B969C911B9719964D915C9109
:10FB20001A9718968C901897282F30E01C96EC9115
:10FB30001C97F0E01D96AC91B0E0891364C0CB0136
:10FB4000880F991F680F791F460F571F240F351F05
:10FB5000E9012881E40FF51FF080A40FB51FCC91B7
:10FB6000882009F445C0912CB12CA12C622F70E0A3
:10FB7000762F6627072E000C880B990BA5019401A0
:10FB80000E94BA9E3901552444246F2D70E0762FCF
:10FB90006627072E000C880B990BA50194010E9483
:10FBA000BA9EB42FA32F922F8827482A592A6A2A4F
:10FBB0007B2A6C2F70E0762F6627072E000C880BAF
:10FBC000990BA50194010E94BA9EC301B201622B58
:10FBD000732B842B952BDF91CF91FF90EF90BF90EB
:10FBE000AF909F908F907F906F905F904F9008950F
:10FBF0006F2D70E090E080E0982F872F762F66279A
:10FC0000822B6C2BE8CF660F771F660F771F640F70
:10FC1000751F260F371FE9013881EB01C90FD11D70
:10FC2000F880E60FF71FC081A60FB71FEC90882061
:10FC300009F44BC0912CB12CA12C632F70E0762FCE
:10FC40006627072E000C880B990BA50194010E94D2
:10FC5000BA9E722E6624552444246F2D70E0762FB0
:10FC60006627072E000C880B990BA50194010E94B2
:10FC7000BA9EA90133272227422A532A642A752AC9
:10FC80006E2D70E0762F6627072E000C880B990BDF
:10FC9000A50194010E94BA9E422A532A642A752A19
:10FCA0006C2F70E0762F6627072E000C880B990BBF
:10FCB000A50194010E94BA9E942F832F722F66276C
:10FCC000642975298629972986CF6F2D70E090E0E9
:10FCD00080E0CB0177276627932B6E297C2B7BCF87
:10FCE0000F931F93DC0118968C911897882361F06D
:10FCF000489FA0011124452F829F90011124232F9A
:10FD0000809F80011124012F1E968C911E971996B9
:10FD1000ED91FC911A971B969C911B9789131EC01D
:10FD2000CB01880F991F680F791F6E0F7F1F1B96DD
:10FD3000EC911B97E60FF72FF11D40831C96EC9179
:10FD40001C97E60FF72FF11D20831D968C91680FED
:10FD5000711DFB0100831F910F910895660F771F9E
:10FD6000660F771F6E0F7F1FFB01E80FF11D1082DA
:10FD7000DECFCF93DF9300D01F92CDB7DEB769837C
:10FD80007A838B839C83DE011196CE010596ED91DB
:10FD9000F0E0E053F94E44919D0121503109F90101
:10FDA00040838A179B0799F769817A818B819C81AF
:10FDB0000F900F900F900F90DF91CF910895FC015D
:10FDC0004481558170E060E0818592850C9460A249
:10FDD000FF920F931F93CF93DF93EC01FF24F394D3
:10FDE000F60E28852F1581F109851A85215041F1DC
:10FDF0006F3FE1F430E050E040E06FEF7FEF80E0F4
:10FE000090E00E94889EB901F8014C815D81CF018C
:10FE1000801B910B84179507B0F44081469FC00169
:10FE2000479F900D112490833196EFCF8F2D90E056
:10FE3000982F88270197622F70E00E9421A0E4CFBD
:10FE400070E060E0E1CFF886DF91CF911F910F91D4
:10FE5000FF9008958F929F92AF92BF92CF92DF92C0
:10FE6000EF92FF921F93CF93DF93FC0182819381E6
:10FE700068177907A8F54A01AA24BB24C82DC32E08
:10FE8000D42EE52EFF241C2DD22F8085882361F0EF
:10FE9000889E40011124C92D8C9D600111241D2DC7
:10FEA000829FD0011124DB2FA685E184F284938503
:10FEB000A91322C0CB01880F991F680F791F6E0DFF
:10FEC0007F1DA385A60FB72FB11DCC93A485A60FC8
:10FED000B72FB11D1C938585680F711DFB01D08361
:10FEE000DF91CF911F91FF90EF90DF90CF90BF9067
:10FEF000AF909F908F900895660F771F660F771FC2
:10FF00006E0D7F1D252F332744275527882349F061
:10FF100090E0829F7001839FF00C929FF00C11245F
:10FF20002F2DA60FB72FB11D2C93CBCFCF92DF92E1
:10FF3000EF92FF920F931F93CF93DF9300D000D0E7
:10FF400000D0CDB7DEB78C01DC0119968D919C9164
:10FF5000892B09F473C00E94F06FF801C784D08820
:10FF6000E188F2886C157D058E059F0520F4678772
:10FF7000708B818B928BF801C784D088E188F288DE
:10FF80006C197D098E099F096C32714081059105BC
:10FF900010F3F894D80114968D919C9115979A833B
:10FFA00089831996ED91FC917F01BFEFEB1AFB0A53
:10FFB00080818987F80190810388F489E02DD80138
:10FFC00055968C91992309F448C09081982B988775
:10FFD0009081809589238F838F818C8388E08B83A8
:10FFE00058856F8149853B812C8189819A81D70110
:10FFF000508347FD252F3A952083262F39F0441F43
:020000021000EC
:1000000000C000006083000000C0F2CF38E04D91D6
:1000100060830000019761F7D8015496FC93EE933A
:10002000539749873B832C839A83898378940E94D2
:10003000F06FF8016787708B818B928B29960FB6D2
:10004000F894DEBF0FBECDBFDF91CF911F910F910E
:10005000FF90EF90DF90CF9008959081982B988734
:100060009081809589238F838F818E8388E08D8313
:1000700058856F8149853D812E8189819A81D7017B
:10008000508347FD252F00C000C0208300C000C062
:1000900000C000C000C060830000262F3A9541F0E8
:1000A000441F000000C000C000C000C000C0E8CF76
:1000B00038E04D9100C0608300C0019709F7D80176
:1000C0005496FC93EE93539749873D832E83ACCF90
:1000D000CF92DF92EF92FF920F931F93CF93DF9314
:1000E000D62FC42F882381F08BE10E942674892BA0
:1000F00009F040C00E94877660936A0D70936B0D83
:1001000080936C0D90936D0DDD2381F088E10E944A
:100110002674892B09F0A3C00E9487766093650D31
:100120007093660D8093670D9093680D87E10E9430
:100130002674892B09F0FEC00E9487766093610DBA
:100140007093620D8093630D9093640DCC2309F43A
:100150007AC089E10E942674892B09F056C10E9459
:10016000877660935D0D70935E0D80935F0D909325
:10017000600D69C00E94877600916A0D10916B0D29
:1001800020916C0D30916D0D601B710B820B930BE8
:10019000643671058105910508F4B6CF6EE27BE106
:1001A0008EE49FE00E94017A02E010E0C12CD12C85
:1001B0007601D0E0C0E0A7019601BE018FEF92E189
:1001C0000E942A7F2196C032D105A9F78FEF92E1D4
:1001D0000E94967F63E070E080E090E00E94547699
:1001E0008FEFE81AF80AC114D1048BEFE806F10486
:1001F00001F7C12CD12C3AEFE32EF12CD0E0C0E076
:10020000A7019601BE018FEF92E10E942A7F2196FD
:10021000C032D105A9F78FEF92E10E94967F63E08B
:1002200070E080E090E00E94547681E0E81AF108E6
:10023000C114D1048FEFE806F80601F7013011056B
:1002400059F41092690DDF91CF911F910F91FF909A
:10025000EF90DF90CF90089501E010E0A7CF0E94CB
:1002600087760091650D1091660D2091670D309194
:10027000680D601B710B820B930B64367105810551
:10028000910508F453CF6EE17BE18EE49FE00E947C
:10029000017A02E010E0C12CD12C7601D0E0C0E060
:1002A000A7019601BE018FEF92E10E942A7F21965D
:1002B000C032D105A9F78FEF92E10E94967F63E0EB
:1002C00070E080E090E00E9454768FEFE81AF80A20
:1002D000C114D1048BEFE806F10401F7C12CD12C35
:1002E0002AEFE22EF12CD0E0C0E0A7019601BE017A
:1002F0008FEF92E10E942A7F2196C032D105A9F7A3
:100300008FEF92E10E94967F63E070E080E090E0E2
:100310000E94547681E0E81AF108C114D1048FEFED
:10032000E806F80601F70130110509F48ACF01E06B
:1003300010E0B1CF0E9487760091610D1091620D9F
:100340002091630D3091640D601B710B820B930B38
:10035000643671058105910508F4F8CE6EE07BE105
:100360008EE49FE00E94017A02E010E0C12CD12CC3
:100370007601D0E0C0E0A7019601BE018FEF92E1C7
:100380000E942A7F2196C032D105A9F78FEF92E112
:100390000E94967F63E070E080E090E00E945476D7
:1003A0008FEFE81AF80AC114D1048BEFE806F104C4
:1003B00001F7C12CD12C9AEFE92EF12CD0E0C0E04E
:1003C000A7019601BE018FEF92E10E942A7F21963C
:1003D000C032D105A9F78FEF92E10E94967F63E0CA
:1003E00070E080E090E00E94547681E0E81AF10825
:1003F000C114D1048FEFE806F80601F701301105AA
:1004000009F41FCF01E010E0B1CF0E948776009180
:100410005D0D10915E0D20915F0D3091600D601BA0
:10042000710B820B930B643671058105910508F4FD
:100430000ACF6EEF7AE18EE49FE00E94017A02E03B
:1004400010E0C12CD12C7601D0E0C0E0A7019601CC
:10045000BE018FEF92E10E942A7F2196C032D10522
:10046000A9F78FEF92E10E94967F63E070E080E051
:1004700090E00E9454768FEFE81AF80AC114D10474
:100480008BEFE806F10401F7C12CD12C8AEFE82E9E
:10049000F12CD0E0C0E0A7019601BE018FEF92E100
:1004A0000E942A7F2196C032D105A9F78FEF92E1F1
:1004B0000E94967F63E070E080E090E00E945476B6
:1004C00081E0E81AF108C114D1048FEFE806F806BC
:1004D00001F70130110509F4B4CE01E010E0B1CF0D
:1004E000CF92DF92EF92FF920F931F93CF93DF9300
:1004F000D62FC42F882379F08BE10E942674892B94
:1005000081F10E94877660936A0D70936B0D8093E2
:100510006C0D90936D0DDD2381F088E10E942674AF
:10052000892B09F492C00E9487766093650D7093C1
:10053000660D8093670D9093680DCC2309F479C004
:1005400089E10E942674892B09F4EAC00E9487760B
:1005500060935D0D70935E0D80935F0D9093600DC1
:1005600068C00E94877600916A0D10916B0D2091F2
:100570006C0D30916D0D601B710B820B930B64360B
:1005800071058105910538F26EEE7AE18EE49FE007
:100590000E94017A02E010E0C12CD12C7601D0E05B
:1005A000C0E0A7019601BE018FEF92E10E942A7F71
:1005B0002196C032D105A9F78FEF92E10E94967F74
:1005C00063E070E080E090E00E9454768FEFE81ADC
:1005D000F80AC114D1048BEFE806F10401F7C12C2D
:1005E000D12C2AEFE22EF12CD0E0C0E0A701960139
:1005F000BE018FEF92E10E942A7F2196C032D10581
:10060000A9F78FEF92E10E94967F63E070E080E0AF
:1006100090E00E94547681E0E81AF108C114D104F8
:100620008FEFE806F80601F70130110559F4109232
:10063000690DDF91CF911F910F91FF90EF90DF90A7
:10064000CF90089501E010E0A7CF0E948776009137
:10065000650D1091660D2091670D3091680D601B3E
:10066000710B820B930B643671058105910508F4BB
:1006700064CF6EED7AE18EE49FE00E94017A02E0A1
:1006800010E0C12CD12C7601D0E0C0E0A70196018A
:10069000BE018FEF92E10E942A7F2196C032D105E0
:1006A000A9F78FEF92E10E94967F63E070E080E00F
:1006B00090E00E9454768FEFE81AF80AC114D10432
:1006C0008BEFE806F10401F7C12CD12C9AEFE92E4B
:1006D000F12CD0E0C0E0A7019601BE018FEF92E1BE
:1006E0000E942A7F2196C032D105A9F78FEF92E1AF
:1006F0000E94967F63E070E080E090E00E94547674
:1007000081E0E81AF108C114D1048FEFE806F80679
:1007100001F70130110509F48ACF01E010E0B1CFF3
:100720000E94877600915D0D10915E0D20915F0D06
:100730003091600D601B710B820B930B6436710559
:100740008105910508F475CF6EEC7AE18EE49FE0A7
:100750000E94017A02E010E0C12CD12C7601D0E099
:10076000C0E0A7019601BE018FEF92E10E942A7FAF
:100770002196C032D105A9F78FEF92E10E94967FB2
:1007800063E070E080E090E00E9454768FEFE81A1A
:10079000F80AC114D1048BEFE806F10401F7C12C6B
:1007A000D12C8AEFE82EF12CD0E0C0E0A701960111
:1007B000BE018FEF92E10E942A7F2196C032D105BF
:1007C000A9F78FEF92E10E94967F63E070E080E0EE
:1007D00090E00E94547681E0E81AF108C114D10437
:1007E0008FEFE806F80601F70130110509F41FCF75
:1007F00001E010E0B1CFCF93DF93EC018E819F81B8
:1008000097FD0CC061E00E94377560E08E810E9408
:100810004F7481E08983DF91CF910895198280E040
:10082000FACF61EB76E18EE49FE00E94017A60915D
:100830001B0270911C028091190290911A020E9471
:10084000967561E085E20E944F7461E087E20E9444
:100850004F748091D20C9091D30C0E9431726091B0
:1008600013027091140290E080E00E940E2FE0913C
:10087000B4128E2F90E0FC01EE0FFF1FE80FF91F5E
:10088000E551F04F80818F7B808360E976E18EE4D3
:100890009FE00C94017ACF93DF93C3E0D0E068E847
:1008A00076E181EB9EE00E94017A6FE070E080E0EB
:1008B00090E00E94547660E876E184E19EE00E9438
:1008C000017A6FE070E080E090E00E94547668E783
:1008D00076E187E79DE00E94017A6FE070E080E0BA
:1008E00090E00E94547660E776E18DE693E10E9405
:1008F000017A6FE070E080E090E00E9454762197EA
:1009000071F6DF91CF910895CF93DF93EC01BC0195
:1009100081EB9EE00E94C079BE0184E19EE00E94CE
:10092000C079BE0187E79DE00E94C079BE018DE6D7
:1009300093E10E94C0796CED72E0CE010E94FD77D8
:100940008823A1F187E79DE00E942F71E091890D36
:10095000F0918A0D80818F7E8083E091890DF091E6
:100960008A0D8081877F8083E091890DF0918A0DC7
:1009700080818F778083E091890DF0918A0D80814D
:100980008F7D80838091910D8093900D60E08EE04B
:100990000E94377560E08FE00E94377563E475E16F
:1009A0008EE49FE0DF91CF910C94017A6CEE72E0BF
:1009B000CE010E94FD77882359F040E855E260E0BF
:1009C00070E087E79DE00E941B7368E275E1E8CF65
:1009D0006CEF72E0CE010E94FD77882321F08CE35A
:1009E00090E00E94901762E073E0CE010E94FD77D4
:1009F000882321F089E390E00E9490176AE073E079
:100A0000CE010E94FD77882321F081E490E00E94CE
:100A1000901762E173E0CE010E94FD77882321F0F8
:100A20008AE390E00E9490176AE173E0CE010E9491
:100A3000FD77882321F080E490E00E94901762E225
:100A400073E0CE010E94FD77882321F08FE390E0D0
:100A50000E94901769E273E0CE010E94FD7788231F
:100A600021F088E390E00E94901760E373E0CE01EC
:100A70000E94FD77882321F080E490E00E94901787
:100A80006BE373E0CE010E94FD77882319F08EE1BD
:100A900080933E0DDF91CF910895CF92DF92EF9238
:100AA000FF920F931F93CF93DF9300D000D0CDB769
:100AB000DEB78C016CE573E00E94FD77882309F4B2
:100AC00048C010E000E08091EB129091EC12081702
:100AD000190764F428E238E248E250E0B80189EEF0
:100AE00092E10E942A7F0F5F1F4FEDCF10E000E0E0
:100AF0008091D5129091D6120817190764F428E254
:100B000038E248E250E0B80183ED92E10E942A7F8A
:100B10000F5F1F4FEDCF89EE92E10E94967F83ED2C
:100B200092E10E94967F68E175E18EE49FE00E9469
:100B3000017A81E026960FB6F894DEBF0FBECDBFD6
:100B4000DF91CF911F910F91FF90EF90DF90CF90A9
:100B5000089563E673E0C8010E94FD77882399F049
:100B600089EE92E10E94DF7E83ED92E10E94DF7EBA
:100B700089EE92E10E94967F83ED92E10E94967F3A
:100B800068E075E1D2CF6AE673E0CE0101960E947B
:100B9000A878BE016F5F7F4FC8010E94E277F82EF0
:100BA000CE0101960E94A078FF20E9F1F80124818E
:100BB000358144E050E0B801CE0101960E94D6781C
:100BC00089819A81C12CD12C7601009719F00E945D
:100BD0001C9D6B018601CE0101960E94A07889EED2
:100BE00092E10E94DF7ED7FC10C08091EB129091C1
:100BF000EC12C816D9064CF420E03FEF40E050E07C
:100C0000B60189EE92E10E942A7F89EE92E10E946C
:100C1000967F64EF74E18EE49FE00E94DD79C80165
:100C20000E94B07986CF6FE673E0CE0101960E94F4
:100C3000A878BE016F5F7F4FC8010E94E277F82E4F
:100C4000CE0101960E94A07880E0FF2009F472CFC7
:100C5000F8012481358144E050E0B801CE010196CD
:100C60000E94D67889819A81C12CD12C7601009777
:100C700019F00E941C9D6B018601CE0101960E9415
:100C8000A07883ED92E10E94DF7ED7FC10C08091B6
:100C9000D5129091D612C816D9064CF420E03FEF39
:100CA00040E050E0B60183ED92E10E942A7F83ED9F
:100CB00092E10E94967F60EE74E1ADCFCF92DF9219
:100CC000EF92FF9210927A0D1092790D48EEC42E99
:100CD00043E0D42EE12CF12CC0927B0DD0927C0D00
:100CE000E0927D0DF0927E0D8CEB92E09093780D6A
:100CF0008093770D25E331E03093840D2093830DAD
:100D000024E331E03093860D2093850D20E331E01C
:100D10003093880D2093870D21E331E030938A0DC5
:100D20002093890D22E331E030938C0D20938B0DBD
:100D300026E331E030938E0D20938D0D1092900DAF
:100D40001092910D1092920D1092930D1092170E19
:100D50001092160EC092180ED092190EE0921A0E32
:100D6000F0921B0E9093150E8093140E25ED30E03B
:100D70003093210E2093200E24ED30E03093230E8B
:100D80002093220E20ED30E03093250E2093240E88
:100D900021ED30E03093270E2093260E22ED30E037
:100DA0003093290E2093280E26ED30E030932B0E41
:100DB00020932A0E10922D0E10922E0E10922F0EAE
:100DC0001092300E1092B40E1092B30EC092B50E67
:100DD000D092B60EE092B70EF092B80E9093B20E8B
:100DE0008093B10E2DEC30E03093BE0E2093BD0EFB
:100DF0002CEC30E03093C00E2093BF0E28EC30E096
:100E00003093C20E2093C10E29EC30E03093C40E13
:100E10002093C30E2AEC30E03093C60E2093C50E0B
:100E20002EEC30E03093C80E2093C70E1092CA0EFD
:100E30001092CB0E1092CC0E1092CD0E1092510F3C
:100E40001092500FC092520FD092530FE092540F55
:100E5000F092550F90934F0F80934E0F85EC90E0DA
:100E600090935B0F80935A0F84EC90E090935D0F0A
:100E700080935C0F80EC90E090935F0F80935E0F07
:100E800081EC90E09093610F8093600F82EC90E092
:100E90009093630F8093620F86EC90E09093650FC0
:100EA0008093640F1092670F1092680F1092690F71
:100EB00010926A0F66E573E084EA93E10E94A878D5
:100EC00066E573E08EE993E10E94A87866E573E039
:100ED00088E993E10E94A87866E573E082E993E1EE
:100EE0000E94A87866E573E08CE893E10E94A878F8
:100EF0001092701310926F13C0927113D0927213EC
:100F0000E0927313F09274138EEC92E090936E1350
:100F100080936D1310928413109283131092861392
:100F200010928513109288131092871310928A13CF
:100F30001092891360918B136E7F6D7F60938B137A
:100F40006695617081E068278FE10E944F7461E0CF
:100F50008FE10E943775E7EDFBE1E491E0937D13AB
:100F6000E1E9FBE1E491F0E0EE0FFF1FE85AF44EF7
:100F70008591949190937F1380937E1360E08AE033
:100F80000E94377580918B1381FD04C061E08AE077
:100F90000E944F748AE080937913E2ECFBE1E491C4
:100FA000E0937A13ECE7FBE1E491F0E0EE0FFF1F32
:100FB000E25CF44E8591949190937C1380937B1323
:100FC00042E350E061E070E087E593E10E94408AEF
:100FD00043E350E061E070E081E493E10E94408AE5
:100FE00040E350E069E070E08BE293E10E94408AC8
:100FF0004CE050E06CE070E085E193E10E94408AB3
:101000004BE050E069E270E08FEF92E10E94408A8D
:1010100048E050E068E970E089EE92E10E94408A81
:1010200042E050E065E670E083ED92E10E94408A84
:1010300084E194EBAFEFB0E08093B7129093B812D5
:10104000A093B912B093BA128FEF9EE1A4EBB0E077
:101050008093BB129093BC12A093BD12B093BE12AA
:101060008FEF94E6A4E1B0E08093BF129093C0129A
:10107000A093C112B093C2128FEF9FEFAFEFB0E019
:101080008093C3129093C412A093C512B093C6125A
:1010900080E090E0AFEFB0E08093C7129093C81269
:1010A000A093C912B093CA1280E09FEFA0E0B0E015
:1010B0008093CB129093CC12A093CD12B093CE120A
:1010C0008FEF90E0A0E0B0E08093CF129093D01229
:1010D000A093D112B093D21280915914803308F0AA
:1010E000A3C191E0980F909359148093B41290E0AB
:1010F000FC01EE0FFF1FE80FF91FE551F04F88EBE1
:101100009BE09283818369E28DE992E10E94188AD3
:1011100061E086E892E10E94188A61E08FE692E140
:101120000E94188A6FE288E592E10E94188A6BE2B9
:1011300081E492E10E94188A65E48AE292E10E94C9
:10114000188A68E283E192E10E94188A6AE28CEFD1
:1011500091E10E94188A66E285EE91E10E94188A68
:101160006CE28EEC91E10E94188A6DE287EB91E1CE
:101170000E94188A60E08DE00E943775E5ECFBE183
:10118000E491E093A911EFE7FBE1E491F0E0EE0FC9
:10119000FF1FE25CF44E859194919093AB11809384
:1011A000AA110E94237266E573E083EA91E10E942E
:1011B000A87866E573E08AE594E10E94A8788091BA
:1011C0002102909122029195819591099093A2110B
:1011D0008093A11166E573E08BE991E10E94A87804
:1011E00066E578E087E791E10E94A87865E678E017
:1011F0008DE791E10E94A8786EE678E083E891E1BE
:101200000E94A87867E778E089E891E10E94A878D1
:1012100060E878E08FE891E10E94A87869E878E0DA
:1012200085E991E10E94A87862E978E087E491E19C
:101230000E94A8786BE978E08DE491E10E94A8789B
:1012400064EA78E083E591E10E94A8786DEA78E0AD
:1012500089E591E10E94A87867EB78E08FE591E15C
:101260000E94A87861EC78E085E691E10E94A87878
:101270006BEC78E08BE691E10E94A87865ED78E070
:1012800081E791E10E94A8786FED78E08DE191E12E
:101290000E94A87868EE78E083E291E10E94A87845
:1012A00061EF78E089E291E10E94A8786BEF78E045
:1012B0008FE291E10E94A87865E079E085E391E111
:1012C0000E94A8786FE079E08BE391E10E94A87812
:1012D00069E179E081E491E10E94A87863E279E034
:1012E0008BE091E10E94A8786DE279E081E191E1E3
:1012F0000E94A87867E379E087E191E10E94A878ED
:1013000061E479E089EF90E10E94A8786BE479E0EC
:101310008FEF90E10E94A87865E579E085E091E1A2
:101320000E94A8786FE579E087EE90E10E94A878A6
:1013300069E679E08DEE90E10E94A87863E779E0B4
:1013400083EF90E10E94A8786DE779E085ED90E168
:101350000E94A87867E879E08BED90E10E94A87878
:1013600061E979E081EE90E10E94A8786BE979E08B
:1013700083EC90E10E94A87865EA79E089EC90E13D
:101380000E94A8786FEA79E08FEC90E10E94A8783B
:1013900069EB79E085EA90E10E94A87863EC79E056
:1013A0008BEA90E10E94A8786DEC79E081EB90E106
:1013B0000E94A87867ED79E087EB90E10E94A87819
:1013C00061EE79E08DEB90E10E94A8786BEE79E018
:1013D0008BE790E10E94A87865EF79E081E890E1E1
:1013E0000E94A8786FEF79E087E890E10E94A878E2
:1013F00069E07AE08DE890E10E94A87863E17AE004
:1014000083E990E10E94A8786DE17AE089E990E1B2
:101410000E94A87867E27AE08FE990E1FF90EF9070
:10142000DF90CF900C94A8788FEF8093B4126BCE9E
:10143000CF93DF93EC018CE390E09C838B8384EF6C
:1014400091E09E838D8398878F8380E991E09A87CE
:1014500089871B861C861D861E861F86188A198A08
:101460001A8A1B8A6A8389818F7D8983CE010E94B3
:10147000737589818B7E8D7F8983DF91CF910895EC
:10148000CF92DF92EF92FF920F931F93CF93DF9350
:10149000EC016B01F42EE52E198218861F86188A3E
:1014A000198A1A8A81E08E878B871C8692E09D8735
:1014B00088838B01000F111F060F171F1D830C83DC
:1014C000C8010E9451A09A878987009789F1A801D5
:1014D00070E060E00E9460A2DB82CA82FE82EF823E
:1014E0008981882341F061E08F2D0E94377560E08B
:1014F0008F2D0E944F748F2D9E2DFC01EE58F44EBF
:10150000E491F0E0EE0FFF1FE85AF44E259134917C
:101510003C8B2B8BFC01E854F44EE491ED8BDF9176
:10152000CF911F910F91FF90EF90DF90CF90089592
:101530001D821C821B821A82D1CFCF93DF93CDB73D
:10154000DEB76C970FB6F894DEBF0FBECDBF7894B0
:1015500084B5826084BD84B5816084BD85B58260B8
:1015600085BD85B5816085BD80916E008160809369
:101570006E001092810080918100826080938100D2
:1015800080918100816080938100809180008160E2
:10159000809380008091B10084608093B10080913D
:1015A000B00081608093B000809191008260809350
:1015B00091008091910081608093910080919000D2
:1015C0008160809390008091A10082608093A1004F
:1015D0008091A10081608093A1008091A000816032
:1015E0008093A000809121018260809321018091ED
:1015F000210181608093210180912001816080938D
:10160000200180917A00846080937A0080917A0032
:10161000826080937A0080917A00816080937A0062
:1016200080917A00806880937A001092C1000E94B5
:10163000EB1919E122242A94322C0E94F06FAB019D
:10164000BC018091401490914114A0914214B0913A
:1016500043140097A105B10509F444C06A017B0158
:10166000C81AD90AEA0AFB0AD701C601C0903C147D
:10167000D0903D14E0903E14F0903F14C80ED91E57
:10168000EA1EFB1EC0923C14D0923D14E0923E1420
:10169000F0923F14C0903814D0903914E0903A146E
:1016A000F0903B14C816D906EA06FB0640F4809376
:1016B000381490933914A0933A14B0933B1480914A
:1016C000341490913514A0913614B09137140196CA
:1016D000A11DB11D8093341490933514A09336143A
:1016E000B0933714409340145093411460934214C4
:1016F000709343140E948776C0903014D0903114B8
:10170000E0903214F09033146C197D098E099F0912
:1017100060367A4E8105910508F474C00E94877680
:101720006093301470933114809332149093331477
:101730008091341490913514A0913614B0913714DF
:10174000892B8A2B8B2B09F445C068E57AE18EE45E
:101750009FE00E94DD7960913C1470913D1480916E
:101760003E1490913F1420913414309135144091DF
:101770003614509137140E94BA9ECA01B9014AE04A
:101780000E943C796DE47AE18EE49FE00E94DD796D
:10179000609138147091391480913A1490913B14EF
:1017A0004AE00E943C7965E47AE18EE49FE00E9481
:1017B000DD796091341470913514809136149091D4
:1017C00037144AE00E943C7964E573E08EE49FE0C0
:1017D0000E942D7910923C1410923D1410923E14E8
:1017E00010923F14109238141092391410923A1437
:1017F00010923B1410923414109235141092361437
:101800001092371481EB9EE00E948C70892B51F06E
:101810000E9487766093590D70935A0D80935B0DEB
:1018200090935C0D84E19EE00E948C70892B51F0B6
:101830000E9487766093550D7093560D8093570DD7
:101840009093580D87E79DE00E948C70892B51F092
:101850000E9487766093510D7093520D8093530DC3
:101860009093540D8DE693E10E94E971892B51F01C
:101870000E94877660934D0D70934E0D80934F0DAF
:101880009093500D0E948776C0902C14D0902D1408
:10189000E0902E14F0902F146C197D098E099F0989
:1018A00061367A4E8105910508F48CC00E948776D6
:1018B00060932C1470932D1480932E1490932F14F6
:1018C0000E9487766B017C0166E37AE18EE49FE0FB
:1018D0000E94DD798091590D90915A0DA0915B0D78
:1018E000B0915C0D0097A105B10509F4C0C0A70136
:1018F0009601281B390B4A0B5B0BCA01B9014AE060
:101900000E943C7962E37AE18EE49FE00E94DD79F7
:101910008091550D9091560DA091570DB091580D95
:101920000097A105B10509F4A7C0A7019601281BDE
:10193000390B4A0B5B0BCA01B9014AE00E943C79A2
:101940006EE27AE18EE49FE00E94DD798091510D94
:101950009091520DA091530DB091540D0097A10597
:10196000B10509F48EC0A7019601281B390B4A0B5B
:101970005B0BCA01B9014AE00E943C796AE27AE154
:101980008EE49FE00E94DD7980914D0D90914E0D87
:10199000A0914F0DB091500D0097A105B10509F42C
:1019A00075C0A7019601281B390B4A0B5B0BCA01B6
:1019B000B9014AE00E943C7964E573E08EE49FE05F
:1019C0000E942D790E9487764B015C018091121450
:1019D00090911314A0911414B09115147501640121
:1019E000C81AD90AEA0AFB0AD701C601843691054A
:1019F000A105B10508F486C08092121490921314C8
:101A0000A0921414B092151425E13DE03C8B2B8B71
:101A10004EEE53E15C8F4B8F81EA92E09A8F898F73
:101A200048E8442E43E1542E612C712CAB89BC89CB
:101A30008D91BC8BAB8B882309F44CC0E98DFA8D5A
:101A40000081023241F564E170E081E090E00E94A3
:101A50009C12882301F160E082E20E944F74AB8DFA
:101A6000BC8D8D929D92AD92BC92139733C06FE363
:101A700072E48FE090E043CF6FE372E48FE090E098
:101A80005CCF6FE372E48FE090E075CF6FE372E4B8
:101A90008FE090E08ECF802F0E942674AB8DBC8D9E
:101AA000CD90DD90ED90FC90A50194012C193D099D
:101AB0004E095F092D8B3E8B4F8B588F019709F094
:101AC00086C0243F31404105510520F060E0802F61
:101AD0000E944F74EB8DFC8D3496FC8FEB8F298D1B
:101AE0003A8D2F5F3F4F3A8F298F36E9430E511CB5
:101AF000611C711C4EEC441648E1540661047104EB
:101B000009F094CF8091F40C8823E1F10E9487764C
:101B1000C090EE0CD090EF0CE090F00CF090F10C37
:101B20006C197D098E099F09643F714081059105FB
:101B300048F10E9487766093EE0C7093EF0C8093CF
:101B4000F00C9093F10CE090F20CF090F30C61E04B
:101B5000E0FC60E08BE30E944F748FEFE81AF80A14
:101B6000F092F30CE092F20C96E0E916F10454F0D6
:101B70001092F40C60E08BE30E944F741092F30C0F
:101B80001092F20C80912614882309F47AC00E94E6
:101B900087764B015C018091221490912314A091CF
:101BA0002414B091251475016401C81AD90AEA0AEF
:101BB000FB0AD701C60188389341A105B105A0F001
:101BC0001092261461E08DE30E944F745AC0CD88B4
:101BD000DE88EF88F88CC414D504E604F70408F412
:101BE00079CF61E0802F39CF80911E1490911F141E
:101BF000A0912014B091211475016401C81AD90A6A
:101C0000EA0AFB0A68EC70E080E090E00E945077FE
:101C10006A567F4F8F4F9F4FC616D706E806F906C4
:101C200080F180921E1490921F14A0922014B09202
:101C300021140E94C49C2AE030E040E050E00E9461
:101C4000889E66307105810591050CF0BBCF60E080
:101C50008DE30E944F7468EE73E080E090E00E9494
:101C6000507768517C4F8F4F9F4F860E971EA81E4E
:101C7000B91E80921E1490921F14A0922014B0924C
:101C800021148091DC0C882309F49BC00E94877684
:101C9000C0901614D0901714E0901814F0901914F6
:101CA0006C197D098E099F096E31710581059105B9
:101CB00008F487C00E9487766093161470931714F7
:101CC0008093181490931914412C512C3201F12C4B
:101CD000E12C20912D1330912E138090D80C9090F0
:101CE000D90CA090DA0CB090DB0CE216F30640F5AC
:101CF00050E040E0C301B2010E94889EC901880DF6
:101D0000991D0E94AD724B015C010E94B97E9B013E
:101D1000AC01B7018BE293E10E942A7FC501B401B7
:101D20000E94B97E9B01AC01B70185E193E10E945D
:101D30002A7F3FEFE31AF30A4FEF641A740AC9CF00
:101D40008BE293E10E94967F85E193E10E94967F6A
:101D50005CE2850E52E0951EA11CB11C8092D80C4D
:101D60009092D90CA092DA0CB092DB0C8114910401
:101D700082E0A806B1042CF11092DC0CF12CE12CCD
:101D80002AEF30E040E050E0B70185E193E10E94A6
:101D90002A7F9FEFE91AF90AADE0EA16F10481F70C
:101DA00020E830E0A90170E060E08BE293E10E945E
:101DB0002A7F85E193E10E94967F8BE293E10E9466
:101DC000967F8091E10C8823A1F10E948776C090D4
:101DD000DD0CD090DE0CE090DF0CF090E00C6C1984
:101DE0007D098E099F09623071058105910508F111
:101DF0000E9487766093DD0C7093DE0C8093DF0C7D
:101E00009093E00C80911502909116020197833314
:101E100091050CF4F7C0909316028093150260911F
:101E2000150285E193E10E94E87E85E193E10E943D
:101E3000967F80914C0D882309F442C00E948776DA
:101E4000C090480DD090490DE0904A0DF0904B0D98
:101E50006C197D098E099F0960347F4181059105C8
:101E600008F4D9C010924C0D60E083E00E944F74DA
:101E7000109220020E9487766093440D7093450D66
:101E80008093460D9093470D0E9487766093400D96
:101E90007093410D8093420D9093430D10923F0D2E
:101EA00089EE92E10E94DF7E83ED92E10E94DF7E67
:101EB00089EE92E10E94967F83ED92E10E94967FE7
:101EC00090913E0D80913D0D981791F16FE07AE170
:101ED0008EE49FE00E94DD7960913E0D70E090E01D
:101EE00080E04AE00E943C7964E573E08EE49FE084
:101EF0000E942D796AE070E080E090E00E945476C4
:101F000068E07AE18EE49FE00E94DD7960913E0D09
:101F100070E090E080E04AE00E943C7964E573E084
:101F20008EE49FE00E942D7980913E0D80933D0DBF
:101F300080913E0D893111F010923C0D80913B0D46
:101F40008823C9F10E948776C090370DD090380D54
:101F5000E090390DF0903A0D6C197D098E099F09BA
:101F6000693B7B408105910530F18091350D909161
:101F7000360D0A970CF056C064EF79E18EE49FE0CD
:101F80000E94017A67EE79E184E19EE00E94017A85
:101F90000E9487766093370D7093380D8093390DCA
:101FA00090933A0D8091350D9091360D0196909356
:101FB000360D8093350DE0913E0DEB3108F049C0B0
:101FC000F0E08827E951F0478F4F0C9449A0279003
:101FD0008C904F92029399939C931B941E942194FE
:101FE000549557955A955D951A964B974E97DF974E
:101FF000E29797989B98CE98FF99299029902990DD
:10200000229A2E9AE2E3F0E0F0931602E093150292
:102010001092E10C04CF61E083E00E944F740E94B3
:10202000CB114ECF63ED79E18EE49FE00E94017AFF
:102030001092360D1092350D0E9487766093370D01
:102040007093380D8093390D90933A0DB4CF0E9460
:102050008D6A80910F0D882309F448C00E9487760D
:10206000C0900B0DD0900C0DE0900D0DF0900E0D6A
:102070009B01AC012C193D094E095F0969017A01E8
:102080006EE170E080E090E00E9450776A567F4FEA
:102090008F4F9F4FC616D706E806F90638F164E65B
:1020A00070E080E090E00E9450779B01AC012A56DE
:1020B0003F4F4F4F5F4FA901332722272227332756
:1020C00055273E6161E470E083ED92E10E942A7F32
:1020D00083ED92E10E94967F0E94877660930B0DBC
:1020E00070930C0D80930D0D90930E0D80913E0D0D
:1020F0008150833170F466E573E0CE0101960E9451
:10210000A878CE0101960E94A417CE0101960E94E4
:10211000A0780E944F7191CA8DE992E10E941D7CC6
:1021200080919E1284FF04C08DE992E10E941D7C83
:1021300080919D1284FFA5C08F7E80939D12809117
:10214000E70C81119EC060EF77E18EE49FE00E9472
:10215000017A61E085E20E944F7481E08093E70C90
:10216000E091B4128E2F90E0FC01EE0FFF1FE80FFC
:10217000F91FE551F04F808186FD0AC060911B0276
:1021800070911C028091190290911A020E9496751A
:1021900062E370E080E090E00E9454768091170244
:1021A000909118020E9431720E9487764B015C0167
:1021B0000E948776681979098A099B09683B7B40E8
:1021C00081059105E8F58EE49FE00E948C70892BD3
:1021D00079F36EE47FE0CE0107960E94B97864E758
:1021E00073E0CE0101960E94A878BE016F5F7F4F19
:1021F000CE0107960E94C7777C01CE0101960E940E
:10220000A078EF20E094B9F0E091B4128E2F90E026
:10221000FC01EE0FFF1FE80FF91FE551F04F808121
:102220008F7B80830E9459170E94A83010933E0D27
:10223000CE010796E3C0CE0107960E94A078B8CFE2
:10224000E091B4128E2F90E0FC01EE0FFF1FE80F1B
:10225000F91FE551F04F808186FF02C08F7B80839C
:102260001092E60C0E94877660931A1470931B14E8
:1022700080931C1490931D1480913E0D8F5F80936A
:102280003E0D0E948776C090E20CD090E30CE09067
:10229000E40CF090E50C6C197D098E099F09603CF7
:1022A000744D81409105A0F08091E60C811106C02B
:1022B0006AED77E18EE49FE00E94017A0E948776C2
:1022C0006093E20C7093E30C8093E40C9093E50C24
:1022D0008EE49FE00E948C70892B09F4BACE6EE4E4
:1022E0007FE0CE010D960E94B978CE010D960E9436
:1022F0006A7761E37AE0CE010D960E94FD7788232C
:1023000009F4A5C060ED77E18EE49FE00E94017AB8
:1023100061E085E20E944F7481E08093E70CE091D8
:10232000B4128E2F90E0FC01EE0FFF1FE80FF91F93
:10233000E551F04F808186FD0AC060911B027091CB
:102340001C028091190290911A020E94967562E314
:1023500070E080E090E00E945476809117029091A6
:1023600018020E9431720E9487764B015C010E9424
:102370008776681979098A099B09683B7B40810542
:10238000910508F043C08EE49FE00E948C70892B79
:1023900071F36EE47FE0CE0107960E94B97864E79E
:1023A00073E0CE0101960E94A878BE016F5F7F4F57
:1023B000CE0107960E94C7777C01CE0101960E944C
:1023C000A078EF20E094E9F0E091B4128E2F90E035
:1023D000FC01EE0FFF1FE80FF91FE551F04F808160
:1023E0008F7B80830E9459170E94A83010933E0D66
:1023F000CE0107960E94A078CE010D960E94A0788B
:1024000028CECE0107960E94A078B1CFE091B412F9
:102410008E2F90E0FC01EE0FFF1FE80FF91FE55132
:10242000F04F808186FF02C08F7B80831092E60C84
:102430000E94877660931A1470931B1480931C1467
:1024400090931D1480913E0D8F5F80933E0D6DEB38
:1024500073E0CE010D960E94FD77811110921F024C
:1024600065EC73E0CE010D960E94FD77882319F08C
:1024700081E080931F0264E773E0CE010D960E9415
:10248000FD77882339F00E9459170E94A8301093D5
:102490003E0DB2CFCE010D960E94A07819CF0E94BA
:1024A0008776C0901A14D0901B14E0901C14F09002
:1024B0001D146C197D098E099F09603375478105CC
:1024C000910560F08091E90C882341F06CE078E19F
:1024D0008EE49FE00E94017A1092E90C64E170E0C2
:1024E00090E080E00E949C12882311F40C94739B6E
:1024F00010921D028EE49FE00E948C70892B09F4DB
:10250000A8CD6EE47FE0CE0107960E94B978CE0197
:1025100007960E946A7761E47AE0CE0107960E94EE
:10252000FD778823B1F06EEF77E18EE49FE00E94A3
:10253000017A61E08BE30E944F7460E085E20E94C3
:102540004F7480913E0D8F5F80933E0D81E08093AC
:102550001D026DEB73E0CE0107960E94FD7781119D
:1025600010921F0265EC73E0CE0107960E94FD7782
:10257000882319F081E080931F026DE47AE0CE0198
:1025800007960E94FD77882399F081E08093E90CFB
:102590006AEF77E18EE49FE00E94017A0E948776DD
:1025A00060931A1470931B1480931C1490931D1441
:1025B00064E773E0CE0101960E94A878BE016F5FC8
:1025C0007F4FCE0107960E94C7777C01CE0101960E
:1025D0000E94A078EF20E09481F01092E90C81E055
:1025E00080931D020E944B841092E80C10924C0DB7
:1025F00060E083E00E944F7415CECE0107960E94E2
:10260000A07878CF64E170E082E090E00E949C12B4
:1026100081112AC063E278E18EE49FE00E94017A92
:102620008091F40C811111C081E08093F40C109220
:10263000F30C1092F20C0E9487766093EE0C70936C
:10264000EF0C8093F00C9093F10C0E9487766093CE
:10265000EA0C7093EB0C8093EC0C9093ED0C809152
:102660003E0D8F5F80933E0D01E08EE49FE00E945F
:102670008C70892B09F4EDCC6EE47FE0CE010196DD
:102680000E94B978CE0101960E946A776DE57AE0E2
:10269000CE0101960E94FD77882349F16CE178E133
:1026A0008EE49FE00E94017A8091F40C811110C0A9
:1026B0000093F40C1092F30C1092F20C0E948776A7
:1026C0006093EE0C7093EF0C8093F00C9093F10CF0
:1026D0000E9487766093EA0C7093EB0C8093EC0C6D
:1026E0009093ED0C80913E0D8F5F80933E0D6DEBCE
:1026F00073E0CE0101960E94FD77811110921F02B6
:1027000065EC73E0CE0101960E94FD778111009384
:102710001F0264E773E0CE0101960E94FD778823D3
:1027200019F00E94591769C0CE0101960E94A07845
:102730009CCF0E9459658DCC8091F70C8823B9F00D
:102740008091F60C882399F08091F50C882379F01C
:102750001092F70C1092F60C1092F50C86E0809314
:102760003E0D6AE278E18EE49FE00E94017A01E08A
:102770008EE49FE00E948C70892B09F46ACC6EE491
:102780007FE0CE0101960E94B978CE0101960E94A9
:102790006A776EE477E0CE0101960E94FD778111A1
:1027A0000E9411846AE67AE0CE0101960E94FD77CC
:1027B00081110093F70C67E77AE0CE0101960E9441
:1027C000FD7781110093F60C60E87AE0CE01019666
:1027D0000E94FD7781110093F50C64E773E0CE0150
:1027E00001960E94FD77882379F00E945917109274
:1027F000F70C1092F60C1092F50C0E94A830109372
:102800003E0DCE010196FACD6DEB73E0CE0101963F
:102810000E94FD77811110921F0265EC73E0CE01DA
:1028200001960E94FD77811100931F02CE0101964F
:102830000E94A0789DCF0E94B5620BCC0E942357C6
:1028400008CC0E9487762091FA0C211130C020918B
:102850001E02211111C0C090FB0CD090FC0CE09026
:10286000FD0CF090FE0C6C197D098E099F096033F8
:10287000754781059105D8F063E070E080E090E055
:102880000E9450776130710509F4AAC06230710569
:1028900009F4A9C0672B31F46BE578E18EE49FE081
:1028A0000E94017A81E08093FA0C10921E020E942D
:1028B0008776C0900B0DD0900C0DE0900D0DF09030
:1028C0000E0D9B01AC012C193D094E095F096901F0
:1028D0007A016EE170E080E090E00E9450776A56E5
:1028E0007F4F8F4F9F4FC616D706E806F90638F17F
:1028F00064E670E080E090E00E9450779B01AC01BC
:102900002A563F4F4F4F5F4FA901332722272227D7
:10291000332755273E6170E060E081E493E10E9437
:102920002A7F81E493E10E94967F0E9487766093DC
:102930000B0D70930C0D80930D0D90930E0D83E491
:102940000E942674892B09F120E030E0A90170E093
:1029500060E081E493E10E942A7F81E493E10E9498
:10296000967F6FE378E18EE49FE00E94017A3092D7
:10297000F90C2092F80C80913E0D8F5F80933E0DF4
:102980001092FA0C81E080931E0201E08EE49FE039
:102990000E948C70892B09F484C06EE47FE0CE0124
:1029A00001960E94B978CE0101960E946A7769E883
:1029B0007AE0CE0101960E94FD778823B9F00E944B
:1029C00087766093FB0C7093FC0C8093FD0C9093C6
:1029D000FE0C1092FA0CCE0101960E94A078D6CF80
:1029E00060E578E15BCF65E478E158CF6EE477E0AD
:1029F000CE0101960E94FD77882319F00E94118470
:102A0000EACF64E675E0CE0101960E94FD77882347
:102A1000E9F020E030E0A90170E060E081E493E1BA
:102A20000E942A7F81E493E10E94967F69E378E126
:102A30008EE49FE00E94017A3092F90C2092F80C0B
:102A400080913E0D8F5F80933E0DC5CF64E773E0AC
:102A5000CE0101960E94FD77882361F00E945917EC
:102A60000E94A83010933E0D1092FA0C81E08093E2
:102A70001E02C7CE6DEB73E0CE0101960E94FD777A
:102A8000882319F010921F02A6CF65EC73E0CE01E7
:102A900001960E94FD77882309F49DCF00931F02C1
:102AA0009ACF0E949A29D5CA0E944344D2CA0E9452
:102AB0007952CFCA0E944E50CCCAC090FF0CD09021
:102AC000000DE090010DF090020DC114D104E1045D
:102AD000F10449F10E9487766C197D098E099F09DE
:102AE000683A714681059105F0F062E470E085E096
:102AF00090E00E949C12811116C062E878E18EE499
:102B00009FE00E94017A81E490E00E94901761E0CA
:102B10008DE30E944F741092FF0C1092000D1092E2
:102B2000010D1092020D62E470E085E090E00E94D9
:102B30009C12882379F069E778E18EE49FE00E9497
:102B4000017A60E08DE30E944F7480913E0D8F5FAB
:102B500080933E0D8EE49FE00E948C70892B09F4D7
:102B6000A0CF6EE47FE0CE0101960E94B978CE013D
:102B700001960E946A7767E97AE0CE0101960E9489
:102B8000FD77882379F060E778E18EE49FE00E948A
:102B9000017A60E08DE30E944F7480913E0D8F5F5B
:102BA00080933E0D65EA7AE0CE0101960E94FD77A2
:102BB000882341F081E490E00E94901761E08DE36A
:102BC0000E944F7468EA76E0CE0101960E94FD777C
:102BD000882331F066E678E18EE49FE00E94017A76
:102BE0006EE477E0CE0101960E94FD7781110E948C
:102BF000118464E773E0CE0101960E94FD77811194
:102C000090CD6DEB73E0CE0101960E94FD778111AE
:102C100010921F0265EC73E0CE0101960E94FD77D1
:102C2000882319F081E080931F02CE0101960E9453
:102C3000A07890CF8091050D9091060D009709F432
:102C4000ADC0019709F4D9C001E08EE49FE00E9475
:102C50008C70892B09F425CF6EE47FE0CE010196BC
:102C60000E94B978CE0101960E946A7762EB7AE001
:102C7000CE0101960E94FD778823D1F0009326149F
:102C80000E948776609322147093231480932414F7
:102C9000909325140E94877660931E1470931F14DE
:102CA000809320149093211461E08DE30E944F746F
:102CB0006EE477E0CE0101960E94FD7781110E94BB
:102CC000118468EC7AE0CE0101960E94FD7788239A
:102CD000D1F169EA78E181EB9EE00E94017A8EE110
:102CE00090E00E94901761E084E20E944F7461E0DE
:102CF00087E20E944F7461E084E00E944F7461E0BB
:102D000085E20E944F7461E08BE30E944F7461E0A2
:102D10008DE30E944F74F12CE12C2FE835EC4FEF3E
:102D200050E0B70185E193E10E942A7F4FEFE41A5A
:102D3000F40A5DE0E516F10481F785E193E10E9474
:102D4000967F1092030D61ED7AE0CE0101960E940C
:102D5000FD77882389F06DE978E18EE49FE00E9499
:102D6000017A00930F0D1092060D1092050D8091BF
:102D70003E0D8F5F80933E0D64E773E0CE010196B8
:102D80000E94FD77882309F46FC01092030D109202
:102D9000060D1092050D1092040DC3CC61E270E097
:102DA00083E090E00E949C12811124C08091040D68
:102DB00081110BC061EC78E18EE49FE00E94017A02
:102DC00081E08093040D8093030D61E270E083E065
:102DD00090E00E949C12882309F436CF8091030D65
:102DE000882309F431CF81E090E09093060D809321
:102DF000050D2ACF1092040DE8CF61E270E082E069
:102E000090E00E949C12811116C065EB78E18EE47F
:102E10009FE00E94017A81E080930F0D1092060DD1
:102E20001092050D1092030D1092040D80913E0D2D
:102E30008F5F80933E0D61E270E083E090E00E943E
:102E40009C1281110EC08091040D8111FDCE60EBAA
:102E500078E18EE49FE00E94017A81E08093040D86
:102E6000F3CE1092040DF0CE6DEB73E0CE0101961F
:102E70000E94FD77811110921F0265EC73E0CE0174
:102E800001960E94FD77811100931F02CE010196E9
:102E90000E94A078DACE0E941D4EDBC861E270E08D
:102EA00084E090E00E949C12882361F10E94877662
:102EB000C0902714D0902814E0902914F0902A1480
:102EC0006C197D098E099F09653F71408105910547
:102ED000C8F064EE78E18EE49FE00E94017A88E316
:102EE00090E00E94901780913E0D8F5F80933E0D81
:102EF0000E94877660932714709328148093291476
:102F000090932A1401E08EE49FE00E948C70892B3C
:102F100009F4C7CD6EE47FE0CE0101960E94B97836
:102F2000CE0101960E946A7765ED7AE0CE010196A6
:102F30000E94FD778823A1F069ED78E18EE49FE09F
:102F40000E94017A88E390E00E94901780913E0DE4
:102F50008F5F80933E0DCE0101960E94A078D3CF63
:102F600064E773E0CE0101960E94FD77882349F063
:102F700010922714109228141092291410922A14D7
:102F8000D0CB6DEB73E0CE0101960E94FD778823D4
:102F900049F010921F0260ED78E18EE49FE00E94FC
:102FA000017AD9CF65EC73E0CE0101960E94FD77DE
:102FB000882389F200931F0266EC78E1EECF0E942D
:102FC0004B3747C80E948776C090070DD090080DF8
:102FD000E090090DF0900A0D6C197D098E099F098A
:102FE00060327E448105910580F06BE079E18EE4EA
:102FF0009FE00E94017A0E9487766093070D70938C
:10300000080D8093090D90930A0D65E170E087E04B
:1030100090E00E949C12811103C081E080932B14E8
:1030200065E170E087E090E00E949C12882389F0BF
:1030300080912B14882369F061E079E18EE49FE0B0
:103040000E94017A10922B1480913E0D8F5F809325
:103050003E0D01E08EE49FE00E948C70892B09F404
:1030600020CD6EE47FE0CE0101960E94B978CE01BA
:1030700001960E946A7767E873E0CE0101960E948C
:10308000FD778823E9F06DEF78E18EE49FE00E9400
:10309000017A00934C0D0E9487766093480D7093DF
:1030A000490D80934A0D90934B0D69EF78E184E1CF
:1030B0009EE00E94017A80913E0D8F5F80933E0DCD
:1030C0006EED7AE0CE0101960E94FD77882369F0CB
:1030D0006FEE78E18EE49FE00E94017A10922B144B
:1030E00080913E0D8F5F80933E0D64E773E0CE01CB
:1030F00001960E94FD77882319F010922B1411CBB2
:103100006DEB73E0CE0101960E94FD778111109264
:103110001F0265EC73E0CE0101960E94FD778111DC
:1031200000931F02CE0101960E94A07893CF0E94C7
:1031300036260C9429900E94BE210C94299064E7B5
:1031400073E0CE0101960E94A878BE016F5F7F4FA9
:10315000CE0107960E94C7777C01CE0101960E949E
:10316000A078EF20E094B1F00E944B840E945917A0
:103170008EE49FE00E948C70892B29F08EE49FE002
:103180000E946A70F5CF10923C0D0E94A8301093F7
:103190003E0D23C1CE0107960E94A0788EE49FE0E9
:1031A0000E948C70892B09F41CC10E942C176EE4BC
:1031B0007FE0CE0107960E94B978CE0107960E9463
:1031C0006A776CE375E0CE0101960E94A878BE0193
:1031D0006F5F7F4FCE0107960E94C7777C01CE01BB
:1031E00001960E94A078EF20E09409F4A8CFE5E1D1
:1031F000FDE011922EE1C22E2DE0D22ECE16DF067A
:10320000C1F76DEC79E181EB9EE00E94017A64E107
:1032100070E080E090E00E94547667EC79E184E110
:103220009EE00E94017A64E170E080E090E00E94FC
:10323000547661EC79E187E79DE00E94017A64E1D0
:1032400070E080E090E00E9454766BEB79E18DE6CF
:1032500093E10E94017A62E370E080E090E00E94D6
:10326000547665EB79E18DE693E10E94017A89E27B
:103270000E942674892B31F06BEA79E18EE49FE09D
:103280000E94017A88E20E942674892B31F462EA56
:1032900079E18EE49FE00E94017A61E270E084E0CF
:1032A00090E00E949C12882331F067E979E18EE476
:1032B0009FE00E94017A65E170E087E090E00E9463
:1032C0009C12882331F06FE879E18EE49FE00E9440
:1032D000017A62E470E085E090E00E949C1288230D
:1032E00031F066E879E18EE49FE00E94017A64E1C2
:1032F00070E081E090E00E949C12882331F06BE73F
:1033000079E18EE49FE00E94017A62E470E083E05C
:1033100090E00E949C128823F1F062E470E090E05B
:1033200080E00E949C128823B1F062E470E081E0AA
:1033300090E00E949C12882371F062E470E082E0C9
:1033400090E00E949C12882331F061E779E18EE4DD
:103350009FE00E94017A60E087E20E944F7460E083
:1033600084E20E944F7460E083E00E944F7460E04A
:1033700084E00E944F7460E087E00E944F7460E038
:1033800085E20E944F7460E08BE30E944F7460E01E
:103390008DE30E944F749AEAE92E92E0F92ED7014C
:1033A000CD90DD907D01C6010E94DF7EC6010E94A6
:1033B000967FE8EBF2E0EE15FF0589F71092140D09
:1033C0000E9487766093100D7093110D8093120DFB
:1033D0009093130D8AE180933E0DCE0107960E94D3
:1033E000A07880913E0D843111F00C94299061E019
:1033F00083E00E944F740E94621E0C9429908EE418
:103400009FE00E948C70892B11F40C9429906EE43B
:103410007FE0CE0101960E94B978CE0101960E940C
:103420006A7764E773E0CE0101960E94FD778823F6
:1034300021F00E9459170E94A830CE0101960E94E7
:10344000A078DDCF0E94A8300C94299010923C0DFA
:103450000C941491CE0107960E94A0788EE49FE010
:103460000E948C70892B71F16EE47FE0CE0107968B
:103470000E94B978CE0107960E946A7764E773E0EC
:10348000CE0101960E94A878BE016F5F7F4FCE01EA
:1034900007960E94C7777C01CE0101960E94A07812
:1034A000EF20E094B9F20E944B840E9459178EE4F9
:1034B0009FE00E948C70892B49F28EE49FE00E946D
:1034C0006A70F5CF0E948776C090100DD090110DD4
:1034D000E090120DF090130D6C197D098E099F0973
:1034E000693B7B408105910550F06CE579E18EE404
:1034F0009FE00E94017A10923E0D0C94299081EB7E
:103500009EE00E948C70892B59F161EB7EE0CE0128
:1035100001960E94B978CE0101960E946A778D814A
:103520009E81892BC9F06EE378E0CE0101960E945E
:10353000FD7765E579E181110BC06CE478E0CE019F
:1035400001960E94FD77882309F49AC06AE479E124
:103550008EE49FE00E94017ACE0101960E94A0783D
:1035600084E19EE00E948C70892B59F164E17EE039
:10357000CE0101960E94B978CE0101960E946A7729
:103580008D819E81892BC9F06EE378E0CE01019692
:103590000E94FD7763E479E181110BC06CE478E06F
:1035A000CE0101960E94FD77882309F471C068E37B
:1035B00079E18EE49FE00E94017ACE0101960E949B
:1035C000A07887E79DE00E948C70892B59F167E70E
:1035D0007DE0CE0101960E94B978CE0101960E944D
:1035E0006A778D819E81892BC9F06EE378E0CE01E8
:1035F00001960E94FD7761E379E181110BC06CE4D3
:1036000078E0CE0101960E94FD77882309F448C036
:1036100066E279E18EE49FE00E94017ACE01019694
:103620000E94A0788DE693E10E94E971892B11F444
:103630000C9429906DE673E1CE0101960E94B97851
:10364000CE0101960E946A778D819E81892B09F4B3
:10365000D8C86EE378E0CE0101960E94FD77811113
:1036600008C069E378E0CE0101960E94FD778823C7
:10367000F9F06FE179E18EE49FE00E94017AC1C820
:10368000BE016F5F7F4F8EE49FE00E94C07964CFE0
:10369000BE016F5F7F4F8EE49FE00E94C0798DCFA7
:1036A000BE016F5F7F4F8EE49FE00E94C079B6CF6E
:1036B0006CE478E0CE0101960E94FD77811110C084
:1036C00067E478E0CE0101960E94FD77811108C081
:1036D000BE016F5F7F4F8EE49FE00E94C07991C86A
:1036E00064E179E1C8CF80911D0281110C947A9236
:1036F00065E078E18EE49FE00E94017A61E08BE36F
:103700000E944F7460E085E20E944F741092E90CB1
:1037100080913E0D8F5F80933E0D81E080931D026E
:103720000C947A92CF93DF93EC0189859A850E945D
:10373000EDA08E819F8197FD05C060E0DF91CF9164
:103740000C943775DF91CF910895CF93DF93C5EA3D
:10375000D0E12697CE010E94A07820E1CB37D20796
:10376000C1F78DEB90E10E94A07887EB90E10E9479
:10377000A07881EB90E10E94A0788BEA90E10E9412
:10378000A07885EA90E10E94A0788FEC90E10E94F9
:10379000A07889EC90E10E94A07883EC90E10E94EF
:1037A000A07881EE90E10E94A0788BED90E10E94DC
:1037B000A07885ED90E10E94A07883EF90E10E94CF
:1037C000A0788DEE90E10E94A07887EE90E10E94B3
:1037D000A07885E091E10E94A0788FEF90E10E94AF
:1037E000A07889EF90E10E94A07887E191E10E94A2
:1037F000A07881E191E10E94A0788BE091E10E94A4
:10380000A078C7E4D1E12697CE010E94A07881E19B
:10381000CD31D807C1F7C7E7D1E12697CE010E9485
:10382000A07821E1C734D207C1F7CBE9D1E12697CF
:10383000CE010E94A07881E1C737D807C1F78BE994
:1038400091E10E94A0788AE594E10E94A07883EA41
:1038500091E10E94A07883ED92E10E94929B89EE13
:1038600092E10E94929B8FEF92E10E94929B85E1F0
:1038700093E10E94929B8BE293E10E94929B81E4F0
:1038800093E10E94929B87E593E10E94929B8EECCC
:1038900092E090936E1380936D138091D60C90916B
:1038A000D70C8D56934171F4E0918013F091811300
:1038B0009081809182138095892380831092D70C08
:1038C0001092D60C8CE893E10E94A07882E993E1F3
:1038D0000E94A07888E993E10E94A0788EE993E1A4
:1038E0000E94A07884EA93E1DF91CF910C94A078B4
:1038F0008F929F92AF92BF92CF92DF92EF92FF9200
:10390000CF93DF93EC01688179818A819B81611576
:1039100071058105910521F464E279ED8BE597E06D
:103920002DE133EF41E050E00E94889E49015A01A9
:103930009B01AC01A7EAB1E40E94A79E6B017C0148
:10394000ACEEB4EFA50194010E94B59EC60ED71E41
:10395000E81EF91EF7FE06C081E0C81AD108E1088A
:1039600080E8F80AC882D982EA82FB82C701B601E0
:103970009F77DF91CF91FF90EF90DF90CF90BF9036
:10398000AF909F908F9008958F929F92AF92BF9229
:10399000CF92DF92EF92FF92609123027091240206
:1039A000809125029091260261157105810591058E
:1039B00021F464E279ED8BE597E02DE133EF41E00E
:1039C00050E00E94889E49015A019B01AC01A7EA80
:1039D000B1E40E94A79E6B017C01ACEEB4EFA5019F
:1039E00094010E94B59EC60ED71EE81EF91EF7FE72
:1039F00006C081E0C81AD108E10880E8F80AC09240
:103A00002302D0922402E0922502F0922602C701FE
:103A1000B6019F77FF90EF90DF90CF90BF90AF906F
:103A20009F908F9008956093230270932402809357
:103A300025029093260208951F93FC019927882759
:103A4000BC01E89411911032E9F3193010F01E30E6
:103A5000C8F31B3251F01D3249F4689406C00E942D
:103A6000439D610F711D811D911D119110531A30DD
:103A7000B0F33EF490958095709561957F4F8F4F90
:103A80009F4F1F910895592F482F372F262F660FCC
:103A9000771F881F991F660F771F881F991F620F56
:103AA000731F841F951F660F771F881F991F089526
:103AB00091110C94349E803219F089508550C8F7CA
:103AC00008950E94A39D08F481E00895E89409C038
:103AD00097FB3EF490958095709561957F4F8F4F41
:103AE0009F4F9923A9F0F92F96E9BB279395F69557
:103AF000879577956795B795F111F8CFFAF4BB0FD5
:103B000011F460FF1BC06F5F7F4F8F4F9F4F16C038
:103B1000882311F096E911C0772321F09EE8872FC2
:103B2000762F05C0662371F096E8862F70E060E07E
:103B30002AF09A95660F771F881FDAF7880F9695F7
:103B4000879597F90895990F0008550FAA0BE0E89B
:103B5000FEEF16161706E807F907C0F0121613064F
:103B6000E407F50798F0621B730B840B950B39F48F
:103B70000A2661F0232B242B252B21F408950A26F5
:103B800009F4A140A6958FEF811D811D08950E9423
:103B9000DA9D0C944E9E0E94409E38F00E94479EF3
:103BA00020F0952311F00C94379E0C943D9E112427
:103BB0000C94829E0E945F9E70F3959FC1F3950FB7
:103BC00050E0551F629FF001729FBB27F00DB11DA1
:103BD000639FAA27F00DB11DAA1F649F6627B00D31
:103BE000A11D661F829F2227B00DA11D621F739F1A
:103BF000B00DA11D621F839FA00D611D221F749F28
:103C00003327A00D611D231F849F600D211D822F6E
:103C1000762F6A2F11249F5750409AF0F1F0882395
:103C20004AF0EE0FFF1FBB1F661F771F881F9150C2
:103C30005040A9F79E3F510580F00C94379E0C949C
:103C4000829E5F3FE4F3983ED4F38695779567951F
:103C5000B795F795E7959F5FC1F7FE2B880F911DEC
:103C60009695879597F9089599278827089597F944
:103C70009F6780E870E060E008959FEF80EC089512
:103C800000240A941616170618060906089500243B
:103C90000A9412161306140605060895092E0394B5
:103CA000000C11F4882352F0BB0F40F4BF2B11F429
:103CB00060FF04C06F5F7F4F8F4F9F4F089557FD88
:103CC0009058440F551F59F05F3F71F04795880F8A
:103CD00097FB991F61F09F3F79F087950895121621
:103CE00013061406551FF2CF4695F1DF08C01616CD
:103CF00017061806991FF1CF86957105610508947E
:103D00000895E894BB2766277727CB0197F9089594
:103D1000052E97FB1EF400940E949F9E57FD07D02E
:103D20000E94BA9E07FC03D04EF40C949F9E5095BF
:103D30004095309521953F4F4F4F5F4F0895909597
:103D40008095709561957F4F8F4F9F4F08950E948A
:103D5000DC9EA59F900DB49F900DA49F800D911D9A
:103D600011240895B7FF0C94A79E0E94A79E821B62
:103D7000930B0895A1E21A2EAA1BBB1BFD010DC0D7
:103D8000AA1FBB1FEE1FFF1FA217B307E407F5070B
:103D900020F0A21BB30BE40BF50B661F771F881FE7
:103DA000991F1A9469F760957095809590959B017D
:103DB000AC01BD01CF010895A29FB001B39FC00126
:103DC000A39F700D811D1124911DB29F700D811D47
:103DD0001124911D08955058BB27AA270E94039FC4
:103DE0000C944E9E0E94409E38F00E94479E20F008
:103DF00039F49F3F19F426F40C943D9E0EF4E0959F
:103E0000E7FB0C94379EE92F0E945F9E58F3BA1788
:103E1000620773078407950720F079F4A6F50C94E0
:103E2000819E0EF4E0950B2EBA2FA02D0B01B90147
:103E300090010C01CA01A0011124FF27591B99F020
:103E4000593F50F4503E68F11A16F040A22F232F2C
:103E5000342F4427585FF3CF469537952795A7957C
:103E6000F0405395C9F77EF41F16BA0B620B730B23
:103E7000840BBAF09150A1F0FF0FBB1F661F771F94
:103E8000881FC2F70EC0BA0F621F731F841F48F449
:103E9000879577956795B795F7959E3F08F0B0CFD2
:103EA0009395880F08F09927EE0F979587950895B9
:103EB0000E946C9F0C944E9E0E94479E58F00E9458
:103EC000409E40F029F45F3F29F00C94379E511139
:103ED0000C94829E0C943D9E0E945F9E68F39923F1
:103EE000B1F3552391F3951B550BBB27AA276217F6
:103EF0007307840738F09F5F5F4F220F331F441F03
:103F0000AA1FA9F335D00E2E3AF0E0E832D0915036
:103F10005040E695001CCAF72BD0FE2F29D0660F23
:103F2000771F881FBB1F261737074807AB07B0E866
:103F300009F0BB0B802DBF01FF2793585F4F3AF06C
:103F40009E3F510578F00C94379E0C94829E5F3F03
:103F5000E4F3983ED4F3869577956795B795F795F2
:103F60009F5FC9F7880F911D9695879597F90895DA
:103F7000E1E0660F771F881FBB1F62177307840776
:103F8000BA0720F0621B730B840BBA0BEE1F88F785
:103F9000E09508950E94D19F6894B1110C94829E7F
:103FA00008950E94679E88F09F5798F0B92F99272F
:103FB000B751B0F0E1F0660F771F881F991F1AF014
:103FC000BA95C9F714C0B13091F00E94819EB1E05A
:103FD00008950C94819E672F782F8827B85F39F059
:103FE000B93FCCF3869577956795B395D9F73EF4AD
:103FF00090958095709561957F4F8F4F9F4F089555
:104000000E94A39D08F48FEF0895DB018F939F9387
:104010000E94A79EBF91AF91A29F800D911DA39F6B
:10402000900DB29F900D11240895991B79E004C062
:10403000991F961708F0961B881F7A95C9F78095E7
:104040000895AA1BBB1B51E107C0AA1FBB1FA617DF
:10405000B70710F0A61BB70B881F991F5A95A9F731
:1040600080959095BC01CD01089597FB072E16F41D
:10407000009407D077FD09D00E9421A007FC05D04D
:104080003EF4909581959F4F0895709561957F4F6F
:104090000895EE0FFF1F881F8BBF0790F691E02D4C
:1040A00019940F931F93CF93DF938230910510F4EF
:1040B00082E090E0E0916214F091631430E020E03F
:1040C000B0E0A0E0309799F42115310509F44AC019
:1040D000281B390B24303105D8F58A819B81611565
:1040E000710589F1FB0193838283FE0111C0408138
:1040F00051810281138148175907E0F04817590789
:1041000099F4109761F012960C93129713961C93E2
:104110003296CF01DF91CF911F910F9108950093B7
:10412000621410936314F4CF2115310551F0421736
:10413000530738F0A901DB019A01BD01DF01F80145
:10414000C1CFEF01F9CF9093631480936214CDCF68
:10415000FE01E20FF31F81939193225031093983BD
:104160002883D7CF2091601430916114232B41F420
:104170002091290230912A02309361142093601417
:1041800020912702309128022115310541F42DB7E5
:104190003EB740912B0250912C02241B350BE0912D
:1041A0006014F0916114E217F307A0F42E1B3F0B8B
:1041B0002817390778F0AC014E5F5F4F2417350799
:1041C00048F04E0F5F1F5093611440936014819329
:1041D00091939FCFF0E0E0E09CCFCF93DF930097E7
:1041E000E9F0FC01329713821282A0916214B0911F
:1041F0006314ED0130E020E01097A1F420813181BB
:10420000820F931F20916014309161142817390791
:1042100009F061C0F0936114E0936014DF91CF91D5
:104220000895EA01CE17DF07E8F54A815B819E0118
:1042300041155105B1F7E901FB83EA834991599191
:10424000C40FD51FEC17FD0761F4808191810296A0
:10425000840F951FE90199838883828193819B83D1
:104260008A83F0E0E0E012968D919C91139700977D
:10427000B9F52D913C911197CD010296820F931FB4
:1042800020916014309161142817390739F630975E
:1042900051F51092631410926214B0936114A093BC
:1042A0006014BCCFD383C28340815181840F951F9A
:1042B000C817D90761F44E5F5F4F88819981480F15
:1042C000591F518340838A819B8193838283211567
:1042D000310509F0B0CFF0936314E09362149ECFE0
:1042E000FD01DC01C0CF13821282D7CF4F925F92C3
:1042F0006F927F928F929F92AF92BF92CF92DF92F6
:10430000EF92FF920F931F93CF93DF938C0100974F
:1043100099F4CB01DF91CF911F910F91FF90EF9016
:10432000DF90CF90BF90AF909F908F907F906F90D5
:104330005F904F900C9451A0FC01E60FF71F9C0179
:1043400022503109E217F30708F4AEC0D901CD912C
:10435000DC911197C617D70720F1C530D10578F049
:10436000CE0104978617970750F0C61BD70B2297EC
:10437000C193D1936D937C93CF010E94EDA0C801AE
:10438000DF91CF911F910F91FF90EF90DF90CF9031
:10439000BF90AF909F908F907F906F905F904F9065
:1043A00008955B01AC1ABD0A4C018C0E9D1EA091B4
:1043B0006214B0916314512C412CF12CE12C109714
:1043C00031F580916014909161148815990509F078
:1043D0005CC04616570608F058C08091270290919D
:1043E0002802009741F48DB79EB740912B0250915F
:1043F0002C02841B950BE817F90708F055C0F093C1
:104400006114E0936014F90171836083B8CF8D91DA
:104410009C91119712966C90129713967C9013971B
:10442000A815B90559F56C0142E0C40ED11CCA1497
:10443000DB0420F1AC014A195B09DA0112961597E9
:1044400080F06282738251834083D9016D937C93A3
:10445000E114F10471F0D7011396FC93EE931297D7
:104460008ECF22968C0F9D1FF90191838083F301DB
:10447000EFCFF0936314E093621481CF481659068E
:1044800008F42C017D01D3019ACFCB010E9451A0E9
:104490007C01009749F0AE01B8010E9457A2C80103
:1044A0000E94EDA087016BCF10E000E068CFFB0118
:1044B000DC0102C001900D9241505040D8F70895A0
:1044C000DC0101C06D9341505040E0F70895FC01BC
:1044D0008191861721F08823D9F79927089531977C
:1044E000CF010895FB01DC018D910190801901102D
:1044F000D9F3990B0895FB01DC0101900D92002086
:10450000E1F70895FB01DC014150504030F08D91FE
:104510000190801919F40020B9F7881B990B0895B0
:10452000FB0151915523A9F0BF01DC014D914517C5
:104530004111E1F759F4CD010190002049F04D916E
:1045400040154111C9F3FB014111EFCF81E090E02B
:10455000019708951EE0C0E0DEE000E006C0802F75
:10456000FE010E9449A02196011DC130D10780E0C3
:084570000807A9F7F894FFCF3A
:104578000A0001010101010101010101010101011B
:10458800010100E803FF00AA00F401C409010101C8
:10459800010500010000000000641480000100C94A
:1045A800000000000000000000000034000100CA04
:1045B80000000000000000000000006D000100CBBA
:1045C80000000000000000000000005A000100CCBC
:1045D8000000000000000000000000DF00010003F0
:1045E8000005000F0005000400030002000100029E
:1045F8000005000A00B80BC409D007DC05151442F1
:104608002129262F2B2A2C2D2845431B1817191A28
:104618001C3C39413A3F1E382240571341132B1393
:104628001513FF12E912D31200000000E270157092
:104638005B702F718C706A707E70000000008D7145
:10464800157020728C71E971FF71747172656C65F7
:104658006173655F73657269616C33007265737449
:104668006F72655F73657269616C33006D316C637D
:104678006B00726C62326C636B00727274336C63C1
:104688006B00726C74326C636B00726C74336C63A5
:104698006B006874326C636B006874346C636B0015
:1046A8006F70656E5F73746173680064656D6F4FDA
:1046B8006E0064776166006B6E6967687400747277
:1046C8006F6C6C000D0A006D6F6E3A006C745F6160
:1046D8006C6C006C745F6F6666006C74313A006CC9
:1046E80074323A0072657374617274007374617223
:1046F800745F67616D655F6261736B657400706C90
:1047080061795F77696E5F73616C75746500666F58
:104718007263655F77696E5F6261736B00676F6173
:104728006C5F6566666563745F656E6400736F755C
:104738006E646F6E00736F756E646F666600686591
:104748006C7000430049004F00340053003600628B
:1047580061736B65745F73746167655F6F70656EB5
:104768000073746172745F6C6573736F6E004700D9
:10477800706F6E670070696E675F6D61696E007358
:10478800656E733A006669726531006669726532F2
:104798000066697265330066697265300069746520
:1047A8006D5F6164640062726F6F6D0068656C6D47
:1047B80065740073746F72795F333500636F6E666A
:1047C80069726D5F7374617274006C6F673A00424E
:1047D8006F792072656D6F7665640053656E74201D
:1047E800626F795F696E5F6C6573736F6E00426F9D
:1047F800792072657475726E656400626F795F6F97
:1048080075745F6C6573736F6E00616C756D696E3E
:1048180069756D0062726F6E7A6500636F7070659E
:104828007200636176655F656E6400636176655FDB
:10483800636C69636B00636176655F726573657449
:1048480000636176655F72657065617400646F6F9F
:10485800725F63617665006D6574616C006F776C7B
:10486800735F636F6D706C657465006C69676874FD
:10487800006C696768745F6F6666006461726B00DC
:1048880048656C7020627574746F6E207072657301
:1048980073656400626F79746573743A00626F7946
:1048A80063616C3A006A756D7031380072656164D5
:1048B80079006F70656E5F6D616E736172645F64BD
:1048C8006F6F72006F70656E5F6372696D655F64AC
:1048D8006F6F72006F70656E5F62616E6B5F646FA1
:1048E8006F72006F70656E5F706F74696F6E5F6472
:1048F8006F6F72006F70656E5F6F776C5F646F6F5C
:1049080072006F70656E5F646F675F646F6F7200CF
:104918006F70656E5F6C6F775F746F7765725F64D9
:104928006F6F72006F70656E5F686967685F746F3C
:104938007765725F646F6F72006F70656E5F6C6928
:1049480062726172795F646F6F72006F70656E5F1B
:10495800776F726B73686F705F646F6F72006F70E0
:10496800656E5F736166655F646F6F72006F706517
:104978006E5F6D656D6F72795F646F6F72006F70D7
:10498800656E5F6261736B65745F646F6F72006FF1
:1049980070656E5F6D696E655F646F6F72006368E6
:1049A80065636B5F746F77657273006D656D6F72A9
:1049B800795F726F6F6D5F656E64006F70656E5FB3
:1049C80073616665006F70656E5F776F726B736891
:1049D8006F70006F70656E5F62616E6B00737065FB
:1049E8006C6C0066697273745F636C6F636B5F32C3
:1049F800007365636F6E645F636C6F636B5F320037
:104A080067686F73745F736B69700073747564653E
:104A18006E745F6F70656E0067686F737400736B98
:104A2800696E006669736800646F6F725F6F776C98
:104A3800004F776C20627574746F6E2070726573A6
:104A4800736564006F776C5F656E64006F776C5F89
:104A5800666C65770057494E3A20446F67206C6F43
:104A6800636B65640046494E495348454400646F8A
:104A78006F725F646F67005061646C6F636B206F67
:104A880070656E0073746F72795F32305F610073A6
:104A9800746F72795F32305F620073746F72795F1E
:104AA80032305F6300646F675F6C6F636B00645FD5
:104AB800736C65657000645F67726F776C00737400
:104AC8007564656E745F68696465006B6579007408
:104AD8007261696E5F616374697665007472616999
:104AE8006E5F656E6400636176655F7365617263AE
:104AF800683100636176655F73656172636832006F
:104B0800636176655F7365617263683300706564BD
:104B18006C6F636B006F776C5F736B6970006F709D
:104B2800656E5F706F74696F6E735F7374617368BD
:104B380000636174006D696E6500747261696E006E
:104B48006F757400666C6167315F6F6E00666C61CB
:104B580067315F6F666600666C6167325F6F6E0013
:104B6800666C6167325F6F666600666C6167335FAB
:104B78006F6E00666C6167335F6F666600666C61B6
:104B880067345F6F6E00666C6167345F6F666600DE
:104B98006D326C636B0061667465725F73746F72FB
:104BA800795F636C6F636B32006F776C735F6761FB
:104BB8006C65745F6F6E006F776C735F67616C65AF
:104BC800745F6F666600647261676F6E5F637279A7
:104BD8007374616C0068696E745F325F6200686943
:104BE8006E745F325F630068696E745F325F7A006B
:104BF80068696E745F355F620068696E745F355FFF
:104C0800630068696E745F335F620068696E745F21
:104C1800335F630068696E745F335F7A0068696E3A
:104C2800745F33375F620068696E745F33375F6340
:104C38000068696E745F33385F620068696E745F1C
:104C480034345F620068696E745F34345F6300688F
:104C5800696E745F365F620068696E745F365F63A1
:104C68000068696E745F31305F620068696E745FF6
:104C780031305F630068696E745F31315F6200686C
:104C8800696E745F31315F630068696E745F3131DA
:104C98005F7A0068696E745F31345F620068696EBC
:104CA800745F31345F630068696E745F31345F7AB2
:104CB8000068696E745F31375F620068696E745F9F
:104CC80031375F630068696E745F31375F7A0068F7
:104CD800696E745F31395F620068696E745F31397B
:104CE8005F630068696E745F31395F7A0068696E66
:104CF800745F32335F620068696E745F32335F637A
:104D08000068696E745F32335F7A0068696E745F39
:104D180032365F620068696E745F32365F630068BE
:104D2800696E745F32365F7A0068696E745F333219
:104D38005F620068696E745F33325F630068696E32
:104D4800745F33325F640068696E745F33325F6525
:104D58000068696E745F33325F7A0068696E745FE9
:104D680034395F620068696E745F34395F63006864
:104D7800696E745F35305F620068696E745F3530E4
:104D88005F630068696E745F35315F620068696EE1
:104D9800745F35315F630068696E745F35365F62D2
:104DA80000736B69705F73746172745F646F6F72A4
:104DB8000066697273745F636C6F636B006B617913
:104DC8005F636C6F636B52657065617400736563D4
:104DD8006F6E645F636C6F636B0073756974636196
:104DE80073655F656E6400736166655F656E640018
:104DF800776F6C665F656E640073746F72795F328B
:104E0800325F646F6E6500736B69705F6C69625FB7
:104E1800646F6F72006F70656E5F6C696272617249
:104E280079006C6962726172795F666C69636B653F
:104E3800725F737461727400646F6F725F746F7005
:104E480000637570006372797374616C73006372C8
:044E5800696D65001B
:00000001FF
