:100000000C94BD0D0C94EE0D0C94EE0D0C94EE0DB5
:100010000C94EE0D0C94EE0D0C94EE0D0C94EE0D74
:100020000C94EE0D0C9493750C9493750C9493753D
:100030000C94EE0D0C94EE0D0C94EE0D0C94EE0D54
:100040000C94EE0D0C9484740C94EE0D0C94EE0D47
:100050000C94EE0D0C94EE0D0C94EE0D0C94287097
:100060000C94EE0D0C94D0730C94A6730C94EE0DBE
:100070000C94EE0D0C94EE0D0C94EE0D0C94EE0D14
:100080000C9456740C94EE0D0C94EE0D0C94EE0D35
:100090000C947C730C9452730C94EE0D0C94EE0D36
:1000A0000C94EE0D0C94EE0D0C9428740C94EE0D43
:1000B0000C94EE0D0C94EE0D0C94EE0D0C94FA7362
:1000C0000C94EE0D0C94EE0D0C94EE0D0C94287324
:1000D0000C94FE720C94EE0D0C94D4720C94AA72D3
:1000E0000C94EE0D0C94FE8C0C9472690C94CC8BD9
:1000F0000C9466920C94C66B0C942F920C9494936F
:100100000C94886A0C948F6B0C94018D0C94048D64
:100110000C94E8900C948E690C94028A0C941A6BDF
:100120000C94B7930C94F6870C94F4870C946C6938
:100130000C94336B0C94C68B0C94326A0C945988D3
:100140000C9433920C94106A0C9476690C94C98BBD
:100150000C94EF8E0C94246A0C94078D0C94A56B70
:100160000C94D56A0C94C3930C9488690C9484699C
:100170000C94458B0C94507F0C947C910C94686982
:100180000C9453690C945F690C94016A0C94576940
:100190000C9478910C945B690C94C28D0C948069DA
:1001A0000C9462690C944D690C94488B0C94B08A41
:1001B0000C94BB690C9442950C947A690C949269E6
:1001C0000C948D690C94326B4F776C732000446FE4
:1001D0006720004261736B65742000576F726B7308
:1001E000686F7020006C6F673A7761726E3A4D6984
:1001F0007373696E6720746F776572733A2000516C
:10020000554553545F53595354454D5F52454144EE
:1002100059006C6F673A6D61696E3A416C6C20747D
:100220006F77657273206F6E6C696E652E007265F4
:100230006164790072656164790072656164790056
:100240007265616479006C6F673A6D61696E3A43FB
:100250006865636B696E6720746F776572732E2EA5
:100260002E006C6F673A6D61696E3A426F6F746908
:100270006E672075702E2E2E002C6F776C733D00EC
:100280002C646F673D002C6261736B65743D007474
:100290006F7765725F7374617475733A776F726BA1
:1002A00073686F703D006F70656E5F6D696E655F3E
:1002B000646F6F72006F70656E745F6261736B65FF
:1002C00074006F70656E5F646F6F72006F70656E43
:1002D0005F646F6F72006F70656E5F646F6F720046
:1002E0006F70656E5F646F6F7200737461727467B4
:1002F0006F0073746172740073746172740073744C
:10030000617274007374617274006D6F64616C6506
:100310006E6400736166655F6F70656E006372691D
:100320006D655F6F70656E006C69625F646F6F72A0
:1003300000626F795F6F7574006372697374616CCA
:100340005F75700067616C65745F6F6E006F7065DC
:100350006E5F646F6F7200636865636B5F73746177
:10036000746500636865636B5F73746174650063D3
:100370006865636B5F737461746500636865636B64
:100380005F737461746500726561647900726561A0
:100390006479007265616479007265616479006CEA
:1003A0006F673A6D61696E3A4A756D706564207465
:1003B0006F204261736B657420284C6576656C20F4
:1003C000313829006974656D5F656E64006F706512
:1003D0006E745F6261736B65740074726F6C6C0035
:1003E00073746172745F74726F6C6C007374617299
:1003F0007400737461727400737461727400737446
:10040000617274007265616479007265616479007B
:100410007265616479007265616479006C6967680E
:10042000745F6F6666006C696768745F6F6666000C
:100430006C696768745F6F6666006C696768745F93
:100440006F6E006C696768745F6F6E006C696768D7
:10045000745F6F6E006F776C5F656E64006C6F67C2
:100460003A6D61696E3A496E733A6F776C5F656E8B
:1004700064006974656D5F66696E64006974656DBA
:100480005F66696E64006974656D5F66696E6400BD
:100490006974656D5F66696E643A6D6574616C0060
:1004A0006D6574616C00646F6F725F636176650087
:1004B000636176655F72657065617400636176651E
:1004C0005F726573657400636176655F636C696311
:1004D0006B00636176655F656E6400636176655F7E
:1004E0007365617263683300636176655F7365612C
:1004F0007263683200636176655F73656172636819
:100500003100626F795F6F75745F6C6573736F6EC6
:1005100000626F795F696E5F6C6573736F6E006206
:100520006F795F696E5F67616D65006C6F673A6DCB
:1005300061696E3A496E733A626F795F696E5F47BF
:1005400000626F795F696E5F6C6573736F6E006CCC
:100550006F673A6D61696E3A496E733A626F795F9F
:10056000696E5F4C00626F795F6F757400637269CA
:100570006D655F656E6400626F795F6F75745F674C
:10058000616D6500626F795F6F75745F6C65737321
:100590006F6E006C6F673A6D61696E3A496E733ABF
:1005A000626F795F6F7574006C6F673A6D61696E29
:1005B0003A4261736B205744204F4B006461795F6E
:1005C0006F6666006461795F6F6666006461795F7B
:1005D0006F6666006461795F6F6666006974656D59
:1005E0005F656E64006974656D5F656E6400697453
:1005F000656D5F656E64006974656D5F656E64004E
:1006000073746F72795F33350068656C6D65740063
:1006100062726F6F6D006974656D5F61646400661E
:1006200069726530006669726533006669726532A9
:10063000006669726531006D616E736172645F6638
:10064000696E6973680067616C6574355F6F6666B3
:100650000067616C6574350067616C6574345F6F49
:1006600066660067616C6574340067616C6574333D
:100670005F6F66660067616C6574330067616C6507
:1006800074325F6F66660067616C65743200676123
:100690006C6574315F6F66660067616C657431000C
:1006A00067616C65743100636865636B5F73746167
:1006B000746500636865636B5F7374617465006380
:1006C0006865636B5F737461746500636865636B11
:1006D0005F737461746500636865636B5F737461F5
:1006E000746500636865636B5F7374617465006350
:1006F0006865636B5F737461746500636865636BE1
:100700005F7374617465006C6F673A6465627567E6
:100710003A47616C657447616D655F52583A2000D5
:10072000737465707300666C616773656E646D7277
:1007300000666C616773656E646D7200666C6167FC
:10074000345F6F666600666C6167345F6F6E00666B
:100750006C6167335F6F666600666C6167335F6FFD
:100760006E00666C6167325F6F666600666C61671B
:10077000325F6F6E00666C6167315F6F6666006640
:100780006C6167315F6F6E006D697374616B655F7B
:10079000626F74746C650066697273745F626F7403
:1007A000746C65006D697374616B655F626F7474FE
:1007B0006C65007365636F6E645F626F74746C6503
:1007C000006D697374616B655F626F74746C650052
:1007D00074686972645F626F74746C65006D6973CC
:1007E00074616B655F626F74746C6500666F7572BF
:1007F0005F626F74746C65006974656D5F66696EC5
:1008000064006974656D5F66696E64006974656D26
:100810005F66696E64006974656D5F66696E643AEF
:100820006D6574616C006D6574616C00646F6F72EE
:100830005F6361766500636176655F7265706561AF
:100840007400636176655F726573657400636176D9
:10085000655F636C69636B00636176655F656E6499
:1008600000636176655F736561726368330063611D
:1008700076655F7365617263683300636176655F97
:100880007365617263683200636176655F73656189
:100890007263683200636176655F73656172636875
:1008A0003100636176655F73656172636831006D05
:1008B0006174657269616C5F656E64006974656D11
:1008C0005F66696E64006974656D5F66696E640079
:1008D000736B696E00736F756E646F666600736F1D
:1008E000756E646F6E006F7574006F75740073744D
:1008F0006172745F74726F6C6C006F7574006F75E9
:10090000740074726F6C6C006D696E650073746155
:1009100072745F74726F6C6C00666F75725F626F79
:1009200074746C65006C696768745F6F6666006CF0
:10093000696768745F6F6666006C696768745F6F8B
:10094000666600736B6970006F70656E5F646F6FD1
:1009500072006F776C5F646F6F7200736B69705FAA
:10096000646F6700736B69705F7061646C6F636B59
:1009700000636176655F736561726368330063610C
:1009800076655F7365617263683300636176655F86
:100990007365617263683200636176655F73656178
:1009A0007263683200636176655F73656172636864
:1009B0003100636176655F73656172636831006FF2
:1009C0007574006F776C006F7574006F75740073C9
:1009D000746172745F74726F6C6C006B6579006F18
:1009E0007574006974656D5F66696E64006974652D
:1009F0006D5F66696E64006974656D5F66696E64DB
:100A0000006974656D5F66696E643A6372797374C8
:100A1000616C006372797374616C00646F675F6707
:100A2000726F776C00646F675F736C6565700064EC
:100A30006F6F725F646F6700646F675F6C6F636B8B
:100A40000073746F72795F32305F630073746F721A
:100A5000795F32305F620073746F72795F32305F3A
:100A60006100646F6F725F646F6700646F675F6CD3
:100A70006F636B006C696768745F6F6666006C69B2
:100A80006768745F6F6666006C696768745F6F663D
:100A900066006C696768745F6F6666006C6967689A
:100AA000745F6F6E006C696768745F6F6E006C696D
:100AB0006768745F6F6E006C696768745F6F6E0063
:100AC0006F776C5F666C6577006C696768745F6FE1
:100AD0006666006C696768745F6F6666006C69675C
:100AE00068745F6F6666006F776C5F656E64006444
:100AF0006F6F725F6F776C006D6174657269616CA6
:100B00005F656E64006974656D5F66696E64006937
:100B100074656D5F66696E64006974656D5F6669B2
:100B20006E6400706F74696F6E00646F6F725F77D0
:100B3000697463680073746172745F74726F6C6C53
:100B4000006974656D5F66696E64006974656D5FE8
:100B500066696E64006974656D5F66696E643A63A8
:100B600072797374616C006372797374616C00697B
:100B700074656D5F66696E64006974656D5F666952
:100B80006E64006974656D5F66696E643A6D657464
:100B9000616C006D6574616C006974656D5F666998
:100BA0006E64006974656D5F66696E640069746582
:100BB0006D5F66696E64006974656D5F66696E6419
:100BC0003A736B696E00736B696E00736B697000CA
:100BD0006F70656E5F776F726B73686F70006461C2
:100BE000795F6F6666006461795F6F666600646155
:100BF000795F6F6666006461795F6F66660069742D
:100C0000656D5F656E64006974656D5F656E640037
:100C10006974656D5F656E64006974656D5F656EAE
:100C2000640073746F72795F33350068656C6D654D
:100C3000740062726F6F6D006974656D5F616464EA
:100C400000666972653000666972653300666972B4
:100C50006532006669726531006974656D5F666949
:100C60006E64006974656D5F66696E6400697465C1
:100C70006D5F66696E64006974656D5F66696E6458
:100C80003A676F6C6400676F6C64006974656D5FD0
:100C900066696E64006974656D5F66696E6400699B
:100CA00074656D5F66696E64006974656D5F666921
:100CB0006E643A706F74696F6E00706F74696F6EF6
:100CC000006974656D5F66696E64006974656D5F67
:100CD00066696E64006372797374616C006974652F
:100CE0006D5F66696E643A6372797374616C0066F5
:100CF0006C79696E675F62616C6C006C6573736FB1
:100D00006E5F676F616C00626F795F6F75745F6CA7
:100D10006573736F6E00626F795F696E5F6C657388
:100D2000736F6E006C6F673A6D61696E3A42617302
:100D30006B205744204F4B0066697265776F726B6A
:100D40000066697265776F726B0066697265776FAE
:100D5000726B0066697265776F726B0066697265A7
:100D6000776F726B0066697265776F726B00666988
:100D70007265776F726B0066697265776F726B0070
:100D80006C6173745F6F6E0077696E0077696E00D7
:100D900073746172745F6261736B65740044454281
:100DA00055473A20526563656976656420737461BE
:100DB00072745F67616D655F6261736B6574007308
:100DC000746172745F6C6573736F6E006F70656EC3
:100DD000745F6261736B6574006F70656E5F646FE2
:100DE0006F720073746F72795F353900737461725A
:100DF000745F6261736B65745F726F626F740067BA
:100E00006F616C5F315F626F74007265645F626115
:100E10006C6C0077696E5F726F626F7400737461DF
:100E200072745F736E6974636800676F616C5F32C0
:100E30005F706C6179657200676F616C5F315F70C4
:100E40006C617965720077696E00676F616C5F3203
:100E50005F626F7400676F616C5F315F626F740017
:100E6000626F795F6F75745F67616D6500626F793E
:100E70005F696E5F67616D65006C6F673A6D616990
:100E80006E3A4261736B205744204F4B0068656C8B
:100E9000705F31320077696E0077696E0066697243
:100EA00065776F726B0066697265776F726B00664B
:100EB000697265776F726B0066697265776F726BC6
:100EC000006C6173745F6F6E006F70656E5F646F4E
:100ED0006F72006C6F673A636F6E6669726D3A731A
:100EE000747564656E745F6F70656E5F7375636350
:100EF000657373006C6F673A636F6E6669726D3A03
:100F000073747564656E745F6F70656E5F73746122
:100F1000727400736572766F0067686F73745F6BCD
:100F20006E6F636B0073746F72795F343200737429
:100F30006F72795F34310073746F72795F3430008F
:100F400070756E63680075665F636C6F636B0068D5
:100F50005F636C6F636B0070756E63680075665FCE
:100F6000636C6F636B00685F636C6F636B007361CE
:100F700066655F726573657400736166655F666957
:100F80007800736166655F7475726E007361666583
:100F90005F726573657400736166655F666978008A
:100FA000736166655F7475726E00736166655F720A
:100FB0006573657400736166655F66697800736167
:100FC00066655F7475726E00736166655F737465E4
:100FD000705F3100736166655F6669780073616692
:100FE000655F7475726E00736166655F72657365C7
:100FF0007400736166655F66697800736166655F3A
:101000007475726E00736166655F726573657400F6
:10101000736166655F66697800736166655F7475A4
:10102000726E00736166655F737465705F32007322
:101030006166655F66697800736166655F74757285
:101040006E00736166655F737465705F3100736114
:1010500066655F726573657400736166655F666976
:101060007800736166655F7475726E0073616665A2
:101070005F726573657400736166655F66697800A9
:10108000736166655F7475726E00736166655F7328
:101090007465705F3300736166655F6669780073BD
:1010A0006166655F7475726E00736166655F726517
:1010B00073657400736166655F6669780073616665
:1010C000655F7475726E00736166655F73746570D9
:1010D0005F3100736166655F72657365740073618B
:1010E00066655F66697800736166655F7475726EC8
:1010F00000736166655F7265736574007361666530
:101100005F66697800736166655F7475726E0073FF
:101110006166655F726573657400736166655F66BD
:10112000697800736166655F7475726E00736166DD
:10113000655F737465705F3400736166655F6669CF
:101140007800736166655F7475726E0073616665C1
:101150005F737465705F3100736166655F7265739C
:10116000657400736166655F6669780073616665C2
:101170005F7475726E00736166655F656E6400739F
:101180006166655F7475726E00736166655F726536
:1011900073657400736166655F6669780073616684
:1011A000655F7475726E00736166655F7265736505
:1011B0007400736166655F66697800736166655F78
:1011C0007475726E00736166655F737465705F310C
:1011D00000736166655F726573657400736166654F
:1011E0005F66697800736166655F7475726E00731F
:1011F0006166655F656E64006F70656E5F776F72C4
:101200006B73686F700073746172745F637279736B
:1012100074616C0066697273745F6C6576656C00EE
:10122000747275655F6372797374616C0074727542
:10123000655F6372797374616C00747275655F6366
:1012400072797374616C006D656D6F72795F726F26
:101250006F6D5F656E6400747275655F637279733C
:1012600074616C00747275655F6372797374616C1C
:1012700000747275655F6372797374616C006D657B
:101280006D6F72795F726F6F6D5F656E64006D6513
:101290006D6F72795F726F6F6D5F656E64006D6503
:1012A0006D6F72795F726F6F6D5F656E64002C6F2A
:1012B000776C733D002C646F673D002C6261736B2B
:1012C00065743D00746F7765725F737461747573D4
:1012D0003A776F726B73686F703D006F70656E5F09
:1012E0006D696E655F646F6F72006F70656E745FBD
:1012F0006261736B6574006F70656E5F646F6F72AF
:10130000006F70656E5F646F6F72006F70656E5F07
:10131000646F6F72006F70656E5F646F6F72006FE5
:1013200070656E5F646F6F7200736166655F6F708A
:10133000656E006372696D655F6F70656E006C69E4
:10134000625F646F6F7200626F795F6F75740063C4
:1013500072697374616C5F75700067616C65745F4E
:101360006F6E006F70656E5F646F6F7200726561A3
:1013700064790072656164790072656164790072F4
:1013800065616479007265616479006C6F673A6DBC
:1013900061696E3A4A756D70656420746F204261B0
:1013A000736B657420284C6576656C203138290094
:1013B0006974656D5F656E64006F70656E745F6201
:1013C00061736B65740074726F6C6C00737461721E
:1013D000745F74726F6C6C007374617274007374F8
:1013E000617274007374617274007374617274005A
:1013F0007265616479007265616479007265616427
:101400007900726561647900626F795F696E00626C
:101410006F795F6F7574006C6F673A6D61696E3AD2
:101420006C743220706978656C20006C6F673A6D5F
:1014300061696E3A6C743120706978656C20006C5B
:101440006F673A6D61696E3A6C745F6F6666006CC7
:101450006F673A6D61696E3A6C745F616C6C006CB9
:101460006F673A6D61696E3A53657269616C3320DA
:10147000726573746F7265642E006C6F673A6D618C
:10148000696E3A53657269616C332072656C65618F
:1014900073656420285A2D73746174652920666F02
:1014A0007220446F6720666C617368696E672E00F6
:1014B00073746172745F6261736B657400737461DD
:1014C00072745F6261736B65740063617463683426
:1014D00000656E656D795F63617463683400737471
:1014E0006172745F6261736B6574007374617274AE
:1014F0005F6261736B657400636174636833006578
:101500006E656D795F6361746368330073746172D3
:10151000745F6261736B65740073746172745F628F
:1015200061736B65740063617463683200656E6536
:101530006D795F6361746368320073746172745FA4
:101540006261736B65740073746172745F6261735E
:101550006B65740063617463683100656E656D79F5
:101560005F636174636831007265737461727400E3
:101570007265737461727400726573746172740061
:1015800072657374617274006C6F673A636F6E6634
:1015900069726D3A73747564656E745F68696465C9
:1015A0005F73756363657373006C6F673A636F6E27
:1015B0006669726D3A73747564656E745F686964A8
:1015C000655F737461727400000000000000000029
:1015D000000000000000000000000000000000000B
:1015E00001010101010101010101010102020202E7
:1015F00002020202030303030303040404040505B7
:10160000050505060606060707070808080909096B
:101610000A0A0A0B0B0B0C0C0D0D0D0E0E0F0F1002
:101620001011111212131314141515161617181879
:1016300019191A1B1B1C1D1D1E1F1F2021222223CE
:10164000242526262728292A2A2B2C2D2E2F3031F7
:1016500032333435363738393A3B3C3D3E3F4041F2
:10166000424445464748494B4C4D4E5051525455C3
:101670005658595A5C5D5E606163646667696A6C5E
:101680006D6F7072737577787A7C7D7F81828486C6
:1016900088898B8D8F91929496989A9C9EA0A2A4F3
:1016A000A6A8AAACAEB0B2B4B6B8BABCBFC1C3C5E6
:1016B000C7CACCCED1D3D5D7DADCDFE1E3E6E8EB9D
:1016C000EDF0F2F5F7FAFCFF6F70656E5F646F6F17
:1016D0007200647261676F6E5F6372797374616CBC
:1016E0005F726570656174006F70656E5F646F6FC7
:1016F00072006B617900636C6F636B3100636C6FB8
:10170000636B31006B61795F636C6F636B52657003
:1017100065617400636C6F636B3200636C6F636B45
:10172000320074687265655F67616D655F656E64E0
:10173000006D69726F72006D69726F720073746F01
:1017400072795F32325F630073746F72795F323225
:101750005F620073746F72795F32325F610073741D
:1017600061725F68696E74006C69625F646F6F724A
:10177000006C69625F646F6F72006C6F673A6D61D5
:10178000696E3A6C696220646F6F722066616C6C7E
:101790006261636B00646F6F725F6261736B65742B
:1017A000006461795F6F6E006669726500646F6FD7
:1017B000725F6261736B6574006669726500737055
:1017C000656C6C5F72657365740073776970655FD3
:1017D00077726F6E675F73657175656E63650073B1
:1017E00070656C6C5F737465705F34007370656CEA
:1017F0006C5F737465705F320073776970655F6CDE
:10180000007370656C6C5F726573657400737769E3
:1018100070655F77726F6E675F73657175656E6314
:101820006500646F6F725F7370656C6C00737065D8
:101830006C6C5F737465705F35007370656C6C5FA2
:10184000737465705F33007370656C6C5F7374657F
:10185000705F310073776970655F7200646F6F72DB
:101860005F7370656C6C00536F756E64204F4646F5
:1018700000536F756E64204F4E006372697374611C
:101880006C5F7570006372697374616C5F75700072
:101890006372696D655F656E640077696E00776974
:1018A0006E006372696D655F656E640073746F725C
:1018B000795F35350067616C6574355F6F6666000A
:1018C00067616C6574350067616C6574345F6F6661
:1018D000660067616C6574340067616C6574335FC2
:1018E0006F66660067616C6574330067616C657470
:1018F000325F6F66660067616C65743200726561A5
:1019000064795F636865636B5F66696E6973686558
:101910006400736166655F6F70656E006372696D08
:10192000655F6F70656E006C69625F646F6F7200F7
:10193000626F795F6F7574006372697374616C5F55
:1019400075700067616C65745F6F6E006F70656EB7
:101950005F646F6F720072656164790072656164C3
:1019600079007265616479007265616479007265FD
:10197000616479006C6F673A6572723A4261736BA9
:10198000205744205273740073746172745F6261F3
:10199000736B6574006C6F673A7761726E3A42617F
:1019A000736B205265747279006C6576656C5F00AC
:1019B0006C6F673A6D61696E3A5374617465206348
:1019C00068616E67656420746F2000204F3D0020C1
:1019D000443D0020423D006C6F673A6D61696E3A8C
:1019E000484220573D0000002100240027002A0023
:1019F0002D003000330001010000040107010A013D
:101A000000000A0B02090C0D0E0807030401000078
:101A100000000000000000000000000000000000C6
:101A20000000000000000000000000001211100083
:101A300000000000000000000000000000000000A6
:101A40000000000000006D697374616B655F637274
:101A5000797374616C006D697374616B655F637237
:101A6000797374616C006D697374616B655F637227
:101A7000797374616C006D697374616B655F637217
:101A8000797374616C006D697374616B655F637207
:101A9000797374616C006D697374616B655F6372F7
:101AA000797374616C006D697374616B655F6372E7
:101AB000797374616C000000200023002600290067
:101AC0002C002F0032000001000003010601090173
:101AD00000002200250028002B002E0031003400D9
:101AE00002010000050108010B01050505050705B8
:101AF00008080808020202020A0A0808040404048A
:101B000001010101010101010303030303030303B5
:101B1000040707070C0C0C0C0C0C0C0C0202020244
:101B200006060606060606060B0B0B0B0B0B0B0B2D
:101B300001021020200808102040102040800201DF
:101B400002010804020101020408102040808040C4
:101B500020100804020180040201804020100804C3
:101B60000201080402010102040810204080010261
:101B7000040810204080507F429511241FBECFEFF3
:101B8000D1E2DEBFCDBF00E00CBF1AE0A0E0B2E0C2
:101B9000ECE1F9E301E00BBF02C007900D92AA3A15
:101BA000B107D9F723E1AAEABAE001C01D92A7392B
:101BB000B207E1F71DE0CCEBDDE000E006C02197C5
:101BC0000109802FFE010E94269ACB3BD10780E0BD
:101BD0000807A9F70E948F830C947C9C0C9400004A
:101BE000CF92DF92EF92FF920F931F93CF93DF93E9
:101BF000EC018B017A010E94EE6FE01AF10A1E14CB
:101C00001F04C4F4FE01EE0FFF1FE959F44F2081B9
:101C1000318121153105C1F421E030E03183208389
:101C2000CC0FDD1FCC0FDD1FC655D54F68837983E0
:101C30008A839B83C801DF91CF911F910F91FF9001
:101C4000EF90DF90CF90089521303105E9F4CC0F6B
:101C5000DD1FCC0FDD1FC655D54FC880D980EA8067
:101C6000FB806C197D098E099F09603375478105DA
:101C7000910528F482E090E091838083DBCF0F5FB1
:101C80001F4F83E090E0F8CFC9010297B7010E948F
:101C9000129A0F5F1F4F080F191F2F5F3F4F31839D
:101CA0002083C8CF4F925F926F927F928F929F92C4
:101CB000AF92BF92CF92DF92EF92FF92CF93DF93DA
:101CC000C12CD12C76012DECC2162FEFD206E206E4
:101CD000F20609F478C00E94EE6F8090C70B9090D6
:101CE000C80BA090C90BB090CA0B9B01AC0128197E
:101CF00039094A095B0949015A0168E270E080E04C
:101D000090E00E947270625E7F4F8F4F9F4F8616E9
:101D10009706A806B906B8F2A0E0BBEFA7019601A6
:101D20000E9492982601370134E6430E511C611C33
:101D3000711C4B015C0184289528A628B728D20184
:101D400099278827882A992AAA2ABB2A960160E01F
:101D500070E08CEF9FEF0E94E2992B013C01ABEF0A
:101D6000BFEF0E949298462A572A682A792AD0E023
:101D7000C0E0A5019401BE0182E792E10E94BF7715
:101D8000A3019201BE018CE592E10E94BF772196EA
:101D9000CA30D10571F78CE592E10E942B7882E779
:101DA00092E10E942B780E94EE6F6093C70B7093B4
:101DB000C80B8093C90B9093CA0B41E0C41AD10899
:101DC000E108F10880CFDF91CF91FF90EF90DF9095
:101DD000CF90BF90AF909F908F907F906F905F90CB
:101DE0004F900895CF92DF92EF92FF921F93CF937F
:101DF000DF930E94EE6FC090CB0BD090CC0BE090A5
:101E0000CD0BF090CE0B9B01AC012C193D094E0976
:101E10005F0969017A016EE170E080E090E00E9464
:101E200072706C597F4F8F4F9F4FC616D706E806CA
:101E3000F90608F466C0D0E0C0E06AE070E080E037
:101E400090E00E947270162F6AE070E080E090E0EF
:101E50000E9472706B017C0164E670E080E090E0AB
:101E60000E9472709B01AC012C593F4F4F4F5F4F46
:101E7000A901332722272227332755278FE0C80EB1
:101E8000D11CE11CF11CFE2CED2CDC2CCC24EE240E
:101E9000FF242C293D294E295F29212BBE0182E7F1
:101EA00092E10E94BF7766E970E080E090E00E94D6
:101EB00072709B01AC012C593F4F4F4F5F4FA901EE
:101EC00033272227222733275527BE018CE592E1AD
:101ED0000E94BF772196CA30D10509F0AECF82E7C4
:101EE00092E10E942B788CE592E10E942B780E946F
:101EF000EE6F6093CB0B7093CC0B8093CD0B9093D4
:101F0000CE0BDF91CF911F91FF90EF90DF90CF909C
:101F10000895CF92DF92EF92FF921F93CF93DF93BA
:101F20000E94EE6FC090CF0BD090D00BE090D10B01
:101F3000F090D20B9B01AC012C193D094E095F09B1
:101F400069017A016EE170E080E090E00E947270B9
:101F50006C597F4F8F4F9F4FC616D706E806F9067C
:101F600098F1D0E0C0E06AE070E080E090E00E948C
:101F70007270162F66E970E080E090E00E94727047
:101F80009B01AC012C593F4F4F4F5F4F542F432FB4
:101F9000322F222744275527212BBE0182E792E1C9
:101FA0000E94BF772196CA30D105E9F682E792E117
:101FB0000E942B780E94EE6F6093CF0B7093D00B32
:101FC0008093D10B9093D20BDF91CF911F91FF9013
:101FD000EF90DF90CF9008950F931F930E94EE6FC4
:101FE00000912E0B10912F0B2091300B3091310B63
:101FF000601B710B820B930B62317105810591059A
:1020000008F444C080912C0B90912D0B911141C08C
:102010008F5F80932C0B8B3419F481E080932D0B10
:1020200060912C0B70E090E080E00E94459720E0EA
:1020300030E046E952E40E94359920E030E040E08B
:1020400053E40E94A4970E94A799062F10E030E065
:1020500020E0D80199278827A9019801282B392B3E
:102060004A2B5B2B70E060E082E792E10E94BF7731
:1020700082E792E10E942B780E94EE6F60932E0B14
:1020800070932F0B8093300B9093310B1F910F9116
:102090000895815080932C0B8A3011F610922D0BED
:1020A000BFCFCF93DF93D0E0C0E020E03FEF40E030
:1020B00050E0BE0180E392E10E94BF772196C839CB
:1020C000D10599F7D0E0C0E020E03FEF40E050E0DC
:1020D000BE018AE192E10E94BF772196C536D10503
:1020E00099F780E392E10E942B788AE192E10E94C5
:1020F0002B7868EC70E080E090E00E94BC6F80E399
:1021000092E10E9474778AE192E10E94747780E301
:1021100092E10E942B788AE192E10E942B7864EF91
:1021200071E080E090E00E94BC6FD0E0C0E020E071
:102130003FEF40E050E0BE0180E392E10E94BF77B4
:102140002196C839D10599F7D0E0C0E020E03FEFF3
:1021500040E050E0BE018AE192E10E94BF77219603
:10216000C536D10599F780E392E10E942B788AE188
:1021700092E1DF91CF910C942B78FF920F931F93F4
:10218000CF93DF93D0E0C0E020E030E04FEF50E0AD
:10219000BE0180E392E10E94BF772196C839D10544
:1021A00099F7D0E0C0E020E030E04FEF50E0BE0112
:1021B0008AE192E10E94BF772196C536D10599F751
:1021C00080E392E10E942B788AE192E10E942B78D1
:1021D000C4E6D0E0FF24F39485E99EE00E94326AD1
:1021E00004E010E0892B71F085E99EE00E94106AFE
:1021F0008E3619F410921502EFCF863669F7F092F9
:102200001502EACF68E970E080E090E00E94727009
:1022100020E030E0A90180E392E10E94BF7765E60B
:1022200070E080E090E00E94727020E030E0A90150
:102230008AE192E10E94BF770150110919F780E30A
:1022400092E10E942B788AE192E10E942B7862E36E
:1022500070E080E090E00E94BC6F219709F0BCCF55
:1022600080E392E10E9474778AE192E10E947477A0
:1022700080E392E10E942B788AE192E1DF91CF9195
:102280001F910F91FF900C942B78AF92BF92CF9239
:10229000DF92EF92FF920F931F93CF93DF930E94F1
:1022A000EE6F0091180C1091190C20911A0C3091BE
:1022B0001B0C601B710B820B930B6E31710581053A
:1022C000910508F49CC00E94EE6F6093180C709307
:1022D000190C80931A0C90931B0CD0E0C0E020E006
:1022E0003BE440E050E0BE0180E392E10E94BF7712
:1022F0002196C839D10599F7D0E0C0E020E03BE451
:1023000040E050E0BE018AE192E10E94BF77219651
:10231000C536D10599F7F12CE12C88E9C82ED12CCE
:102320008091160C9091170C8E0D9F1DB6010E9486
:10233000FE99EC0125975C0126E0A20EB11C8E01EE
:10234000D7FF68C008561F4F20E03FEF40E050E045
:10235000B80180E392E10E94BF77053611054CF485
:1023600020E03FEF40E050E0B8018AE192E10E94B6
:10237000BF776AE070E080E090E00E9472706830A1
:10238000710581059105ACF02FEF3FEF4FEF50E065
:10239000B80180E392E10E94BF77053611054CF445
:1023A0002FEF3FEF4FEF50E0B8018AE192E10E943A
:1023B000BF772196CA15DB0511F68CE4E80EF11CF7
:1023C00028E9E216F10409F0ABCF80E392E10E9424
:1023D0002B7861E070E080E090E00E94BC6F8AE1C1
:1023E00092E10E942B788091160C9091170C019627
:1023F00088399105B0F49093170C8093160CDF91F7
:10240000CF911F910F91FF90EF90DF90CF90BF90F1
:10241000AF900895C839D1050CF496CF0859110929
:1024200093CF1092170C1092160CE9CF1F93CF93F5
:10243000DF93EC01162F682F617084E40E94D96D40
:10244000BE0175956795617085E30E94D96DBE01E7
:10245000759567957595679584E30E94D96D61E0E0
:1024600070E080E090E00E94BC6F812F0E94B06D10
:1024700021E0892B09F420E0822FDF91CF911F9179
:1024800008954F925F926F927F92AF92BF92CF92D8
:10249000DF92EF92FF920F931F93CF93DF93D0E0E1
:1024A000C0E020E030E0A901BE0180E392E10E949B
:1024B000BF772196C839D105A1F7D0E0C0E0C1347B
:1024C000D10541F020E030E0A901BE018AE192E1AE
:1024D0000E94BF772196C536D10589F7D0E0C0E0CC
:1024E00009ED10E0E0901702F0901802CE15DF051C
:1024F0000CF0A4C0A090E810B090E910AC0EBD1E86
:10250000B7010F2C000C880B990B0E94459723E311
:1025100033E343E35FE30E94A4972B013C018091E6
:102520000D0290910E0297FF65C0BE010D2E000CAA
:10253000880B990B0E944597A30192010E9435993F
:102540009B01AC0160E070E080E89FE30E94C898C6
:102550002B013C012DEC3CEC4CE45DE30E943E97EA
:1025600087FD50C020E030E040E85FE3C301B201E6
:102570000E94DD99181634F4412C512C20E8622E6B
:102580002FE3722E20E030E04FE753E4C301B201A5
:102590000E94A4970E94AE99C62ED12CF12CE12C5A
:1025A0007601DD24CC248091870C81110BC020E0C2
:1025B00030E047E553E4C301B2010E94A4970E94B2
:1025C000AE99D62AC501B8010E94129A97FF02C09F
:1025D00087529F4FA7019601BC018E3491052CF1C3
:1025E0006E54710961327105B0F4A70196018AE158
:1025F00092E11DC0B7016C1B7D0B072E000C880BF0
:10260000990B98CF9DEC492E9CEC592E9CE4692E99
:102610009DE3792EB7CF9C012F563109BC012A3496
:10262000310548F461527109960180E392E10E94FC
:10263000BF77219657CF68597109D7CF64E170E011
:1026400086E090E00E941612882309F45AC2809115
:10265000150C811150C081E08093150C0E94EE6F23
:102660006093110C7093120C8093130C9093140CC4
:102670008091E8109091E9109C0127513109273091
:10268000310520F08F539F4F0897A8F581E0809384
:1026900016028093100C8091870C6BE575E1811117
:1026A00002C064E575E185E99EE00E94967267E4E8
:1026B00075E18BE59DE00E9496728091860C8251B7
:1026C000823088F40E94EE6F60937F0C7093800CD0
:1026D0008093810C9093820C81E08093830C109204
:1026E0007E0C10927D0C0E9451106AE375E18BE51F
:1026F0009DE00E94967264E170E085E090E00E94A7
:102700001612882309F400C280910F0C811150C069
:1027100081E080930F0C0E94EE6F60930B0C70931E
:102720000C0C80930D0C90930E0C8091E8109091FE
:10273000E9109C012B5731092730310520F0845ACC
:102740009F4F0797A8F581E0809316028093100CA5
:102750008091870C6DE275E1811102C066E275E13E
:1027600085E99EE00E94967269E175E18BE59DE046
:102770000E9496728091860C8251823088F40E9469
:10278000EE6F60937F0C7093800C8093810C90931C
:10279000820C81E08093830C10927E0C10927D0C51
:1027A0000E9451106CE075E18BE59DE00E949672ED
:1027B00061E270E085E090E00E941612882309F43F
:1027C000A6C180910A0C811150C081E080930A0C4F
:1027D0000E94EE6F6093060C7093070C8093080CB8
:1027E0009093090C8091E8109091E9109C012C5570
:1027F00031092730310520F085589F4F0897A8F5FB
:1028000081E0809316028093100C8091870C6FEF0B
:1028100074E1811102C068EF74E185E99EE00E94D5
:1028200096726BEE74E18BE59DE00E94967280914A
:10283000860C8251823088F40E94EE6F60937F0C88
:102840007093800C8093810C9093820C81E0809334
:10285000830C10927E0C10927D0C0E9451106EED34
:1028600074E18BE59DE00E94967261E270E086E083
:1028700090E00E941612882309F44CC18091050C47
:1028800081114FC081E08093050C0E94EE6F609330
:10289000010C7093020C8093030C9093040C8091B4
:1028A000E8109091E9109C012A5B3109283031052C
:1028B00018F04D960897A8F581E080931602809352
:1028C000100C8091870C61ED74E1811102C06AECFB
:1028D00074E185E99EE00E9496726DEB74E18BE5F0
:1028E0009DE00E9496728091860C8251823088F41D
:1028F0000E94EE6F60937F0C7093800C8093810C2C
:102900009093820C81E08093830C10927E0C109245
:102910007D0C0E94511060EB74E18BE59DE00E94FC
:1029200096720E94EE6F0091110C1091120C209182
:10293000130C3091140C601B710B820B930B693CD0
:1029400071058105910590F48091150C882371F033
:102950002FEF30E040E050E06DE170E080E392E185
:102960000E94BF7780E392E10E942B780E94EE6F75
:1029700000910B0C10910C0C20910D0C30910E0C51
:10298000601B710B820B930B693C710581059105EE
:1029900090F480910F0C882371F02FEF30E040E02D
:1029A00050E060E670E080E392E10E94BF7780E350
:1029B00092E10E942B780E94EE6F0091010C109121
:1029C000020C2091030C3091040C601B710B820BE4
:1029D000930B693C71058105910590F48091050C7C
:1029E000882371F02FEF30E040E050E068E270E0C3
:1029F0008AE192E10E94BF778AE192E10E942B78FE
:102A00000E94EE6F0091060C1091070C2091080CAB
:102A10003091090C601B710B820B930B693C7105A3
:102A20008105910590F480910A0C882371F02FEFB5
:102A300030E040E050E065E170E08AE192E10E9420
:102A4000BF778AE192E10E942B7880E392E10E94B5
:102A50002B788AE192E10E942B7862E070E080E0BE
:102A600090E00E94BC6F8091870C23E030E08111E0
:102A700002C022E030E040910D0250910E02249FEE
:102A8000C001259F900D349F900D11242091E810D6
:102A90003091E910820F931F9093E9108093E81012
:102AA000823D910564F08FEF9FEF90930E0280932B
:102AB0000D0282ED90E09093E9108093E8108091F0
:102AC000E8109091E9108F329F4F64F481E090E01C
:102AD00090930E0280930D028EE29FEF9093E91087
:102AE0008093E810DF91CF911F910F91FF90EF90AD
:102AF000DF90CF90BF90AF907F906F905F904F909E
:102B000008951092150CF7CD10920F0C51CE109223
:102B10000A0CABCE1092050C04CF0F931F93CF93EA
:102B20000E94EE6F0091FD0B1091FE0B2091FF0BA8
:102B30003091000C601B710B820B930B6436710596
:102B400081059105D0F00E94EE6F6093FD0B7093AC
:102B5000FE0B8093FF0B9093000C65E170E087E023
:102B600090E00E941612C82F80915C0C811109C060
:102B7000C0930C0281E080935C0CCF911F910F9168
:102B8000089580910C02C817C1F36FE074E1C11180
:102B900002C068E074E185E99EE00E949672C093ED
:102BA0000C02EBCF88EF9DE00E94326A892B29F05E
:102BB00088EF9DE00E94106AF5CF8BE59DE00E94B2
:102BC000326A892B29F08BE59DE00E94106AF5CFCF
:102BD0008EEB9CE00E94326A892B29F08EEB9CE000
:102BE0000E94106AF5CF84EB92E10E948F6B892BD3
:102BF00029F084EB92E10E94A56BF5CF0895FF9236
:102C00000F931F93CF93DF93EDE5FCE011928CE0DF
:102C1000E636F807D9F703E812E0E801F99061E039
:102C20008F2D0E94D96D64EF71E080E090E00E94EA
:102C3000BC6F60E08F2D0E94D96D64E670E080E08B
:102C400090E00E94BC6FE2E0CC38DE0739F760E02C
:102C5000F80181918F010E94D96DC017D107B9F792
:102C6000DF91CF911F910F91FF900895E3E8F2E07B
:102C700030E020E041914817190631F4235A334FD0
:102C800081E0F901808308952F5F3F4F293031059E
:102C900089F708951F93CF93DF9320911502222384
:102CA00009F4D3C1EC0188E891E10E94B27481E794
:102CB00091E10E94B27483E491E10E94B2748CE2CB
:102CC00091E10E94B27485E191E10E94B2748EEFAD
:102CD00090E10E94B27483E491E10E947F758823A1
:102CE00011F11091860C8EEF810F823038F0113087
:102CF00009F048C080912A0C882339F060ED70E11A
:102D000085E99EE00E9455720CC08091290C8111CA
:102D100028C06EEB70E185E99EE00E945572109329
:102D2000290C109215028CE291E10E947F75882394
:102D300009F440C09091860C8EEF890F823070F5B7
:102D400041E050E070E060E082E090E00E94F00D31
:102D500026E0289FB001299F700D112462577F4EF5
:102D600023C042E050E061E070E090E080E00E942B
:102D7000F00D26E0289FB001299F700D11246254A8
:102D80007F4EBECF143039F445E050E064E070E08F
:102D900081E090E0ECCF153030F2B0CF8CEF890FAE
:102DA000873010F56AE970E185E99EE00E9455726E
:102DB0001092150285E191E10E947F75882309F444
:102DC00049C01091860C153069F541E050E070E083
:102DD00060E085E090E00E94F00D26E0289FB001C1
:102DE000299F700D11242EC09B3079F480918F0B98
:102DF0009091900B6CEA70E10297B4F644E050E0D9
:102E000063E070E083E090E0A1CF9C3039F447E0CC
:102E100050E066E070E084E090E098CF9D50943000
:102E200048F6C0CF163009F014C143E050E062E02C
:102E300070E086E090E00E94F00D189FB001199FAD
:102E4000700D11246C597F4E85E99EE00E945572E9
:102E50001092150281E791E10E947F758823D9F0D5
:102E60008091860C893009F013C141E050E070E098
:102E700060E08BE090E00E94F00D26E0289FB0011A
:102E8000299F700D1124645E7F4E85E99EE00E94AB
:102E900055721092150288E891E10E947F7588238F
:102EA000D9F08091860C8D3009F0F9C041E050E0F6
:102EB00070E060E08EE090E00E94F00D26E0289F38
:102EC000B001299F700D11246E53704F85E99EE06B
:102ED0000E945572109215028EEF90E10E947F754C
:102EE0008823F9F08091860C9091950B873009F03A
:102EF000F1C09111F4C041E050E070E060E089E081
:102F000090E00E94F00D26E0289FB001299F700DEF
:102F10001124605C7F4E85E99EE00E9455721092FC
:102F2000150264E273E0CE010E941F718823F9F05C
:102F30008091860C9091930B873009F0D3C091114A
:102F4000D6C041E050E070E060E088E090E00E9490
:102F5000F00D26E0289FB001299F700D11246E5AB4
:102F60007F4E85E99EE00E9455721092150269E23B
:102F700073E0CE010E941F718823F9F08091860CC6
:102F80009091940B873009F0B5C09111B8C041E021
:102F900050E070E060E08AE090E00E94F00D26E0F2
:102FA000289FB001299F700D1124625D7F4E85E935
:102FB0009EE00E9455721092150260E373E0CE010C
:102FC0000E941F718823F9F08091860C9091910BDB
:102FD000873009F097C091119AC041E050E070E04D
:102FE00060E08CE090E00E94F00D26E0289FB001A8
:102FF000299F700D1124665F7F4E85E99EE00E9437
:1030000055721092150260E276E0CE010E941F71A7
:103010008823D9F08091860C8A3009F07BC043E088
:1030200050E070E060E08DE090E00E94F00D26E05E
:10303000289FB001299F700D11246451704F85E9BC
:103040009EE00E94557210921502DF91CF911F9160
:1030500008951730B9F480911F0B882361F0809197
:103060001D0B882341F080911E0B882321F0809155
:103070001C0B81110AC045E050E064E070E087E07D
:1030800090E0A9CE183008F4E5CE68E870E1DCCE17
:103090008A50883008F0FFCE68E270E1F6CE8E30BC
:1030A00039F443E050E062E070E08FE090E004CF5C
:1030B00091EF980F923038F445E050E064E070E012
:1030C00080E190E0F9CE8151823008F005CF66EEC4
:1030D0007FE0FCCE911103C0883008F422CF6CE46D
:1030E00070E119CF911103C0883008F440CF6EE52C
:1030F00070E137CF911103C0883008F45ECF6AE3E6
:1031000070E155CF911103C0883008F47CCF66E19F
:1031100070E173CF8B50873008F097CF64E070E197
:103120008ECFCF92DF92EF92FF920F931F93CF93A8
:10313000DF9340E052EC61E070E085E99EE00E94A0
:10314000406C62E672E085E99EE00E94967264E15E
:1031500070E080E090E00E94BC6F62E08BE10E9432
:10316000C16E62E088E10E94C16E62E087E10E9468
:10317000C16E62E089E10E94C16E62E083E40E9458
:10318000C16E61E08CE30E94C16E61E089E30E9440
:10319000C16E61E081E40E94C16E61E08AE30E9439
:1031A000C16E61E08FE30E94C16E61E088E30E941E
:1031B000C16E61E08DE30E94C16E61E080E40E9417
:1031C000C16E61E08EE30E94C16E61E085E20E9403
:1031D000C16E61E08BE30E94C16E61E082E20E94F9
:1031E000C16E61E087E20E94C16E61E084E20E94EC
:1031F000C16E61E083E00E94C16E61E084E00E94E4
:10320000C16E61E087E00E94C16E61E08EE10E94C4
:10321000C16E60E087E20E94D96D60E084E20E94A6
:10322000D96D60E083E00E94D96D60E08DE30E947B
:10323000D96D60E084E00E94D96D60E085E20E9473
:10324000D96D60E08BE30E94D96D60E08EE10E9451
:10325000D96D60E087E00E94D96DC3E8D2E060E0FC
:1032600089910E94D96D22E0CC38D207C1F740E0A5
:1032700052EC61E070E085E99EE00E94406C82E3E0
:1032800090E0A0E0B0E08093990E90939A0EA09306
:103290009B0EB0939C0E60E071E08BEE92E10E9479
:1032A000347160E071E085EE92E10E94347160E07B
:1032B00071E08FED92E10E94347160E071E089ED80
:1032C00092E10E94347160E071E083ED92E10E942E
:1032D000347140E855E260E070E088EF9DE00E94C4
:1032E000406C3AE0C32ED12CE12CF12CC092FC0DA5
:1032F000D092FD0DE092FE0DF092FF0D40E855E2F8
:1033000060E070E08BE59DE00E94406CC0925F0D34
:10331000D092600DE092610DF092620D40E855E2AE
:1033200060E070E08EEB9CE00E94406CC092C20CAA
:10333000D092C30CE092C40CF092C50C1092CF1244
:103340001092CE121092CD121092CC121092CB127B
:103350001092CA128DE991E09093D1128093D0120D
:103360008091C01296EF980F943048F02EEC280F01
:10337000243028F022EC280F283008F061C02DEB13
:1033800030E03093CB122093CA122BE931E0309316
:10339000CD122093CC122CE231E03093CF12209347
:1033A000CE12943050F02EEC280F243030F022EC66
:1033B000280FF0E0E0E0283010F4E8E6F0E02081AB
:1033C000943028F032EC380F383008F42FC231E056
:1033D000232B943048F09EEC980F943028F08E53B5
:1033E000F0E0E0E0883010F4E8E6F0E0208320919F
:1033F000C01236EF320F343008F41AC28EEC820F4E
:10340000843008F415C282EC820F883008F413C2AD
:1034100090E080E09093C8128093C712343008F097
:103420000DC22650330B81E001C0880F2A95EAF7C0
:103430008093C9128091D0129091D1120197F1F727
:103440008091CE129091CF12892B49F1E0911E0C00
:10345000F0911F0C82E1E43BF80709F1309739F055
:10346000A389B4899C918589809589238C938091C7
:10347000D2128E7F8093D21210921C0C10921D0CCF
:1034800084EB92E190931F0C80931E0CE091C71285
:10349000F091C81280819091C912892B80838AE0B3
:1034A00090E0A0E0B0E08093B8129093B912A0939E
:1034B000BA12B093BB1280E392E10E94907C64E662
:1034C00080E392E10E947D7780E392E10E942B7875
:1034D0008AE192E10E94907C64E68AE192E10E9496
:1034E0007D778AE192E10E942B788EE992E10E9439
:1034F000907C6FEF8EE992E10E947D7788E892E1FF
:103500000E94907C6FEF88E892E10E947D7782E7CD
:1035100092E10E94907C6FEF82E792E10E947D77BA
:1035200086E492E10E94907C6FEF86E492E10E9433
:103530007D778CE592E10E94907C6FEF8CE592E1C3
:103540000E947D77D0E0C0E020E030E0A901BE011C
:103550008EE992E10E94BF7720E030E0A901BE0130
:1035600088E892E10E94BF7720E030E0A901BE0127
:1035700082E792E10E94BF7720E030E0A901BE011E
:103580008CE592E10E94BF7720E030E0A901BE0106
:1035900086E492E10E94BF772196C333D105A1F65C
:1035A0008EE992E10E942B7888E892E10E942B78C4
:1035B00082E792E10E942B788CE592E10E942B78C1
:1035C00086E492E10E942B7882E3E82EF12CF092BF
:1035D000E811E092E7110CE211E01093EA11009378
:1035E000E911C8E5D2E0D093EC11C093EB1184EE61
:1035F00091E10E94FD6E8091E5118D7F8093E51130
:10360000F092A311E092A2111093A5110093A411BE
:10361000D093A711C093A6118FE991E10E94FD6E8E
:103620008091A0118D7F8093A011F0927511E0928E
:1036300074111093771100937611D0937911C09380
:10364000781181E791E10E94FD6E809172118D7F6A
:1036500080937211F092D111E092D0111093D31196
:103660000093D211D093D511C093D4118DEC91E178
:103670000E94FD6E8091CE118D7F8093CE11F092CD
:10368000BA11E092B9111093BC110093BB11D09301
:10369000BE11C093BD1186EB91E10E94FD6E809139
:1036A000B7118D7F8093B711F0928C11E0928B113E
:1036B00010938E1100938D11D0939011C0938F11A0
:1036C00088E891E10E94FD6E809189118D7F809341
:1036D0008911F0924711E09246111093491100931D
:1036E0004811D0934B11C0934A1183E491E10E9499
:1036F000FD6E809144118D7F80934411F0923011C2
:10370000E0922F111093321100933111D0933411A4
:10371000C09333118CE291E10E94FD6E80912D11D6
:103720008D7F80932D11F0921911E0921811109352
:103730001B1100931A11D0931D11C0931C1185E128
:1037400091E10E94FD6E809116118D7F809316117C
:10375000F0920211E09201111093041100930311F1
:10376000D0930611C09305118EEF90E10E94FD6E7B
:103770008091FF108D7F8093FF10F0925E11E09298
:103780005D111093601100935F11D0936211C0938B
:1037900061118AE591E10E94FD6E80915B118D7F40
:1037A00080935B1187E30E94A56F61E084E40E942F
:1037B000C16E61E085E30E94C16E61E084E30E9416
:1037C000C16E62E085E10E94C16E62E084E10E9408
:1037D000C16E62E082E40E94C16E62E081E20E94FA
:1037E000C16E0E94206F90E080E00E944B6DE091DE
:1037F000FB118E2F90E0FC01EE0FFF1FE80FF91F69
:10380000EE5CF04F80818F7B808366E472E085E917
:103810009EE00E94967288EF9DE00E94326A892B9A
:1038200011F188EF9DE00E94106AF5CF34E0D0CD11
:103830008BE690E0EFCD8DE690E0ECCD88E0223392
:1038400009F4F6CD84E0233309F4F2CD82E0243389
:1038500009F4EECD82EC820F883018F42E53330B2E
:10386000E2CD81E0E5CD8BE59DE00E94326A892BB7
:1038700029F08BE59DE00E94106AF5CF8EEB9CE06D
:103880000E94326A892B29F08EEB9CE00E94106A1C
:10389000F5CF84EB92E10E948F6B892B29F084EBAA
:1038A00092E10E94A56BF5CF60E472E088EF9DE0A5
:1038B0000E9496726AE372E08BE59DE00E94967228
:1038C00064E372E08EEB9CE00E9496726EE272E01E
:1038D00084EB92E10E9496720E94EE6F6B017C0174
:1038E00000E0C0E0D0E010E00E94EE6F6C197D09AE
:1038F0008E099F09603D77408105910508F043C01E
:1039000088EF9DE00E94326A892B09F011E08BE577
:103910009DE00E94326A892B09F0D1E08EEB9CE099
:103920000E94326A892B09F0C1E084EB92E10E9487
:103930008F6B892B09F001E01123B1F2DD23A1F295
:10394000CC23E1F00023E1F062E172E085E99EE042
:103950000E94967264E670E080E090E00E94BC6F86
:103960006FEF71E085E99EE0DF91CF911F910F919C
:10397000FF90EF90DF90CF900C9496721D2FB4CFF4
:10398000DC2F1C2FB1CF112349F0DD2339F01D2F7F
:10399000CC2321F0DC2F1C2F0111D6CF65EE71E076
:1039A00085E99EE00E947272111106C06BED71E014
:1039B00085E99EE00E947272D11106C063ED71E04C
:1039C00085E99EE00E947272C11106C06EEC71E042
:1039D00085E99EE00E947272011106C068EC71E0F8
:1039E00085E99EE00E94727266E373E085E99EE0DD
:1039F000DF91CF911F910F91FF90EF90DF90CF90CB
:103A00000C9400722F923F924F925F926F927F922E
:103A10008F929F92AF92BF92CF92DF92EF92FF92DE
:103A20000F931F93CF93DF93CDB7DEB768970FB691
:103A3000F894DEBF0FBECDBF0E94EE6F0091FC0A6E
:103A40001091FD0A2091FE0A3091FF0A6B017C0162
:103A5000C01AD10AE20AF30A970186010F31110553
:103A60002105310508F468C26093FC0A7093FD0AD1
:103A70008093FE0A9093FF0A8091FA0A9091FB0AC4
:103A800001969093FB0A8093FA0A2CE832E03C837B
:103A90002B83AB81BC81CD90DD90BC83AB83DA827C
:103AA000C982D60112962D903C901E821D82CD8037
:103AB000DE80C214D3040CF055C0A981BA811296DD
:103AC0008D919C911397C816D90608F045C0B60190
:103AD000CD010E940F76072F182F70E090E080E054
:103AE0000E94459723E333E343E35FE30E94A497F7
:103AF0002B013C01602F70E090E080E00E94459730
:103B000023E333E343E35FE30E94A4974B015C01AB
:103B1000612F70E090E080E00E94459723E333E35B
:103B200043E35FE30E94A4976B017C01C301B201F0
:103B30000E94AE99062FC501B4010E94AE99162FBE
:103B4000C701B6010E94AE99462F212F6D817E815B
:103B500089819A810E940577ED81FE813196FE83ED
:103B6000ED83A5CF712C612C9101215031093E8B41
:103B70002D8B621473040CF048C10E94A19628EEAC
:103B800033E040E050E00E9465986830710581059F
:103B900091050CF036C10E94A19626E030E040E08D
:103BA00050E00E946598660F771F660F771FFB0134
:103BB000E250FE4EC080CD82D180D98612810E9413
:103BC000A19622E330E040E050E00E9465980E9418
:103BD000459720E030E048EC52E40E94359923E319
:103BE00033E343E35FE30E94C9984B015C01612F1B
:103BF00070E090E080E00E944597A50194010E944A
:103C0000A4970E94A7998B016F3F710519F014F0DA
:103C10000FEF10E0E9846E2D70E090E080E00E94EC
:103C20004597A50194010E94A4970E94A7997B0142
:103C30006F3F710521F01CF0EE24EA94F12CCD8049
:103C40006C2D70E090E080E00E944597A501940102
:103C50000E94A4970E94A7996B016F3F710521F004
:103C60001CF0CC24CA94D12C63E070E080E090E09A
:103C70000E947270AB01BC014E5F5F4F6F4F7F4F70
:103C80009A01CA0157FD019695958795D301A81B06
:103C9000B90BB88FAF8BB7FF02C0188E1F8ACA014D
:103CA00037FD019695958795860D971D2C018215F8
:103CB000930514F04D885E88C901330FAA0BBB0B26
:103CC0008D839E83AF83B887DD249601DD0C440B82
:103CD000550B29873A874B875C87FF24C701FF0C68
:103CE000AA0BBB0B8D879E87AF87B88BC80199271E
:103CF0006C01990FEE08FF08C98ADA8AEB8AFC8A00
:103D0000EF88F88C4E145F040CF47BC0A981BA8153
:103D100012968D919C911397E816F90608F06BC0E6
:103D2000B701CD010E940F766B017C016F89788D00
:103D30006619770977FF03C0719561957109072EA0
:103D4000000C880B990B0E9445974B015C016D811B
:103D50007E818F8198850E9445979B01AC01C501AA
:103D6000B4010E9435999B01AC0160E070E080E8ED
:103D70009FE30E94C8984B015C0169857A858B8519
:103D80009C850E944597A50194010E94A4970E94DA
:103D9000AE99062F6C1508F40C2D6D857E858F85E8
:103DA00098890E944597A50194010E94A4970E94BA
:103DB000AE99BB27AF2D9E2D8D2D162F681708F4B9
:103DC000182F69897A898B899C890E944597A5015A
:103DD00094010E94A4970E94AE996701EE24FF24EB
:103DE000462F6C1508F44C2D212F6F89788D898111
:103DF0009A810E940577EF89F88D3196F88FEF8BC5
:103E00007FCFFFEF6F1A7F0AB4CE0E94A19628EEF3
:103E100033E040E050E00E9465986F307105810505
:103E200091050CF077C0B101032C000C880B990BA5
:103E30000E9472704B0162E370E080E090E00E94AB
:103E400072706C599E828D821814190424F021E03E
:103E500030E03E832D834D815E81415051095E8368
:103E60004D83C4010196821593050CF04FC01C01CF
:103E7000C62ED12CF12CE12C8D819E81281639067D
:103E80000CF448C0A981BA8112968D919C91ED8164
:103E9000FE81E817F90798F5BF016819790977FFDE
:103EA00003C0719561957109072E000C880B990B61
:103EB0000E94459720E030E040E05FE30E94A49735
:103EC0009B01AC0160E070E080E89FE30E94C8982D
:103ED0002B013C01C701B6010E9445979B01AC0133
:103EE000C301B2010E94A4970E94AE99462F062FEB
:103EF000262F6D817E8189819A810E9405772D818F
:103F00003E812F5F3F4F3E832D83B6CF51E0251A70
:103F10003108AECF89819A810E942B7862E070E0EF
:103F200080E090E00E94BC6F4AE952E0CB80DC80E8
:103F30004C155D0509F0ADCD68960FB6F894DEBF5F
:103F40000FBECDBFDF91CF911F910F91FF90EF90EA
:103F5000DF90CF90BF90AF909F908F907F906F90A9
:103F60005F904F903F902F900895CF92DF92EF9205
:103F7000FF920F931F93CF93DF9300D000D0CDB764
:103F8000DEB785E99EE00E94326A892B09F016C1EE
:103F90008BE59DE00E94326A892B09F00FC1809168
:103FA000160281110BC10E94EE6F00918C0C1091D2
:103FB0008D0C20918E0C30918F0C6B017C01C01AFE
:103FC000D10AE20AF30A60E177E280E090E00E9421
:103FD0007270605F784D8F4F9F4FC616D706E80608
:103FE000F906E8F08091870C811119C081E0809377
:103FF000870C6AE07EE085E99EE00E9496728FE081
:1040000090E090930102809300020E94EE6F609313
:10401000880C7093890C80938A0C90938B0C0E946F
:10402000EE6F0091880C1091890C20918A0C3091D0
:104030008B0C601B710B820B930B683873418105ED
:104040009105F8F08091870C8823D9F080911602B1
:10405000882309F4ECC01092870C0E94EE6F6093E5
:104060008C0C70938D0C80938E0C90938F0C0E940F
:10407000EE6F6093880C7093890C80938A0C9093F8
:104080008B0C0E94EE6F0091B20B1091B30B20913C
:10409000B40B3091B50B601B710B820B930B683E18
:1040A00073408105910568F168E070E080E090E080
:1040B0000E947270DC01CB010497A109B109209123
:1040C000000230910102820F931F843191050CF49C
:1040D000BDC090930102809300028091870C8823D9
:1040E00031F08FE090E090930102809300020E94F3
:1040F000EE6F6093B20B7093B30B8093B40B9093FD
:10410000B50B0E94EE6F0091360B1091370B20918A
:10411000380B3091390BAB01BC01401B510B620BCA
:10412000730B8091000290910102092E000CAA0BE2
:10413000BB0B481759076A077B0760F00E94EE6FB8
:104140006093360B7093370B8093380B9093390B39
:104150000E9441120E94EE6F0091320B1091330BBE
:104160002091340B3091350B6B017C01C01AD10AC0
:10417000E20AF30A60EA7FE080E090E00E94727059
:104180006053784F8F4F9F4FC616D706E806F90643
:10419000A8F00E94EE6F6093320B7093330B809304
:1041A000340B9093350B80910D0290910E029195F6
:1041B0008195910990930E0280930D0211E004E124
:1041C00085E99EE00E94326A892B09F042C011E025
:1041D00004E18BE59DE00E94326A892B09F42EC32D
:1041E0008BE59DE00E94106A8A3019F08D3009F04D
:1041F00014C38091E9129091EA12892B89F060EB47
:1042000073E085EE92E10E941F71882309F4EFC1EB
:104210001092830C69E77EE085E99EE00E94967229
:1042200068E373E085EE92E10E94C071D2CF6FEF38
:104230007DE085E99EE00E9496726CEE7DE08BE564
:104240009DE00E9496720E94BD1005CF84E190E02F
:1042500040CF85E99EE00E94106A8A3019F08D30C7
:1042600009F0B4C18091D7129091D812892B09F42A
:1042700014C161E573E0CE0101960E94D271BE01C6
:104280006F5F7F4F83ED92E10E94E9707C01CE0168
:1042900001960E94CA71EF20E09489F10E94D47CBB
:1042A00062E370E080E090E00E94BC6F69EC7EE029
:1042B00084EB92E10E94967210922B0C1092940C57
:1042C00060E083E00E94D96D0E94FF151092840C7B
:1042D00089E18093860C1092850C68E373E083ED8E
:1042E00092E10E94C07185E99EE00E94326A892BAA
:1042F00009F4A4C285E99EE00E94106AF4CF69E542
:1043000073E0CE0101960E94D271BE016F5F7F4FB4
:1043100083ED92E10E94E9707C01CE0101960E943A
:10432000CA71EF20E09409F4BFC0109216020E94F7
:10433000EE6F60938C0C70938D0C80938E0C909329
:104340008F0C0E94EE6F6093880C7093890C8093A1
:104350008A0C90938B0C1092870C80E392E10E9460
:1043600074778AE192E10E94747780E392E10E947F
:104370002B788AE192E10E942B786AE873E0CE0103
:1043800001960E94D271BE016F5F7F4F83ED92E173
:104390000E94E9707C01CE0101960E94CA71EF2053
:1043A000E09491F18091940C882371F11092940C17
:1043B00060E083E00E94D96D80E392E10E9474770F
:1043C0008AE192E10E94747780E392E10E942B7867
:1043D0008AE192E10E942B78109216020E94EE6F01
:1043E00060938C0C70938D0C80938E0C90938F0C3B
:1043F0000E94EE6F6093880C7093890C80938A0CF6
:1044000090938B0C1092870C6AE973E0CE010196B1
:104410000E94D271BE016F5F7F4F83ED92E10E94D7
:10442000E9707C01CE0101960E94CA71EF20E094F0
:1044300011F01092150262EA73E0CE0101960E941B
:10444000D271BE016F5F7F4F83ED92E10E94E970F0
:104450007C01CE0101960E94CA71EF20E09411F018
:10446000109315026BEA73E0CE0101960E94D2719F
:10447000BE016F5F7F4F83ED92E10E94E9707C0186
:10448000CE0101960E94CA71EF20E09431F06DE8F0
:104490007EE085E99EE00E94967268E373E083ED1A
:1044A00092E10E94C0718CCE6BE673E0CE01019662
:1044B0000E94D271BE016F5F7F4F83ED92E10E9437
:1044C000E9707C01CE0101960E94CA71EF20E09450
:1044D00009F44DC01092940C80E392E10E9474772D
:1044E0008AE192E10E94747780E392E10E942B7846
:1044F0008AE192E10E942B7868EC70E080E090E025
:104500000E94BC6F61EC7EE085E99EE00E9496729D
:1045100068EB7EE088EF9DE00E94967264E670E0B2
:1045200080E090E00E94BC6F6FEA7EE08BE59DE04A
:104530000E94967264E670E080E090E00E94BC6F9A
:1045400066EA7EE08EEB9CE00E94967264E670E084
:1045500080E090E00E94BC6F6DE97EE084EB92E128
:104560000E9496720093860C1092850C06CF6BE722
:1045700073E0CE0101960E94D271BE016F5F7F4F42
:1045800083ED92E10E94E9707C01CE0101960E94C8
:10459000CA71EF20E09409F4F0CE1092830C69E91F
:1045A0007EE085E99EE00E94967265E97EE08BE5FB
:1045B0009DE00E94967261E083E00E94D96D1092A6
:1045C000940C109316021092870CCCCF80320CF40E
:1045D000F7CD2091D7123091D812283C310508F040
:1045E000EFCD682F83ED92E10E945C71E9CD62EB23
:1045F00073E085EE92E10E941F718823C9F010924A
:1046000016020E94EE6F60938C0C70938D0C809359
:104610008E0C90938F0C0E94EE6F6093880C7093B9
:10462000890C80938A0C90938B0C6DE67EE0F4CD20
:1046300064EB73E085EE92E10E941F718823E9F03C
:10464000109316021092940C60E083E00E94D96DE2
:1046500080E392E10E9474778AE192E10E9474778C
:1046600080E392E10E942B788AE192E10E942B780C
:104670001092870C60E67EE0CFCD66EB73E085EEAE
:1046800092E10E941F718823E9F060EF73E08AEEE7
:1046900090E10E94C071109216020E94EE6F60932A
:1046A0008C0C70938D0C80938E0C90938F0C1092C9
:1046B000870C65E57EE085E99EE00E9496720E9487
:1046C000BD10AECD61E274E085EE92E10E941F71F3
:1046D0008823B9F066EF77E08AEE90E10E94C0711E
:1046E000109216020E94EE6F60938C0C70938D0CEA
:1046F00080938E0C90938F0C1092870C6AE47EE06E
:10470000DACF6CEF73E085EE92E10E941F7188238F
:10471000B9F01092830C66E47EE085E99EE00E9489
:10472000967261E083E00E94D96D1092940C109310
:1047300016021092870C0093860C1092850C70CD97
:1047400060EF73E085EE92E10E941F718823B9F05B
:104750001092870C68E37EE085E99EE00E949672E5
:104760001093940C0E94EE6F6093900C7093910CD8
:104770008093920C9093930C0E94451151CD66EF5B
:1047800077E085EE92E10E941F71882329F0109254
:10479000870C6AE27EE0E0CF68EB73E085EE92E1A1
:1047A0000E941F71882389F0109216020E94EE6FFA
:1047B00060938C0C70938D0C80938E0C90938F0C67
:1047C0001092870C6DE17EE027CD6AEB73E085EEF9
:1047D00092E10E941F71882309F422CD63E17EE0FB
:1047E00085E99EE00E9496721092940C60E083E04E
:1047F0000E94D96D80E392E10E9474778AE192E190
:104800000E94747780E392E10E942B788AE192E122
:104810000E942B781093160203CD80320CF4D9CC71
:104820002091E9123091EA12283C310508F0D1CCF0
:10483000682F85EE92E10E945C71CBCC26960FB674
:10484000F894DEBF0FBECDBFDF91CF911F910F91C6
:10485000FF90EF90DF90CF900895CF92DF92EF928C
:10486000FF920F931F93CF93DF9300D000D0CDB76B
:10487000DEB78091100C882369F08091E50B8111DF
:1048800009C063EE7DE085E99EE00E94967281E0BA
:104890008093E50B80912B0C8823D1F10E94021D9F
:1048A00011E004E185E99EE00E94326A892B09F05B
:1048B000CBC011E08BE59DE00E94326A892B09F4A0
:1048C00021C38BE59DE00E94106A8A3019F08D307B
:1048D00009F007C38091E9129091EA12892B89F0BF
:1048E00060EB73E085EE92E10E941F71882309F46A
:1048F00068C21092830C64E27DE085E99EE00E942C
:10490000967268E373E085EE92E10E94C071D2CFA7
:10491000809116028111C4CF0E94EE6F0091B20BFC
:104920001091B30B2091B40B3091B50B601B710B40
:10493000820B930B683E73408105910518F168E086
:1049400070E080E090E00E947270DC01CB0104977F
:10495000A109B1092091000230910102820F931F39
:10496000843191050CF46DC0909301028093000294
:104970000E94EE6F6093B20B7093B30B8093B40BF5
:104980009093B50B0E94EE6F0091360B1091370B90
:104990002091380B3091390BAB01BC01401B510BFE
:1049A000620B730B8091000290910102092E000CA2
:1049B000AA0BBB0B481759076A077B0760F00E94D8
:1049C000EE6F6093360B7093370B8093380B909398
:1049D000390B0E9441120E94EE6F0091320B109130
:1049E000330B2091340B3091350B6B017C01C01AD5
:1049F000D10AE20AF30A60EA7FE080E090E00E94D8
:104A000072706053784F8F4F9F4FC616D706E806D7
:104A1000F90608F445CF0E94EE6F6093320B709355
:104A2000330B8093340B9093350B80910D02909152
:104A30000E0291958195910990930E0280930D023B
:104A40002FCF84E190E090CF85E99EE00E94106A2C
:104A50008A3019F08D3009F0A3C18091D71290915E
:104A6000D812892B09F4AAC061E573E0CE01019642
:104A70000E94D271BE016F5F7F4F83ED92E10E9471
:104A8000E9707C01CE0101960E94CA71EF20E0948A
:104A9000A9F10E94D47C62E370E080E090E00E9483
:104AA000BC6F69ED7DE084EB92E10E9496721092FA
:104AB0002B0C1092940C1092FB0B60E083E00E9490
:104AC000D96D1092E50B0E94FF151092840C89E1BC
:104AD0008093860C1092850C68E373E083ED92E17D
:104AE0000E94C07185E99EE00E94326A892B09F418
:104AF00009C285E99EE00E94106AF4CF6CEB73E076
:104B0000CE0101960E94D271BE016F5F7F4F83ED8F
:104B100092E10E94E9707C01CE0101960E94CA7167
:104B20006CEC7DE0EF20E094B9F46EEC73E0CE0124
:104B300001960E94D271BE016F5F7F4F83ED92E1BB
:104B40000E94E9707C01CE0101960E94CA71EF209B
:104B5000E094D9F16FEB7DE08BE59DE00E949672C9
:104B60006AE973E0CE0101960E94D271BE016F5FC7
:104B70007F4F83ED92E10E94E9707C01CE010196A6
:104B80000E94CA71EF20E09411F01092150262EABF
:104B900073E0CE0101960E94D271BE016F5F7F4F1C
:104BA00083ED92E10E94E9707C01CE0101960E94A2
:104BB000CA71EF20E09411F01093150268E373E0DE
:104BC00083ED92E10E94C0716DCE69E573E0CE0184
:104BD00001960E94D271BE016F5F7F4F83ED92E11B
:104BE0000E94E9707C01CE0101960E94CA71EF20FB
:104BF000E09409F43EC08091FB0B8111B1CF6DE9C7
:104C00007DE085E99EE00E9496721093FB0B109266
:104C10002B0C60E083E00E94D96D8CE8E82E82E0E6
:104C2000F82EF701C190D1907F01C6010E947477E0
:104C3000C6010E942B78FAE9EF16F2E0FF0689F729
:104C4000109216020E94EE6F60938C0C70938D0C84
:104C500080938E0C90938F0C0E94EE6F6093880C63
:104C60007093890C80938A0C90938B0C60E97DE0A3
:104C700073CF6BE773E0CE0101960E94D271BE0143
:104C80006F5F7F4F83ED92E10E94E9707C01CE015E
:104C900001960E94CA71EF20E09409F461CF10924E
:104CA0002B0C1092940C109316021092870C61E05A
:104CB00083E00E94D96D6CE87DE085E99EE00E946A
:104CC000967268E87DE08BE59DE00E94967280E335
:104CD00092E10E9474778AE192E10E94747780E306
:104CE00092E10E942B788AE192E10E942B7868EE93
:104CF00073E080E090E00E94BC6F60E87DE085E9B1
:104D00009EE00E94967267E77DE088EF9DE00E943A
:104D1000967264EF71E080E090E00E94BC6F6EE6F6
:104D20007DE088EF9DE00E94967265E67DE08BE570
:104D30009DE00E94967264EF71E080E090E00E9436
:104D4000BC6F6CE57DE08BE59DE00E94967263E5AB
:104D50007DE08EEB9CE00E94967264EF71E080E053
:104D600090E00E94BC6F6AE47DE08EEB9CE00E94C4
:104D7000967261E47DE084EB92E10E94967264EFAA
:104D800071E080E090E00E94BC6F68E37DE084EB1E
:104D900092E10E9496720093860C1092850CE0CEF0
:104DA00080320CF47FCD2091D7123091D812283C5C
:104DB000310508F077CD682F83ED92E10E945C7198
:104DC00071CD62EB73E085EE92E10E941F71882342
:104DD00069F066E17DE085E99EE00E94967280912F
:104DE000FB0B81118ECD10932B0C8BCD64EB73E0FC
:104DF00085EE92E10E941F71882309F167E07DE052
:104E000085E99EE00E94967210922B0C1093160278
:104E10001092FB0B60E083E00E94D96D80E392E189
:104E20000E9474778AE192E10E94747780E392E1B4
:104E30000E942B788AE192E10E942B7862CD6BED83
:104E400073E085EE92E10E941F718823A9F06BEF59
:104E50007CE085E99EE00E94967210922B0C1093E4
:104E6000940C0E94EE6F6093900C7093910C809361
:104E7000920C9093930C45CD61E876E085EE92E13B
:104E80000E941F71882309F43CCD6FEE7CE085E918
:104E90009EE00E94967210922B0C1092940C60E08F
:104EA00083E00E94D96D109216020E94EE6F60930B
:104EB0008C0C70938D0C80938E0C90938F0C0E94B1
:104EC000EE6F6093880C7093890C80938A0C90939A
:104ED0008B0C1092E50B8091860C8F5F8093860C73
:104EE00010CD80320CF4E6CC2091E9123091EA1218
:104EF000283C310508F0DECC682F85EE92E10E9457
:104F00005C71D8CC26960FB6F894DEBF0FBECDBF2D
:104F1000DF91CF911F910F91FF90EF90DF90CF9095
:104F20000895EF92FF920F931F93CF93DF93CDB726
:104F3000DEB72C970FB6F894DEBF0FBECDBF88EF5B
:104F40009DE00E94326A892B09F048C001E08BE5A0
:104F50009DE00E94326A892B09F487C38BE59DE0AE
:104F60000E94106A8A3009F041C385EE92E10E94E6
:104F70008C708091E9129091EA12892B41F10E9484
:104F8000EE6F60939D0C70939E0C80939F0C90939A
:104F9000A00C6DED73E085EE92E10E941F7181110E
:104FA00016C062EE73E0CE0101960E94D271BE017E
:104FB0006F5F7F4F85EE92E10E94E9707C01CE0128
:104FC00001960E94CA71EF20E09409F46AC168E377
:104FD00073E085EE92E10E94C071B9CF88EF9DE049
:104FE0000E94106A8A3009F04AC18BEE92E10E9459
:104FF0008C708091EF129091F012892B39F10E9400
:10500000EE6F6093A10C7093A20C8093A30C90930D
:10501000A40C6DED73E08BEE92E10E941F71811183
:1050200015C062EE73E0CE0101960E94D271BE01FE
:105030006F5F7F4F8BEE92E10E94E9708C01CE0191
:1050400001960E94CA710F3F1F4F39F068E373E069
:105050008BEE92E10E94C07172CF6BEE72E185E936
:105060009EE00E9455726CEE73E08BEE92E10E941E
:105070001F7161E376E081110AC062EF73E08BEE8D
:1050800092E10E941F718823E9F06BE276E085E9E6
:105090009EE00E9496726BEA73E08BEE92E10E94B2
:1050A0001F71882399F260E276E0CE0101960E949A
:1050B000D271CE0101960E944A16CE0101960E943D
:1050C000CA71C4CF68EF73E08BEE92E10E941F714A
:1050D00065E276E08111DBCF6EEF73E08BEE92E15B
:1050E0000E941F716FE176E08111D1CF64E074E01E
:1050F0008BEE92E10E941F7166E176E08111C7CFCD
:105100006DE074E08BEE92E10E941F7160E176E049
:105110008111BDCF63E174E08BEE92E10E941F71BB
:1051200069E076E08111B3CF6AE174E08BEE92E141
:105130000E941F71882309F4AECF60E076E085E914
:105140009EE00E94967267EF75E088EF9DE00E94F6
:1051500096726EEE75E08BE59DE00E94967265EEAC
:1051600075E08EEB9CE00E9496726CED75E084EB2E
:1051700092E10E94967268EE73E080E090E00E94F7
:10518000BC6F64ED75E088EF9DE00E9496726CEC58
:1051900075E08BE59DE00E94967264EC75E08EEB05
:1051A0009CE00E9496726CEB75E084EB92E10E94A9
:1051B00096728EE992E10E94747788E892E10E94EB
:1051C000747782E792E10E9474778CE592E10E9405
:1051D000747786E492E10E94747780E392E10E9402
:1051E00074778AE192E10E9474778EE992E10E94DD
:1051F0002B7888E892E10E942B7882E792E10E9466
:105200002B788CE592E10E942B7886E492E10E9453
:105210002B7880E392E10E942B788AE192E10E9450
:105220002B7860E087E20E94D96D60E084E20E9402
:10523000D96D60E083E00E94D96D60E08DE30E944B
:10524000D96D60E084E00E94D96D60E085E20E9443
:10525000D96D60E08BE30E94D96D60E08EE10E9421
:10526000D96D60E087E00E94D96D61E085E20E941F
:10527000D96D8091860C8F5F8093860C0CCF803225
:105280000CF45DCE2091EF123091F0122F3F3105DA
:1052900011F008F054CE682F8BEE92E10E945C7101
:1052A0004ECE65EE72E185E99EE00E94557263E2A2
:1052B00074E085EE92E10E941F71882309F43DC0DD
:1052C0001092830C68EA75E085E99EE00E94967270
:1052D0008091860C873009F07ACE61E774E085EE24
:1052E00092E10E941F7165EF74E0811137C16BE795
:1052F00074E085EE92E10E941F7168EE74E0811106
:105300002DC162E874E085EE92E10E941F716BEDA1
:1053100074E0811123C169E874E085EE92E10E9496
:105320001F71882309F4F2C062ED74E085E99EE004
:105330000E9496720093910B4ACE61E374E0CE0115
:1053400007960E94D271BE01695F7F4F85EE92E1A0
:105350000E94047110E08823A9F066E374E0CE0196
:1053600001960E94D271BE016F5F7F4F85EE92E180
:105370000E94E97011E0019609F410E0CE01019657
:105380000E94CA71CE0107960E94CA71112301F1D1
:1053900063E975E085E99EE00E9496726AE070E03C
:1053A00080E090E00E94BC6F8091860C823119F4FD
:1053B00064E875E089CF67E775E0833109F484CF4D
:1053C0006DE675E0813109F47FCF65E675E07CCF4D
:1053D00061E374E0CE0107960E94D271BE01695F5D
:1053E0007F4F85EE92E10E9404718823A9F062E468
:1053F00074E0CE0101960E94D271BE016F5F7F4FB3
:1054000085EE92E10E94E97011E0019609F410E046
:10541000CE0101960E94CA71CE0107960E94CA7100
:10542000112379F06FE475E085E99EE00E949672A1
:105430006AE070E080E090E00E94BC6F61E475E09B
:1054400043CF61E374E0CE0107960E94D271BE01A2
:10545000695F7F4F85EE92E10E9404718823A9F075
:1054600065E574E0CE0101960E94D271BE016F5FC6
:105470007F4F85EE92E10E94E97011E0019609F4F8
:1054800010E0CE0101960E94CA71CE0107960E94DB
:10549000CA71112379F06BE275E085E99EE00E9404
:1054A00096726AE070E080E090E00E94BC6F6FE16D
:1054B00075E00ACF67E474E085EE92E10E941F7107
:1054C00061E175E0811100CF62E674E085EE92E162
:1054D0000E941F7162E075E08111F6CE6BEA73E005
:1054E00085EE92E10E941F71882309F4F1CE60E3FA
:1054F00073E0CE0101960E94D271CE0101960E9406
:105500004A16CE0101960E94CA71E2CE62E974E0A9
:1055100085EE92E10E941F7167EC74E081111EC05C
:105520006DE974E085EE92E10E941F716CEB74E00E
:10553000811114C068EA74E085EE92E10E941F7147
:1055400060EB74E081110AC064EB74E085EE92E1D7
:105550000E941F71882339F066EA74E085E99EE0B5
:105560000E94967234CD6EEB74E085EE92E10E945B
:105570001F71882309F42BCD20E03FEF4FEF50E05F
:1055800070E060E08EE992E10E94BF778EE992E1DF
:105590000E942B7820E830E0A90170E060E082E70B
:1055A00092E10E94BF7782E792E10E942B781092ED
:1055B000410B60EA74E088EF9DE00E94967260E91A
:1055C00074E085E99EE00E94967266E874E08EEBD6
:1055D0009CE00E9496726CE774E084EB92E10E947A
:1055E000967262E774E08BE59DE0BACF80320CF4EE
:1055F000AECC2091E9123091EA122F3F310511F023
:1056000008F0A5CC682F85EE92E10E945C719FCCDA
:105610006FED72E185E99EE00E9455726BEA73E0DE
:105620008FED92E10E941F71882309F45DC069E249
:1056300073E0CE0101960E94D271CE0101960E94C4
:105640004A16CE0101960E94CA714EC080326CF09B
:105650002091E3123091E4122F3F310509F028F434
:10566000682F8FED92E10E945C718EEB9CE00E94AE
:10567000326A892B09F42FC18EEB9CE00E94106ADC
:105680008A3021F78FED92E10E948C708091E312B5
:105690009091E412892B41F10E94EE6F6093990C76
:1056A00070939A0C80939B0C90939C0C6DED73E01F
:1056B0008FED92E10E941F71811116C062EE73E0BE
:1056C000CE0101960E94D271BE016F5F7F4F8FEDB8
:1056D00092E10E94E9708C01CE0101960E94CA718C
:1056E0000F3F1F4F09F494CF68E373E08FED92E111
:1056F0000E94C071BACF69ED72E185E99EE00E9417
:10570000557261E374E0CE0107960E94D271BE012A
:10571000695F7F4F89ED92E10E94047110E0882358
:10572000A9F064EC74E0CE0101960E94D271BE0132
:105730006F5F7F4F89ED92E10E94E97011E0019661
:1057400009F410E0CE0101960E94CA71CE010796BD
:105750000E94CA71112391F06DE574E085E99EE025
:105760000E9496726AE070E080E090E00E94BC6F58
:1057700065E574E085E99EE00E94967262ED74E052
:10578000CE0107960E94D271BE01695F7F4F89EDFD
:1057900092E10E94E97010E00196A9F068ED74E0D2
:1057A000CE0101960E94D271BE016F5F7F4F89EDDD
:1057B00092E10E94E97011E0019609F010E0CE013B
:1057C00001960E94CA71CE0107960E94CA711123E8
:1057D00009F44DC06CE474E088EF9DE00E9496727D
:1057E00063E474E08BE59DE00E9496726AE374E0E6
:1057F0008EEB9CE00E9496726BEA73E0CE010796F6
:105800000E94D271BE01695F7F4F89ED92E10E94D3
:10581000E97011E00196A9F467EE74E0CE010196FB
:105820000E94D271BE016F5F7F4F89ED92E10E94AD
:10583000E97011E0019609F410E0CE0101960E9492
:10584000CA71CE0107960E94CA71112309F46CC077
:1058500064E273E0CE0101960E94D271CE010196FE
:105860000E944A16CE0101960E94CA715DC062EE86
:1058700074E0CE0101960E94D271BE016F5F7F4F2E
:1058800089ED92E10E94E9708C01CE0101960E949F
:10589000CA710F3F1F4F09F4AFCF60E374E088EF88
:1058A0009DE00E94967266E274E08BE59DE00E94A6
:1058B00096726CE174E09CCF80326CF02091DD1226
:1058C0003091DE122F3F310509F028F4682F89ED61
:1058D00092E10E945C7184EB92E10E948F6B892BB4
:1058E00051F184EB92E10E94A56B8A3029F789ED92
:1058F00092E10E948C708091DD129091DE12892BD2
:1059000099F00E94EE6F6093950C7093960C8093C3
:10591000970C9093980C6DED73E089ED92E10E94E5
:105920001F71882309F4E7CE68E373E089ED92E103
:105930000E94C071D0CF2C960FB6F894DEBF0FBE78
:10594000CDBFDF91CF911F910F91FF90EF90089500
:105950008F929F92AF92BF92CF92DF92EF92FF927F
:105960004B015C010E94EE6F6B017C010E94EE6FA7
:105970006C197D098E099F09681579058A059B05B3
:1059800048F40E94912761E070E080E090E00E947E
:10599000BC6FECCFFF90EF90DF90CF90BF90AF90B7
:1059A0009F908F900895CF93C82F61E00E94D96D8A
:1059B0006CE271E080E090E00E94A82C60E08C2F07
:1059C000CF910C94D96DCF92DF92EF92FF920F930B
:1059D0001F93CF93DF93CDB7DEB72C970FB6F89414
:1059E000DEBF0FBECDBF1092830C10927E0C1092C2
:1059F0007D0C8091840C811189C20DE51CE033E897
:105A0000E32E32E0F32E46E6C42E4CE0D42EF8010D
:105A100011928F0160E0F70181917F010E94D96DA1
:105A2000C016D106A1F780910B02811110920B02D2
:105A3000E091FB118E2F90E0FC01EE0FFF1FE80FAD
:105A4000F91FEE5CF04F80818F7B808361E087E2FD
:105A50000E94D96D61E084E20E94D96D60E083E02C
:105A60000E94D96D61E084E00E94D96D61E087E019
:105A70000E94D96D61E085E20E94D96D61E08BE3FF
:105A80000E94D96D61E08DE30E94D96DF12CE12C6B
:105A90008091A0129091A112E816F90668F428EC02
:105AA00030E040E050E0B7018EE992E10E94BF771C
:105AB000FFEFEF1AFF0AECCFF12CE12C80918A1254
:105AC00090918B12E816F90668F428EC30E040E07B
:105AD00050E0B70188E892E10E94BF772FEFE21A09
:105AE000F20AECCFF12CE12C809174129091751296
:105AF000E816F90668F428EC30E040E050E0B70121
:105B000082E792E10E94BF778FEFE81AF80AECCFA4
:105B1000F12CE12C80915E1290915F12E816F9064B
:105B200068F428EC30E040E050E0B7018CE592E109
:105B30000E94BF77EFEFEE1AFE0AECCFF12CE12CBA
:105B40008091481290914912E816F90668F428EC01
:105B500030E040E050E0B70186E492E10E94BF7778
:105B6000FFEFEF1AFF0AECCFF12CE12C80913212FB
:105B700090913312E816F90660F420E030E0A901B4
:105B8000B70180E392E10E94BF772FEFE21AF20A99
:105B9000EDCFF12CE12C80911C1290911D12E81692
:105BA000F90660F420E030E0A901B7018AE192E152
:105BB0000E94BF778FEFE81AF80AEDCF88E892E1EC
:105BC0000E942B7882E792E10E942B788CE592E18B
:105BD0000E942B7886E492E10E942B788EE992E174
:105BE0000E942B7880E392E10E942B788AE192E177
:105BF0000E942B7864E670E080E090E00E94BC6F29
:105C00000E94D47C1092B10C1092FC0B1092940C58
:105C100010922B0C1092FB0B1092490C1092480C16
:105C20001092460C1092470C10924B0C10924A0C9A
:105C300010924D0C10924C0C10924E0C11E01093DF
:105C40001402109313021093120210931102109277
:105C50002C0C10930F021092FA0B1092F90B109269
:105C6000F80B1092F70B1092F60B1092F50B1092A6
:105C7000F40B1092F30B1092F20B1092F10B1092A6
:105C8000F00B1092EF0B1092EE0B1092ED0B1092A6
:105C9000380C1092390C10923A0C1092EC0B1092B6
:105CA000EB0B1092EA0B1092E90B1092E80B10929A
:105CB000E70B1092E60B68E373E082EE90E10E943E
:105CC000C0711092E50B1092E40B1092E30B10934D
:105CD0000A021092E20B1092E10B1092E00B10926C
:105CE000DF0B1092DB0B1092DC0B1092DD0B10928D
:105CF000DE0B1092D70B1092D80B1092D90B10928A
:105D0000DA0B1092D60B1092D50B1092D40B109286
:105D1000D30B1093090210930802109307021093FB
:105D200006021093050210930402109303021093CD
:105D30000202109315021092530C1092540C109200
:105D4000550C1092560C1092CF0B1092D00B109253
:105D5000D10B1092D20B1092CB0B1092CC0B109255
:105D6000CD0B1092CE0B1092C70B1092C80B109255
:105D7000C90B1092CA0B1092C30B1092C40B109255
:105D8000C50B1092C60B1092BF0B1092C00B109255
:105D9000C10B1092C20B1092BB0B1092BC0B109255
:105DA000BD0B1092BE0B1092B70B1092B80B109255
:105DB000B90B1092BA0B10923C0C10923B0C109243
:105DC000B60B68E373E08AEE90E10E94C071109216
:105DD0003D0C109310021092830C10927E0C1092C6
:105DE0007D0C10928C0C10928D0C10928E0C1092D7
:105DF0008F0C1092880C1092890C10928A0C1092C1
:105E00008B0C1092B20B1092B30B1092B40B109239
:105E1000B50B81E090E090930E0280930D021092FA
:105E2000870C85E090E090931802809317028BEF27
:105E30009FEF9093E9108093E8101092150C109248
:105E40000F0C1092050C10920A0C1093160210926F
:105E5000570C1092AE0B1092AF0B1092B00B109229
:105E6000B10B1092AA0B1092AB0B1092AC0B1092CC
:105E7000AD0B1092A60B1092A70B1092A80B1092CC
:105E8000A90B1092A20B1092A30B1092A40B1092CC
:105E9000A50B1092420C1092430C1092440C1092DD
:105EA000450C10929E0B10929F0B1092A00B10921B
:105EB000A10B10929D0B10929C0B10929B0B1092B9
:105EC0009A0B1092990B1092980B1092970B1092BC
:105ED000960B1092950B1092940B1092930B1092BC
:105EE000920B1092910B1092100C1092900B10923A
:105EF0008F0B10922A0CE7E6FBE0119211922BE037
:105F0000EF38F207D1F781E08093840C0E948D1561
:105F100085E99EE00E94326A892BD9F10E94D21550
:105F200065E97EE0CE0101960E94E371CE01019603
:105F30000E948C7061E573E0CE0107960E94D271D9
:105F4000BE01695F7F4FCE0101960E94E9708C010E
:105F5000CE0107960E94CA710F3F1F4F49F10E9460
:105F6000D47C0E94FF1585E99EE00E94326A892B4D
:105F700029F085E99EE00E94106AF5CF1092840C0A
:105F800089E18093860C1092850CCE0101960E94C7
:105F9000CA712C960FB6F894DEBF0FBECDBFDF914D
:105FA000CF911F910F91FF90EF90DF90CF900895C8
:105FB0006BEF74E0CE0107960E94D271BE01695F5B
:105FC0007F4FCE0101960E94E9708C01CE010796A9
:105FD0000E94CA710F3F1F4F09F4E4C082E1809311
:105FE000860C10925C0C1092840C81E08093160257
:105FF00010922B0C1092940C1092FB0B80E392E108
:106000000E9474778AE192E10E94747780E392E1C2
:106010000E942B788AE192E10E942B780E94D2158F
:1060200062E074E188EF9DE00E9496726AE070E0A1
:1060300080E090E00E94BC6F6CEF73E18BE59DE027
:106040000E9496726AE070E080E090E00E94BC6F6F
:1060500066EF73E18EEB9CE00E9496726AE070E05E
:1060600080E090E00E94BC6F60EF73E184EB92E10E
:106070000E9496726AE070E080E090E00E94BC6F3F
:106080000E94EE6F6B017C010E94EE6F6C197D091E
:106090008E099F096C3D75408105910548F40E9469
:1060A000D2156AE070E080E090E00E94BC6FECCF17
:1060B0006AEE73E188EF9DE00E9496726AE070E0FC
:1060C00080E090E00E94BC6F64EE73E18BE59DE0A0
:1060D0000E9496726AE070E080E090E00E94BC6FDF
:1060E0006EED73E18EEB9CE00E9496726AE070E0C8
:1060F00080E090E00E94BC6F68ED73E184EB92E178
:106100000E9496726AE070E080E090E00E94BC6FAE
:106110006CEC73E18BE59DE00E94967262E370E0A7
:1061200080E090E00E94BC6F66EC73E18BE59DE03F
:106130000E94967262E370E080E090E00E94BC6F83
:1061400069EB73E18BE59DE00E9496726EE571E06C
:1061500080E090E00E94BC6F60EB73E18BE59DE016
:106160000E94967268EC70E080E090E00E94BC6F44
:106170000E94D2156BE873E185E99EE00E94967259
:1061800068E373E083ED92E10E94C07185E99EE0CF
:106190000E94326A892B09F4F8CE85E99EE00E94BC
:1061A000106AF4CF62E075E0CE0107960E94D271CA
:1061B000BE01695F7F4FCE0101960E94E9708C019C
:1061C000CE0107960E94CA710F3F1F4F09F400C10C
:1061D000EDE5FCE086E69CE011928E179F07E1F763
:1061E00065E873E188EF9DE00E94967264E170E0DB
:1061F00080E090E00E94BC6F6FE773E18BE59DE06B
:106200000E94967264E170E080E090E00E94BC6FB2
:1062100069E773E18EEB9CE00E94967264E170E0A6
:1062200080E090E00E94BC6F63E773E184EB92E151
:106230000E94967262E370E080E090E00E94BC6F82
:106240006DE673E184EB92E10E94967289E20E940E
:10625000B06D892B31F063E673E185E99EE00E9421
:10626000967288E20E94B06D892B31F46AE573E181
:1062700085E99EE00E94967261E270E084E090E021
:106280000E941612882331F06FE473E185E99EE0E5
:106290000E94967265E170E087E090E00E9416121D
:1062A000882331F067E473E185E99EE00E949672ED
:1062B00062E470E085E090E00E941612882331F0DD
:1062C0006EE373E185E99EE00E94967264E170E0FE
:1062D00081E090E00E941612882331F063E373E1BD
:1062E00085E99EE00E94967262E470E083E090E0AF
:1062F0000E9416128823F1F062E470E090E080E0E2
:106300000E9416128823B1F062E470E081E090E010
:106310000E941612882371F062E470E082E090E03F
:106320000E941612882331F069E273E185E99EE04C
:106330000E94967260E087E20E94D96D60E084E27C
:106340000E94D96D60E083E00E94D96D60E084E036
:106350000E94D96D60E087E00E94D96D60E085E21F
:106360000E94D96D60E08BE30E94D96D60E08DE3FF
:106370000E94D96D0CE812E08AE9C82E82E0D82E7E
:10638000F801E190F1908F01C7010E947477C70175
:106390000E942B78C016D10699F710925C0C0E94CF
:1063A000EE6F6093580C7093590C80935A0C909335
:1063B0005B0C8AE18093860C85E99EE00E94326A3C
:1063C000892B09F4E2CD85E99EE00E94106AF4CFA2
:1063D00068E075E0CE0101960E941F71882349F0A4
:1063E0008CE390E00E94D32CCE0101960E94CA71EA
:1063F0008FCD6AE175E0CE0101960E941F7188235E
:1064000019F082E290E0EECF6AE275E0CE010196EB
:106410000E941F71882319F08AE390E0E3CF69E3BB
:1064200075E0CE0101960E941F71882319F089E35F
:1064300090E0D8CF6AE475E0CE0101960E941F710A
:10644000882399F06FE173E184EB92E10E949672E8
:1064500062E370E080E090E00E94BC6F65E173E170
:1064600084EB92E10E949672BFCF68E575E0CE01A1
:1064700001960E941F71882329F06BE073E18EEB77
:106480009CE0F0CF66E675E0CE0101960E941F7198
:10649000882319F08FE390E0A5CF6AE775E0CE017D
:1064A00001960E941F71882319F08EE190E09ACF27
:1064B0006FE875E0CE0101960E941F71882319F0E4
:1064C00081E490E08FCF61EA75E0CE0101960E94F1
:1064D0001F71882329F061E073E188EF9DE0C2CF4E
:1064E00064EB75E0CE0101960E941F71882319F0BC
:1064F00080E490E077CF63EC75E0CE0101960E94D6
:106500001F71882319F088E390E06CCF64ED75E08B
:10651000CE0101960E941F7167EF72E1811114C0D4
:106520006CEB73E0CE0101960E941F716AEE72E17E
:1065300081110AC065EE75E0CE0101960E941F71BF
:10654000882329F06BED72E18BE59DE08BCF64EF42
:1065500075E0CE0101960E941F71882309F49BC04B
:106560000E94EE6F6B017C0164EC72E185E99EE0B4
:106570000E9472728091A10C9091A20CA091A30C28
:10658000B091A40C0097A105B10509F478C0B7013A
:10659000A601481B590B6A0B7B0B81E090E040334E
:1065A00055476105710508F080E00E9415966BEB78
:1065B00072E185E99EE00E94727280919D0C90913B
:1065C0009E0CA0919F0CB091A00C0097A105B10565
:1065D00009F458C0B701A601481B590B6A0B7B0B85
:1065E00081E090E0403355476105710508F080E097
:1065F0000E94159665EB72E185E99EE00E94727239
:106600008091990C90919A0CA0919B0CB0919C0C4C
:106610000097A105B105C9F1B701A601481B590BA7
:106620006A0B7B0B81E090E04033554761057105B3
:1066300008F080E00E9415966EEA72E185E99EE01E
:106640000E9472728091950C9091960CA091970C7B
:10665000B091980C0097A105B105D1F0C81AD90ADC
:10666000EA0AFB0A81E090E0F0E3CF16F5E7DF06E7
:10667000E104F10408F080E00E944596B5CE80E088
:1066800090E093CF80E090E0B3CF80E090E0D2CF75
:1066900080E090E0F1CFCE0101960E94D67D81117D
:1066A000A3CE18861F821A8619861C861B866981CE
:1066B0007A816115710531F04D815E81CE010796B9
:1066C0000E949F71CE0107960E940D7DCE01079614
:1066D0000E94CA7189CE8F929F92AF92BF92CF9241
:1066E000DF92EF92FF920F931F93CF93DF93CDB77B
:1066F000DEB72C970FB6F894DEBF0FBECDBFE0918A
:10670000FB118E2F90E0FC01EE0FFF1FE80FF91F29
:10671000EE5CF04F80818F7B808311E085E99EE005
:106720000E94326A892B09F4DAC065E97EE0CE0165
:1067300007960E94E371CE0107960E948C7061E07B
:1067400076E0CE0107960E941F71882309F4A2C04B
:106750006EE972E185E99EE00E94967210E000E029
:1067600085E99EE00E94326A892B11F165E97EE09D
:10677000CE0101960E94E371CE0101960E948C70B9
:1067800061E573E0CE0101960E941F71882361F0DC
:106790000E94FF150E94E32C89E18093860CCE01B4
:1067A00001960E94CA715FC0CE0101960E94CA7113
:1067B000812C912C5401F12CE12C20914812309124
:1067C0004912E216F306D8F450E040E0C501B401E6
:1067D0000E946598C801820F931F0E94D76B0E9488
:1067E0004E779B01AC01B70186E492E10E94BF772E
:1067F0002FEFE21AF20A8FEFA81AB80ADECF86E46A
:1068000092E10E942B7864E170E080E090E00E94C9
:10681000BC6F045D1D4F0039110509F0A1CF61E087
:1068200084E20E94D96D61E087E00E94D96D82E226
:1068300090E00E9436161FEF612F86E492E10E94DD
:106840007D7786E492E10E942B7862E070E080E040
:1068500090E00E94BC6F1150113371F78091860C4B
:106860008F5F8093860CCE0107960E94CA712C968A
:106870000FB6F894DEBF0FBECDBFDF91CF911F9151
:106880000F91FF90EF90DF90CF90BF90AF909F90CF
:106890008F90089561E573E0CE0107960E941F7105
:1068A000882331F00E94FF150E94E32C89E1D9CFA3
:1068B0006AE973E0CE0107960E941F718111109260
:1068C000150262EA73E0CE0107960E941F718111E2
:1068D00010931502CE0107960E94CA711FCF8091B6
:1068E000B10C813009F44AC108F46FC0823009F458
:1068F00098C1833009F404C485E99EE00E94326A9D
:10690000892B11F40C945F4065E97EE0CE01079677
:106910000E94E371CE0107960E948C7061E076E0E0
:10692000CE0107960E941F71882311F40C943F40FA
:106930006EE872E185E99EE00E94967210E000E048
:1069400085E99EE00E94326A892BB1F065E97EE01C
:10695000CE0101960E94E371CE0101960E948C70D7
:1069600061E573E0CE0101960E941F71811110CF85
:10697000CE0101960E94CA71F12CE12C812C912C40
:1069800054012091481230914912E216F30610F09A
:106990000C940A4050E040E0C501B4010E946598A3
:1069A000C801820F931F0E94D76B0E944E779B01F4
:1069B000AC01B70186E492E10E94BF77FFEFEF1AC6
:1069C000FF0A2FEFA21AB20ADCCF0E94EE6F0091ED
:1069D000470B1091480B2091490B30914A0B601BDB
:1069E000710B820B930B6E3171058105910508F4D3
:1069F00083CF0E94EE6F6093470B7093480B809398
:106A0000490B90934A0B8BE10E94B06D8C01892B4E
:106A100039F520E030E04AEF50E0B80186E492E139
:106A20000E94BF770F5F1F4F0430110591F786E476
:106A300092E10E942B7888E10E94B06D04E010E0A2
:106A4000892BF1F020E030E0A901B80186E492E161
:106A50000E94BF770F5F1F4F0830110599F71EC0C6
:106A600010E000E020E030E0A901B80186E492E106
:106A70000E94BF770F5F1F4F0430110599F7D7CFE2
:106A800020E030E04AEF50E0B80186E492E10E9455
:106A9000BF770F5F1F4F0830110591F786E492E131
:106AA0000E942B7887E10E94B06D08E010E0892BEE
:106AB00071F020E030E0A901B80186E492E10E9483
:106AC000BF770F5F1F4F0C30110599F70EC020E004
:106AD00030E04AEF50E0B80186E492E10E94BF77CF
:106AE0000F5F1F4F0C30110591F786E492E10E9471
:106AF0002B7889E10E94B06D0CE010E0892B71F0D9
:106B000020E030E0A901B80186E492E10E94BF775D
:106B10000F5F1F4F0031110599F70EC020E030E0E4
:106B20004AEF50E0B80186E492E10E94BF770F5F20
:106B30001F4F0031110591F786E492E10E942B78F6
:106B40008BE10E94B06D892B09F4D6CE88E10E94BA
:106B5000B06D892B09F4D0CE87E10E94B06D892BEE
:106B600009F4CACE89E10E94B06D892B09F4C4CE24
:106B70008091B10C8F5F8093B10CBECE0E94EE6FFE
:106B800000914B0B10914C0B20914D0B30914E0B03
:106B9000601B710B820B930B6E31710581059105A2
:106BA00008F4AACE0E94EE6F60934B0B70934C0BCF
:106BB00080934D0B90934E0B10E000E02AEF3AEFDC
:106BC0004AEF50E0B80186E492E10E94BF770F5F80
:106BD0001F4F0031110591F786E492E10E942B7856
:106BE0008BE10E94B06D892B09F486CE88E10E946A
:106BF000B06D892B09F480CE87E10E94B06D892B9E
:106C000009F47ACE89E10E94B06D892B09F474CE23
:106C10008091B10C8F5F8093B10C8AEF8093E40B6D
:106C20006BCE8BE10E94B06D892B09F0FAC088E130
:106C30000E94B06D892B09F0F4C087E10E94B06D0D
:106C4000892B09F0EEC089E10E94B06D8C01892B7F
:106C500009F0E7C080915A0B811109C066E072E12A
:106C600085E99EE00E94967281E080935A0B0E9413
:106C7000EE6FC090560BD090570BE090580BF090F1
:106C8000590B6C197D098E099F096C3B7240810577
:106C9000910508F431CE0E94EE6FC090520BD09057
:106CA000530BE090540BF090550B6C197D098E0935
:106CB0009F09653071058105910508F475C08091C3
:106CC000E40B9091510B9111C3C081508093E40B60
:106CD000811103C081E08093510B8091500B811191
:106CE00032C08091E20B823009F4C3C0833009F4D2
:106CF000E5C0813041F5A0E1EA2EF12C2091E40BB2
:106D0000822F90E0B0E0A0E0AC0133272227882456
:106D1000982EA92EBA2E282939294A295B29282BF1
:106D2000392B4A2B5B2BB70186E492E10E94BF7797
:106D3000FFEFEF1AFF0A24E1E216F104F9F686E408
:106D400092E10E942B78F12CE12C2091E40B822F10
:106D500090E0B0E0A0E0AC01332722278824982EF1
:106D6000A92EBA2E282939294A295B29282B392B03
:106D70004A2B5B2BB70186E492E10E94BF778FEF2D
:106D8000E81AF80AE0E1EE16F104F9F686E492E179
:106D90000E942B780E94EE6F6093520B7093530BFE
:106DA0008093540B9093550B80914F0B823009F0D8
:106DB000A3CD1092510B8AEF8093E40B10924F0BEE
:106DC0000E94EE6F6093630B7093640B8093650B6E
:106DD0009093660B1092FC0B1092E10B8091E20BEA
:106DE000813009F4CDC008F48EC0823009F401C1AD
:106DF000833009F437C11092E30B81E080930A02DB
:106E00001092E00B1092DF0B1092DB0B1092DC0B58
:106E10001092DD0B1092DE0B1092500B10925A0B59
:106E2000A7CE8091E40B811156C11092E40B109211
:106E30005A0B1092510B10924F0B0E94EE6F609301
:106E4000560B7093570B8093580B9093590B54CD5E
:106E500091E09093500B8F5F8093E40B8A3F09F091
:106E600072CF1092510B80914F0B8F5F80934F0B1D
:106E700034CF74E1E72EF12C2091E40B822F90E0C7
:106E8000B0E0A0E0AC01332722278824982EA92E59
:106E9000BA2E282939294A295B29282B392B4A2B34
:106EA0005B2BB70186E492E10E94BF778FEFE81A6F
:106EB000F80AE8E1EE16F104F9F641CFF8E1EF2E19
:106EC000F12C2091E40B822F90E0B0E0A0E0AC0127
:106ED000332722278824982EA92EBA2E282939292B
:106EE0004A295B29282B392B4A2B5B2BB70186E4D7
:106EF00092E10E94BF77FFEFEF1AFF0A2CE1E21642
:106F0000F104F9F61CCF20E03AEF40E050E0B80180
:106F100086E492E10E94BF770F5F1F4F0430110596
:106F200091F720E030E04AEF50E0B80186E492E1CA
:106F30000E94BF770F5F1F4F0830110591F72AEFAE
:106F400030E040E050E0B80186E492E10E94BF7773
:106F50000F5F1F4F0C30110591F720E03AEF4AEF19
:106F600050E0B80186E492E10E94BF770F5F1F4FA7
:106F70000031110591F786E492E10E942B783BCF16
:106F800020E03AEF4AEF50E0B80186E492E10E9437
:106F9000BF770F5F1F4F0430110591F72AEF30E0E4
:106FA00040E050E0B80186E492E10E94BF770F5FB5
:106FB0001F4F0830110591F720E03AEF40E050E014
:106FC000B80186E492E10E94BF770F5F1F4F0C303B
:106FD000110591F720E030E04AEF50E0B80186E477
:106FE00092E10E94BF770F5F1F4F0031110591F7AB
:106FF000C2CF2AEF30E040E050E0B80186E492E1F1
:107000000E94BF770F5F1F4F0430110591F720E0FA
:107010003AEF40E050E0B80186E492E10E94BF7789
:107020000F5F1F4F0830110591F720E030E04AEF65
:1070300050E0B80186E492E10E94BF770F5F1F4FD6
:107040000C30110591F720E03AEF4AEF50E0B8011B
:1070500086E492E10E94BF770F5F1F4F0031110558
:1070600091F789CF20E030E04AEF50E0B80186E4A4
:1070700092E10E94BF770F5F1F4F0430110591F717
:1070800020E03AEF4AEF50E0B80186E492E10E9436
:10709000BF770F5F1F4F0830110591F720E03AEFDF
:1070A00040E050E0B80186E492E10E94BF770F5FB4
:1070B0001F4F0C30110591F72AEF30E040E050E00F
:1070C000B80186E492E10E94BF770F5F1F4F003145
:1070D000110591F750CF10E000E02AEF3AEF4AEFA8
:1070E00050E0B80186E492E10E94BF770F5F1F4F26
:1070F0000031110591F786E492E10E942B7895CE3C
:107100008091FC0B811102C10E94EE6F0091630B14
:107110001091640B2091650B3091660BAB01BC01A3
:10712000401B510B620B730BE091E20BF0E0EE0F92
:10713000FF1FE558FD4F80819181092E000CAA0B9D
:10714000BB0B481759076A077B0708F4D5CB0E9489
:10715000EE6F0091D70B1091D80B2091D90B309185
:10716000DA0B601B710B820B930B65307105810587
:10717000910508F4C1CB8091E20BE82FF0E0EE0F0F
:10718000FF1FED58FD4F9091E40B2081921B9093CF
:10719000E40B8823A9F0833009F467C00E94EE6FE6
:1071A0006093D70B7093D80B8093D90B9093DA0B25
:1071B0008091E40B8111A0CB81E08093FC0B9CCBF0
:1071C00010E000E02091E40B30E050E040E0542F6C
:1071D000432F322F2227B80186E492E10E94BF7725
:1071E0000F5F1F4F0430110569F72091E40B30E069
:1071F00050E040E0A90133272227B80186E492E15C
:107200000E94BF770F5F1F4F0830110571F7209163
:10721000E40B30E050E040E0B80186E492E10E94E7
:10722000BF770F5F1F4F0C30110589F78091E40B7A
:1072300090E0B0E0A0E0AC0133272227BA2FA92FBD
:10724000982F8827282B392B4A2B5B2BB80186E4F3
:1072500092E10E94BF770F5F1F4F0031110531F798
:1072600086E492E10E942B7899CF10E000E0209113
:10727000E40B30E050E040E0A90133272227B801B9
:1072800086E492E10E94BF770F5F1F4F0430110523
:1072900071F78091E40B90E0B0E0A0E0AC013327FF
:1072A0002227BA2FA92F982F8827282B392B4A2B32
:1072B0005B2BB80186E492E10E94BF770F5F1F4FFE
:1072C0000830110531F72091E40B30E050E040E048
:1072D000542F432F322F2227B80186E492E10E94D7
:1072E000BF770F5F1F4F0C30110569F72091E40B3A
:1072F00030E050E040E0B80186E492E10E94BF77C0
:107300000F5F1F4F0031110589F7AACF8091E20B63
:10731000882309F4AFC1833009F0EECA8091E10BF4
:1073200000E110E08111C4C40E94EE6F00915F0B78
:107330001091600B2091610B3091620B601B710BFF
:10734000820B930B683E73408105910508F447C199
:107350000E94EE6F4091E20B50E00091DB0B109128
:10736000DC0B2091DD0B3091DE0B6B017C01C01A30
:10737000D10AE20AF30A97018601CA01880F991F10
:10738000FC01E559FD4F40815181052E000C660B33
:10739000770B041715072607370708F420C120913B
:1073A000E30B21113BC02091DF0B3091E00B8D5995
:1073B0009D4FFC018081918140910A02442309F490
:1073C00039C4820F931F9093E00B8093DF0B8F3FA4
:1073D000910511F410920A0200E110E02091DF0BF8
:1073E00030E050E040E0A90133272227B80186E4CD
:1073F00092E10E94BF770F5F1F4F0431110571F7B3
:1074000086E492E10E942B780E94EE6F6093DB0B82
:107410007093DC0B8093DD0B9093DE0B2091E30BDC
:107420002130E1F58091DF0B9091E00BE091E20BD0
:10743000F0E0EE0FFF1FED59FD4F4081518130917B
:107440000A02332309F405C4840F951F9093E00BBF
:107450008093DF0B8F3F910511F410920A0204E133
:1074600010E02091DF0B30E050E040E0B80186E40E
:1074700092E10E94BF770F5F1F4F0831110589F716
:1074800086E492E10E942B780E94EE6F6093DB0B02
:107490007093DC0B8093DD0B9093DE0B8091E30BFC
:1074A000823009F047C08091DF0B9091E00BE091B2
:1074B000E20BF0E0EE0FFF1FED59FD4F208131810F
:1074C00040910A02442309F4D3C3820F931F90937F
:1074D000E00B8093DF0B8F3F910511F410920A02AD
:1074E00008E110E08091DF0B90E0B0E0A0E0AC019B
:1074F00033272227BA2FA92F982F8827282B392BFB
:107500004A2B5B2BB80186E492E10E94BF770F5FA4
:107510001F4F0C31110531F786E492E10E942B7860
:107520000E94EE6F6093DB0B7093DC0B8093DD0B9E
:107530009093DE0B8091E30B833009F040C0809183
:10754000DF0B9091E00BE091E20BF0E0EE0FFF1FFC
:10755000ED59FD4F2081318140910A02442309F405
:1075600097C3820F931F9093E00B8093DF0B8F3FA5
:10757000910511F410920A020CE110E02091DF0B4A
:1075800030E050E040E0542F432F322F2227B80143
:1075900086E492E10E94BF770F5F1F4F0032110512
:1075A00069F786E492E10E942B780E94EE6F609367
:1075B000DB0B7093DC0B8093DD0B9093DE0B8091E3
:1075C000E30B843061F40E94EE6F60935F0B709365
:1075D000600B8093610B9093620B1092E30B11E0B0
:1075E00085E99EE00E94326A892B09F4D2C365E9DD
:1075F0007EE0CE0101960E94E371CE0101960E94C9
:107600008C7061E076E0CE0101960E941F718823A4
:1076100009F49AC36EE772E185E99EE00E949672D2
:1076200010E000E0F12CE12C812C912C54012091F0
:10763000481230914912E216F30608F04BC350E0AD
:1076400040E0C501B4010E946598C801820F931FF4
:107650000E94D76B0E944E779B01AC01B70186E474
:1076600092E10E94BF77FFEFEF1AFF0A2FEFA21AF5
:10767000B20ADDCF8091E10B00E110E0811115C26B
:107680000E94EE6F00915B0B10915C0B20915D0BE3
:1076900030915E0B601B710B820B930B683E734045
:1076A0008105910508F448C10E94EE6F2091E20B1C
:1076B000422F50E00091DB0B1091DC0B2091DD0B91
:1076C0003091DE0B6B017C01C01AD10AE20AF30A89
:1076D00097018601CA01880F991FFC01E559FD4FEA
:1076E00040815181052E000C660B770B041715079E
:1076F0002607370708F420C12091E30B211143C06E
:107700008D599D4FFC012081318140910A02809169
:10771000DF0B9091E00B442309F489C1820F931F82
:107720009093E00B8093DF0B8F3F910511F4109243
:107730000A0200E110E08091DF0B90E0B0E0A0E0F1
:10774000AC0133272227BA2FA92F982F8827282B5F
:10775000392B4A2B5B2BB80186E492E10E94BF775C
:107760000F5F1F4F0431110531F786E492E10E944B
:107770002B780E94EE6F6093DB0B7093DC0B809391
:10778000DD0B9093DE0B4091E30B413009F03FC0DD
:107790008091DF0B9091E00BE091E20BF0E0EE0FB7
:1077A000FF1FED59FD4F2081318150910A02552371
:1077B00009F44CC1820F931F9093E00B8093DF0B71
:1077C0008F3F910511F410920A0204E110E020911C
:1077D000DF0B30E050E040E0A90133272227B80159
:1077E00086E492E10E94BF770F5F1F4F08311105B9
:1077F00071F786E492E10E942B780E94EE6F60930D
:10780000DB0B7093DC0B8093DD0B9093DE0B809190
:10781000E30B823009F040C08091DF0B9091E00BC8
:10782000E091E20BF0E0EE0FFF1FED59FD4F2081DC
:10783000318140910A02442309F417C1820F931F3A
:107840009093E00B8093DF0B8F3F910511F4109222
:107850000A0208E110E02091DF0B30E050E040E048
:10786000542F432F322F2227B80186E492E10E9441
:10787000BF770F5F1F4F0C31110569F786E492E166
:107880000E942B780E94EE6F6093DB0B7093DC0BF1
:107890008093DD0B9093DE0B8091E30B8330E1F559
:1078A0008091DF0B9091E00BE091E20BF0E0EE0FA6
:1078B000FF1FED59FD4F2081318140910A02442381
:1078C00009F4E3C0820F931F9093E00B8093DF0BCA
:1078D0008F3F910511F410920A020CE110E0209103
:1078E000DF0B30E050E040E0B80186E492E10E9416
:1078F000BF770F5F1F4F0032110589F786E492E1D1
:107900000E942B780E94EE6F6093DB0B7093DC0B70
:107910008093DD0B9093DE0B8091E30B843061F458
:107920000E94EE6F60935B0B70935C0B80935D0B1A
:1079300090935E0B1092E30B8091E10B813009F480
:10794000FBC008F4C4C0823009F430C1833011F0A8
:107950000C947C3487E10E94B06D892B09F45CC1E2
:107960000E94EE6F0091A90C1091AA0C2091AB0C13
:107970003091AC0C601B710B820B930B643671055C
:107980008105910508F452C11092E00B1092DF0BB3
:10799000C12CD12C76015601992488248C289D284D
:1079A000AE28BF28BE2DAD2D9C2D8827882A992A68
:1079B000AA2ABB2A00E110E0A5019401B80186E4DF
:1079C00092E10E94BF770F5F1F4F08311105A1F7A9
:1079D00020E030E0A901B80186E492E10E94BF777F
:1079E0000F5F1F4F0032110599F786E492E10E9464
:1079F0002B7862E070E080E090E00E94BC6FFFEFC7
:107A0000CF1ADF0AEF0AFF0AC11421E0D206E1040F
:107A1000F10409F664E172E185E99EE00E94967244
:107A200083E08093E20B1092B10C0C947C34821BA7
:107A3000930B9093E00B8093DF0B892B09F079CEA9
:107A400081E080930A028093E30B73CE821B930B39
:107A50009093E00B8093DF0B892B09F0B6CE409317
:107A60000A0282E08093E30BB0CE821B930B9093CB
:107A7000E00B8093DF0B892B09F0EBCE81E0809344
:107A80000A0283E08093E30BE4CE821B930B909376
:107A9000E00B8093DF0B892B09F01FCF81E08093EF
:107AA0000A0284E08093E30B18CF20E030E0A901C4
:107AB000B80186E492E10E94BF7786E492E10E94D9
:107AC0002B780F5F1F4F0032110579F735CF89E111
:107AD0000E94B06D892B29F10E94EE6F0091A50CD8
:107AE0001091A60C2091A70C3091A80C601B710B73
:107AF000820B930B643671058105910558F06AE39A
:107B000072E185E99EE00E9496728091E10B8F5FA1
:107B10008093E10B40E061E081E00E94FD780C94ED
:107B20007C340E94EE6F6093A50C7093A60C80933A
:107B3000A70C9093A80CEECF88E10E94B06D892B22
:107B400051F10E94EE6F0091AD0C1091AE0C20919E
:107B5000AF0C3091B00C601B710B820B930B643631
:107B600071058105910558F06DE272E185E99EE0AD
:107B70000E9496728091E10B8F5F8093E10B40E051
:107B800060E081E00E94FD7841E060E080E00E94DA
:107B9000057B0C947C340E94EE6F6093AD0C709367
:107BA000AE0C8093AF0C9093B00CE9CF8BE10E94A8
:107BB000B06D892B31F10E94EE6F0091B20C1091E3
:107BC000B30C2091B40C3091B50C601B710B820B7F
:107BD000930B643671058105910558F060E272E1FE
:107BE00085E99EE00E9496728091E10B8F5F809301
:107BF000E10B40E060E080E00E94FD7841E061E060
:107C0000C5CF0E94EE6F6093B20C7093B30C80935B
:107C1000B40C9093B50CEDCF0E94EE6F6093A90C5D
:107C20007093AA0C8093AB0C9093AC0C41E061E094
:107C300081E0ADCF281B390B3093E00B2093DF0B95
:107C4000232B09F0C9CB81E080930A028093E30BD8
:107C5000C3CB841B950B9093E00B8093DF0B892B98
:107C600009F0FDCB20930A0282E08093E30BF7CB6F
:107C7000821B930B9093E00B8093DF0B892B09F011
:107C80002FCC81E080930A0283E08093E30B28CC21
:107C9000821B930B9093E00B8093DF0B892B09F0F1
:107CA0006BCC81E080930A0284E08093E30B64CC88
:107CB00020E030E0A901B80186E492E10E94BF779C
:107CC00086E492E10E942B780F5F1F4F003211056E
:107CD00079F785CC86E492E10E942B7864E170E02C
:107CE00080E090E00E94BC6F045D1D4F00391105DB
:107CF00009F098CC61E084E20E94D96D61E087E0F0
:107D00000E94D96D82E290E00E9436161FEF612F2B
:107D100086E492E10E947D7786E492E10E942B78CE
:107D200062E070E080E090E00E94BC6F115011337F
:107D300071F78091860C8F5F8093860CCE0101963F
:107D40000E94CA710C947C3461E573E0CE01019607
:107D50000E941F71882331F00E94FF150E94E32CBE
:107D600089E1EACF6AE973E0CE0101960E941F71B2
:107D700081111092150262EA73E0CE0101960E9411
:107D80001F71811110931502CE0101960E94CA71D4
:107D900027CC8091E10B813009F489C008F455C0EB
:107DA000823009F4BAC0833011F00C947C3487E13E
:107DB0000E94B06D892B09F42FCF0E94EE6F0091C5
:107DC000A90C1091AA0C2091AB0C3091AC0C601B4B
:107DD000710B820B930B643671058105910508F4D4
:107DE00025CF1092E00B1092DF0B67E472E185E97A
:107DF0009EE00E94967210E000E0F12CE12C812CB4
:107E0000912C54012091481230914912E216F30648
:107E100008F0B8C050E040E0C501B4010E94659888
:107E2000C801820F931F0E94D76B0E944E779B015F
:107E3000AC01B70186E492E10E94BF778FEFE81AA8
:107E4000F80AEFEFAE1ABE0ADDCF8BE10E94B06DEB
:107E5000892B11F10E94EE6F0091B20C1091B30CBE
:107E60002091B40C3091B50C601B710B820B930BFD
:107E7000643671058105910558F061E772E185E985
:107E80009EE00E9496728091E10B8F5F8093E10BE0
:107E900041E061E080E041CE0E94EE6F6093B20C61
:107EA0007093B30C8093B40C9093B50CF1CF89E12F
:107EB0000E94B06D892B31F10E94EE6F0091A50CEC
:107EC0001091A60C2091A70C3091A80C601B710B8F
:107ED000820B930B643671058105910558F064E6B9
:107EE00072E185E99EE00E9496728091E10B8F5FBE
:107EF0008093E10B40E061E080E00E94FD7840E08B
:107F000060E096CE0E94EE6F6093A50C7093A60C75
:107F10008093A70C9093A80CEDCF88E10E94B06DE0
:107F2000892B29F10E94EE6F0091AD0C1091AE0CDF
:107F30002091AF0C3091B00C601B710B820B930B36
:107F4000643671058105910558F067E572E185E9B0
:107F50009EE00E9496728091E10B8F5F8093E10B0F
:107F600040E060E080E00E94FD7841E0C9CF0E94DF
:107F7000EE6F6093AD0C7093AE0C8093AF0C90934A
:107F8000B00CEECF86E492E10E942B7864E170E0C1
:107F900080E090E00E94BC6F045D1D4F0039110528
:107FA00009F02BCF8091E20B8F5F8093E20B109250
:107FB000B10C1FEF612F86E492E10E947D7786E489
:107FC00092E10E942B7862E070E080E090E00E94F5
:107FD000BC6F1150113371F782E290E00E943616A7
:107FE0008091860C8F5F8093860C80914F0C9091CE
:107FF000500CA091510CB091520C0196A11DB11DD5
:1080000080934F0C9093500CA093510CB093520C52
:108010000C947C3486E492E10E942B7864E170E059
:1080200080E090E00E94BC6F045D1D4F0039110597
:1080300011F00C94A03461E084E20E94D96D61E0FB
:1080400087E00E94D96D82E290E00E9436161FEF11
:10805000612F86E492E10E947D7786E492E10E949E
:108060002B7862E070E080E090E00E94BC6F1150DD
:10807000113371F78091860C8F5F8093860C61E5D8
:1080800073E0CE0107960E941F7181110C94523447
:108090006AE973E0CE0107960E941F718111109268
:1080A000150262EA73E0CE0107960E941F718823D1
:1080B00019F081E080931502CE01079641CE0E940F
:1080C00091270C9437340F931F93CF93DF9300D0F5
:1080D00000D0CDB7DEB780913B0C90913C0C853041
:1080E000910509F089C00E94EE6F0091430B109139
:1080F000440B2091450B3091460B601B710B820B9A
:10810000930B603A7F408105910568F080E490E030
:108110000E9436161092420B1092410B8091860CF1
:108120008F5F8093860C11E085E99EE00E94326AA1
:10813000892B09F454C065E97EE0CE0101960E94C6
:10814000E371CE0101960E948C7061E176E0CE0170
:1081500001960E941F71882349F080E490E00E94FC
:108160003616CE0101960E94CA71DECF6BE176E031
:10817000CE0101960E941F71882339F068EF71E1EA
:1081800088EF9DE00E949672ECCF61E573E0CE012E
:1081900001960E941F71882361F00E94FF150E94C2
:1081A000E32C89E18093860CCE0101960E94CA716E
:1081B00018C06AE973E0CE0101960E941F718823FE
:1081C00019F010921502CDCF62EA73E0CE0101964C
:1081D0000E941F71882329F210931502C2CF0E94BA
:1081E000912726960FB6F894DEBF0FBECDBFDF9164
:1081F000CF911F910F9108958230910509F496C592
:108200000CF08FC0009709F431C2019709F4DBC369
:1082100005E010E085E99EE00E94326A892BF9F2C0
:1082200065E97EE0CE0101960E94E371CE010196E0
:108230000E948C70BE016F5F7F4F85E99EE00E94B7
:10824000557261E176E0CE0101960E941F7188238C
:1082500049F080E490E00E9436168091860C8F5F92
:108260008093860C66E176E0CE0101960E941F7134
:10827000882311F110933C0C00933B0C6FEE71E1DD
:1082800085E99EE00E94967220E03FEF4FEF50E0BC
:1082900070E060E08EE992E10E94BF778EE992E1A2
:1082A0000E942B780E94EE6F6093430B7093440BF7
:1082B0008093450B9093460B69E276E0CE010196E0
:1082C0000E941F71882361F061E084E00E94D96DF3
:1082D0008AE390E00E94361610923C0C10923B0C00
:1082E00061E573E0CE0101960E941F71811155CFA7
:1082F0006AE973E0CE0101960E941F71811110920C
:10830000150262EA73E0CE0101960E941F71882374
:1083100019F081E080931502CE0101960E94CA7186
:1083200079CF8330910509F4B4C6049709F070CF72
:1083300062E470E082E090E00E94161281110C94D9
:10834000FF4980919D0B81112AC00E94EE6F009120
:10835000AE0B1091AF0B2091B00B3091B10B601BA5
:10836000710B820B930B623371058105910598F0B7
:1083700065EE71E185E99EE00E94967281E080934E
:108380009D0B0E94EE6F6093AE0B7093AF0B8093CA
:10839000B00B9093B10B80919D0B882391F180914C
:1083A000990B81112EC00E94EE6F0091AE0B1091BF
:1083B000AF0B2091B00B3091B10B601B710B820B96
:1083C000930B603D774081059105D8F081E0809363
:1083D000990B81E090E090933C0C80933B0C6CED0A
:1083E00071E185E99EE00E94967261ED71E185E997
:1083F0009EE00E94967265EC71E185E99EE00E9424
:10840000967262E470E090E080E00E9416128111A2
:108410000C940F4A80919C0B81112AC00E94EE6F30
:108420000091AA0B1091AB0B2091AC0B3091AD0BCE
:10843000601B710B820B930B6233710581059105F3
:1084400098F06BEB71E185E99EE00E94967281E005
:1084500080939C0B0E94EE6F6093AA0B7093AB0B02
:108460008093AC0B9093AD0B80919C0B882351F1C2
:108470008091980B811126C00E94EE6F0091AA0B8B
:108480001091AB0B2091AC0B3091AD0B601B710BBD
:10849000820B930B603D77408105910598F0109217
:1084A0003C0C10923B0C62EB71E185E99EE00E946E
:1084B000967267EA71E185E99EE00E94967281E01A
:1084C0008093980B62E470E083E090E00E941612C3
:1084D0008111B4C780919B0B81112AC00E94EE6F5D
:1084E0000091A60B1091A70B2091A80B3091A90B1E
:1084F000601B710B820B930B623371058105910533
:1085000098F06DE971E185E99EE00E94967281E044
:1085100080939B0B0E94EE6F6093A60B7093A70B4A
:108520008093A80B9093A90B80919B0B882351F10A
:108530008091970B811126C00E94EE6F0091A60BCF
:108540001091A70B2091A80B3091A90B601B710B08
:10855000820B930B603D77408105910598F0109256
:108560003C0C10923B0C64E971E185E99EE00E94AD
:10857000967269E871E185E99EE00E94967281E059
:108580008093970B62E470E081E090E00E94161205
:10859000811163C780919A0B81112BC00E94EE6FED
:1085A0000091A20B1091A30B2091A40B3091A50B6D
:1085B000601B710B820B930B623371058105910572
:1085C00098F06FE771E185E99EE00E94967281E084
:1085D00080939A0B0E94EE6F6093A20B7093A30B93
:1085E0008093A40B9093A50B80919A0B882309F498
:1085F0000FCE8091960B81110BCE0E94EE6F0091F1
:10860000A20B1091A30B2091A40B3091A50B601B22
:10861000710B820B930B603D77408105910508F447
:10862000F7CD85E090E090933C0C80933B0C66E79F
:1086300071E185E99EE00E94967220E03FEF4FEFE6
:1086400050E070E060E08EE992E10E94BF778EE931
:1086500092E10E942B780E94EE6F6093430B70931F
:10866000440B8093450B9093460B7CC162E470E011
:1086700082E090E00E941612811178C180919D0BDA
:1086800081112AC00E94EE6F0091AE0B1091AF0BCA
:108690002091B00B3091B10B601B710B820B930BCF
:1086A000623371058105910598F06DED7FE085E9F4
:1086B0009EE00E94967281E080939D0B0E94EE6F77
:1086C0006093AE0B7093AF0B8093B00B9093B10B94
:1086D00080919D0B882361F18091990B811128C0B5
:1086E0000E94EE6F0091AE0B1091AF0B2091B00B7A
:1086F0003091B10B601B710B820B930B603D774087
:1087000081059105A8F081E090E090933C0C809366
:108710003B0C64ED7FE085E99EE00E94967268EC78
:108720007FE085E99EE00E94967281E08093990B3C
:1087300062E470E090E080E00E941612811125C191
:1087400080919C0B81112AC00E94EE6F0091AA0BB0
:108750001091AB0B2091AC0B3091AD0B601B710BEA
:10876000820B930B623371058105910598F06EEBD6
:108770007FE085E99EE00E94967281E080939C0BE9
:108780000E94EE6F6093AA0B7093AB0B8093AC0BBF
:108790009093AD0B80919C0B882351F18091980BA5
:1087A000811126C00E94EE6F0091AA0B1091AB0BB5
:1087B0002091AC0B3091AD0B601B710B820B930BB6
:1087C000603D77408105910598F010923C0C109225
:1087D0003B0C65EB7FE085E99EE00E9496726AEAB9
:1087E0007FE085E99EE00E94967281E08093980B7D
:1087F00062E470E083E090E00E9416128111D4C020
:1088000080919B0B81112AC00E94EE6F0091A60BF4
:108810001091A70B2091A80B3091A90B601B710B35
:10882000820B930B623371058105910598F060EA24
:108830007FE085E99EE00E94967281E080939B0B29
:108840000E94EE6F6093A60B7093A70B8093A80B0A
:108850009093A90B80919B0B882351F18091970BEA
:10886000811126C00E94EE6F0091A60B1091A70BFC
:108870002091A80B3091A90B601B710B820B930BFD
:10888000603D77408105910598F010923C0C109264
:108890003B0C67E97FE085E99EE00E9496726CE8F8
:1088A0007FE085E99EE00E94967281E08093970BBD
:1088B00062E470E081E090E00E9416128111CDC563
:1088C00080919A0B811126C00E94EE6F0091A20B3D
:1088D0001091A30B2091A40B3091A50B601B710B81
:1088E000820B930B623371058105910598F062E864
:1088F0007FE085E99EE00E94967281E080939A0B6A
:108900000E94EE6F6093A20B7093A30B8093A40B55
:108910009093A50B0E94EE6F0091A20B1091A30BF8
:108920002091A40B3091A50B601B710B820B930B54
:10893000603D77408105910508F46ACC8091960BE3
:10894000811166CC10923C0C10923B0C69E77FE0E1
:1089500085E99EE00E9496726EE67FE085E99EE0E2
:108960000E94967281E08093960B52CC1092990BE4
:1089700010929D0B0E94EE6F6093AE0B7093AF0B45
:108980008093B00B9093B10BD3CE10929C0B1092AE
:10899000980B0E94EE6F6093AA0B7093AB0B8093C1
:1089A000AC0B9093AD0B24CF10929B0B1092970BB6
:1089B0000E94EE6F6093A60B7093A70B8093A80B99
:1089C0009093A90B75CF62E470E082E090E00E9482
:1089D000161281118AC180919D0B81112AC00E94BB
:1089E000EE6F0091AE0B1091AF0B2091B00B309158
:1089F000B10B601B710B820B930B62337105810508
:108A0000910598F062E670E185E99EE00E94967219
:108A100081E080939D0B0E94EE6F6093AE0B70938C
:108A2000AF0B8093B00B9093B10B80919D0B88237B
:108A3000F1F18091990B81113AC00E94EE6F009183
:108A4000AE0B1091AF0B2091B00B3091B10B601BAE
:108A5000710B820B930B603D77408105910538F1D6
:108A600081E08093990B81E090E090933C0C80939F
:108A70003B0C69E570E185E99EE00E9496726EE428
:108A800070E185E99EE00E94967262E470E185E9FA
:108A90009EE00E94967210929D0B0E94EE6F609372
:108AA000AE0B7093AF0B8093B00B9093B10B62E45D
:108AB00070E090E080E00E941612811119C180914F
:108AC0009C0B81112AC00E94EE6F0091AA0B10919D
:108AD000AB0B2091AC0B3091AD0B601B710B820B7B
:108AE000930B623371058105910598F068E370E19D
:108AF00085E99EE00E94967281E080939C0B0E9423
:108B0000EE6F6093AA0B7093AB0B8093AC0B9093BA
:108B1000AD0B80919C0B882361F18091980B8111A2
:108B200028C00E94EE6F0091AA0B1091AB0B209110
:108B3000AC0B3091AD0B601B710B820B930B603D46
:108B4000774081059105A8F082E090E090933C0C7D
:108B500080933B0C6FE270E185E99EE00E94967283
:108B600063E270E185E99EE00E94967281E0809365
:108B7000980B62E470E083E090E00E94161281118D
:108B8000C6C080919B0B81112AC00E94EE6F00919C
:108B9000A60B1091A70B2091A80B3091A90B601B7D
:108BA000710B820B930B623371058105910598F06F
:108BB00069E170E185E99EE00E94967281E0809310
:108BC0009B0B0E94EE6F6093A60B7093A70B809394
:108BD000A80B9093A90B80919B0B882351F1809156
:108BE000970B811126C00E94EE6F0091A60B109189
:108BF000A70B2091A80B3091A90B601B710B820B66
:108C0000930B603D77408105910598F010923C0CE4
:108C100010923B0C60E170E185E99EE00E94967243
:108C200065E070E185E99EE00E94967281E08093A4
:108C3000970B62E470E081E090E00E9416128111CF
:108C40000CC480919A0B81112BC00E94EE6F009191
:108C5000A20B1091A30B2091A40B3091A50B601BCC
:108C6000710B820B930B623371058105910598F0AE
:108C70006BEF7FE085E99EE00E94967281E0809331
:108C80009A0B0E94EE6F6093A20B7093A30B8093DC
:108C9000A40B9093A50B80919A0B882309F4B8CA72
:108CA0008091960B8111B4CA0E94EE6F0091A20BC5
:108CB0001091A30B2091A40B3091A50B601B710B9D
:108CC000820B930B603D77408105910508F4A0CAA3
:108CD00010923C0C10923B0C62EF7FE085E99EE025
:108CE0000E94967267EE7FE039CE1092990BD3CE38
:108CF00010929C0B1092980B0E94EE6F6093AA0B3F
:108D00007093AB0B8093AC0B9093AD0B32CF109262
:108D10009B0B1092970B0E94EE6F6093A60B7093C3
:108D2000A70B8093A80B9093A90B83CF62E470E00C
:108D300082E090E00E94161281117EC180919D0B0D
:108D400081112AC00E94EE6F0091AE0B1091AF0B03
:108D50002091B00B3091B10B601B710B820B930B08
:108D6000623371058105910598F067EE70E185E940
:108D70009EE00E94967281E080939D0B0E94EE6FB0
:108D80006093AE0B7093AF0B8093B00B9093B10BCD
:108D900080919D0B882391F18091990B81112EC0B8
:108DA0000E94EE6F0091AE0B1091AF0B2091B00BB3
:108DB0003091B10B601B710B820B930B603D7740C0
:108DC00081059105D8F081E08093990B81E090E0D6
:108DD00090933C0C80933B0C6EED70E185E99EE036
:108DE0000E94967263ED70E185E99EE00E949672A2
:108DF00067EC70E185E99EE00E94967262E470E0A3
:108E000090E080E00E941612811125C180919C0B98
:108E100081112AC00E94EE6F0091AA0B1091AB0B3A
:108E20002091AC0B3091AD0B601B710B820B930B3F
:108E3000623371058105910598F06DEB70E185E96C
:108E40009EE00E94967281E080939C0B0E94EE6FE0
:108E50006093AA0B7093AB0B8093AC0B9093AD0B0C
:108E600080919C0B882351F18091980B811126C031
:108E70000E94EE6F0091AA0B1091AB0B2091AC0BEE
:108E80003091AD0B601B710B820B930B603D7740F3
:108E90008105910598F010923C0C10923B0C64EB0C
:108EA00070E185E99EE00E94967269EA70E185E9C9
:108EB0009EE00E94967281E08093980B62E470E0DD
:108EC00083E090E00E9416128111D4C080919B0B28
:108ED00081112AC00E94EE6F0091A60B1091A70B82
:108EE0002091A80B3091A90B601B710B820B930B87
:108EF000623371058105910598F06FE970E185E9AC
:108F00009EE00E94967281E080939B0B0E94EE6F20
:108F10006093A60B7093A70B8093A80B9093A90B5B
:108F200080919B0B882361F18091970B811128C060
:108F30000E94EE6F0091A60B1091A70B2091A80B39
:108F40003091A90B601B710B820B930B603D774036
:108F500081059105A8F083E090E090933C0C80930C
:108F60003B0C66E970E185E99EE00E9496726AE832
:108F700070E185E99EE00E94967281E08093970BF4
:108F800062E470E081E090E00E941612811165C2F7
:108F900080919A0B81112BC00E94EE6F0091A20B61
:108FA0001091A30B2091A40B3091A50B601B710BAA
:108FB000820B930B623371058105910598F060E88F
:108FC00070E185E99EE00E94967281E080939A0BA1
:108FD0000E94EE6F6093A20B7093A30B8093A40B7F
:108FE0009093A50B80919A0B882309F411C9809165
:108FF000960B81110DC90E94EE6F0091A20B10918A
:10900000A30B2091A40B3091A50B601B710B820B5D
:10901000930B603D77408105910508F4F9C81092E3
:109020003C0C10923B0C67E770E185E99EE00E94E2
:1090300096726CE670E192CC1092990B10929D0B97
:109040000E94EE6F6093AE0B7093AF0B8093B00BEA
:109050009093B10BD3CE10929C0B1092980B0E9460
:10906000EE6F6093AA0B7093AB0B8093AC0B909355
:10907000AD0B24CF10929B0B1092970B0E94EE6FBA
:109080006093A60B7093A70B8093A80B9093A90BEA
:1090900077CF62E470E082E090E00E9416128111C6
:1090A00081C180919D0B81112AC00E94EE6F0091B9
:1090B000AE0B1091AF0B2091B00B3091B10B601B38
:1090C000710B820B930B623371058105910598F04A
:1090D0006CE671E185E99EE00E94967281E08093E2
:1090E0009D0B0E94EE6F6093AE0B7093AF0B80935D
:1090F000B00B9093B10B80919D0B882391F18091DF
:10910000990B81112EC00E94EE6F0091AE0B109151
:10911000AF0B2091B00B3091B10B601B710B820B28
:10912000930B603D774081059105D8F081E08093F5
:10913000990B81E090E090933C0C80933B0C63E6AC
:1091400071E185E99EE00E94967268E571E185E92A
:109150009EE00E9496726CE471E185E99EE00E94B7
:10916000967262E470E090E080E00E941612811135
:1091700028C180919C0B81112AC00E94EE6F009142
:10918000AA0B1091AB0B2091AC0B3091AD0B601B77
:10919000710B820B930B623371058105910598F079
:1091A00062E471E185E99EE00E94967281E080931D
:1091B0009C0B0E94EE6F6093AA0B7093AB0B809395
:1091C000AC0B9093AD0B80919C0B882361F1809147
:1091D000980B811128C00E94EE6F0091AA0B10918C
:1091E000AB0B2091AC0B3091AD0B601B710B820B64
:1091F000930B603D774081059105A8F084E090E0F5
:1092000090933C0C80933B0C69E371E185E99EE00F
:109210000E9496726DE271E185E99EE00E9496726D
:1092200081E08093980B62E470E083E090E00E941C
:1092300016128111D5C080919B0B81112AC00E940A
:10924000EE6F0091A60B1091A70B2091A80B309107
:10925000A90B601B710B820B930B623371058105A7
:10926000910598F063E271E185E99EE00E949672B3
:1092700081E080939B0B0E94EE6F6093A60B70932E
:10928000A70B8093A80B9093A90B80919B0B88232D
:1092900051F18091970B811126C00E94EE6F0091D1
:1092A000A60B1091A70B2091A80B3091A90B601B66
:1092B000710B820B930B603D77408105910598F00F
:1092C00010923C0C10923B0C6AE171E185E99EE042
:1092D0000E9496726FE071E185E99EE00E949672AD
:1092E00081E08093970B62E470E081E090E00E945F
:1092F00016128111B2C080919A0B81112CC00E946C
:10930000EE6F0091A20B1091A30B2091A40B309152
:10931000A50B601B710B820B930B623371058105EA
:10932000910598F065E071E185E99EE00E949672F2
:1093300081E080939A0B0E94EE6F6093A20B709372
:10934000A30B8093A40B9093A50B80919A0B882379
:1093500011F40C9408418091960B81110C940841F2
:109360000E94EE6F0091A20B1091A30B2091A40B11
:109370003091A50B601B710B820B930B603D774006
:109380008105910510F40C94084110923C0C109248
:109390003B0C6CEF70E185E99EE00E94967261EFF4
:1093A00070E1DCCA1092990B10929D0B0E94EE6F37
:1093B0006093AE0B7093AF0B8093B00B9093B10B97
:1093C000D0CE10929C0B1092980B0E94EE6F60937F
:1093D000AA0B7093AB0B8093AC0B9093AD0B23CF88
:1093E00010929B0B1092970B0E94EE6F6093A60B4E
:1093F0007093A70B8093A80B9093A90B74CF109236
:10940000990B10929D0B0E94EE6F6093AE0B7093C0
:10941000AF0B8093B00B9093B10B0C940142109260
:109420009C0B1092980B0E94EE6F6093AA0B7093A6
:10943000AB0B8093AC0B9093AD0B44C810929B0B7D
:109440001092970B0E94EE6F6093A60B7093A70B80
:109450008093A80B9093A90B95C810929A0B109229
:10946000960B0E94EE6F6093A20B7093A30B8093F8
:10947000A40B9093A50B0C9408410F931F93CF93CB
:10948000DF93CDB7DEB72C970FB6F894DEBF0FBED3
:10949000CDBF8FE991E10E94B2748EEB9CE00E94F7
:1094A000326A892B09F44BC06EEB7CE0CE01019649
:1094B0000E94E371CE0101960E948C7061E374E01A
:1094C000CE0107960E94D271BE01695F7F4FCE0127
:1094D00001960E940471182FCE0107960E94CA714E
:1094E000112361F0BE016F5F7F4F85E99EE00E940E
:1094F0005572CE0101960E94CA71CFCF6DE178E01E
:10950000CE0101960E941F71882399F36DED7CE0D6
:1095100085E99EE00E94967265ED7CE088EF9DE013
:109520000E9496726BEC7CE08BE59DE00E94967247
:1095300061EC7CE084EB92E10E949672DACF65E107
:1095400070E084E090E00E941612811127C08091A3
:10955000410B811123C081E08093410B6AEB7CE0D9
:1095600088EF9DE00E94967269EA7CE085E99EE0C2
:109570000E9496726FE97CE08BE59DE00E949672F6
:1095800065E97CE08EEB9CE00E9496726BE87CE0E3
:1095900084EB92E10E9496721092420B8FE991E166
:1095A0000E947F75882339F18091420B811123C07D
:1095B00081E08093420B66E87CE088EF9DE00E94AA
:1095C000967267E77CE085E99EE00E9496726DE600
:1095D0007CE08BE59DE00E94967263E67CE08EEB7A
:1095E0009CE00E94967269E57CE084EB92E10E9427
:1095F00096721092410B8091420B882309F467C048
:1096000020E830E0A90170E060E082E792E10E948A
:10961000BF7782E792E10E942B780E94EE6F009163
:109620002E0B10912F0B2091300B3091310B601BC2
:10963000710B820B930B623171058105910508F462
:1096400046C080912C0B90912D0B9111F1C08F5F32
:1096500080932C0B8B3419F481E080932D0B609157
:109660002C0B70E090E080E00E94459720E030E015
:1096700046E952E40E94359920E030E04FE753E498
:109680000E94A4970E94A799862F90E0B0E0A0E0E6
:10969000AC0133272227BA2FA92F982F8827282BF0
:1096A000392B4A2B5B2B70E060E08EE992E10E943F
:1096B000BF778EE992E10E942B780E94EE6F609353
:1096C0002E0B70932F0B8093300B9093310B809166
:1096D000410B882381F020E03FEF4FEF50E070E036
:1096E00060E08EE992E10E94BF778EE992E10E94EC
:1096F0002B780E94EC0F88EF9DE00E94326A892B44
:1097000009F09FC011E085E99EE00E94326A892B32
:1097100009F403C265E97EE0CE0101960E94E3717F
:10972000CE0101960E948C706BE176E0CE0101962D
:109730000E941F71882331F060ED7BE088EF9DE08F
:109740000E94967260E276E0CE0101960E941F713F
:10975000882331F06BEC7BE088EF9DE00E949672ED
:1097600063E376E0CE0101960E941F718823E9F140
:1097700020E03FEF4FEF50E070E060E08EE992E1D3
:109780000E94BF778EE992E10E942B7820E830E0BA
:10979000A90170E060E082E792E10E94BF7782E772
:1097A00092E10E942B781092420B1092410B66ECD2
:1097B0007BE088EF9DE00E94967267EB7BE085E995
:1097C0009EE00E9496726DEA7BE08BE59DE00E9430
:1097D000967263EA7BE08EEB9CE00E94967269E9E8
:1097E0007BE084EB92E10E94967261E573E0CE012A
:1097F00001960E941F71882309F478C11092420BD0
:109800001092410B0E94FF150E94E32C89E1809386
:10981000860CCE0101960E94CA712C960FB6F89460
:10982000DEBF0FBECDBFDF91CF911F910F91089585
:10983000815080932C0B8A3009F011CF10922D0BA0
:109840000ECF68EF7DE0CE0107960E94E371CE0156
:1098500007960E948C7061E374E0CE0101960E942D
:10986000D271BE016F5F7F4FCE0107960E940471D7
:10987000182FCE0101960E94CA71112361F0BE011A
:10988000695F7F4F85E99EE00E945572CE01079681
:109890000E94CA7130CF6BEA73E0CE0107960E9436
:1098A0001F71882379F060E276E0CE0101960E9474
:1098B000D271CE0101960E944A16CE0101960E94F5
:1098C000CA71E4CF6CEE73E0CE0107960E941F715F
:1098D00063E57CE081110AC062EF73E0CE01079678
:1098E0000E941F71882339F06DE47CE085E99EE0D9
:1098F0000E949672CBCF68EF73E0CE0107960E946C
:109900001F7167E47CE08111F1CF6EEF73E0CE014F
:1099100007960E941F7161E47CE08111E7CF64E04B
:1099200074E0CE0107960E941F7168E37CE081110C
:10993000DDCF6DE074E0CE0107960E941F7162E3F7
:109940007CE08111D3CF63E174E0CE0107960E94E1
:109950001F716BE27CE08111C9CF6AE174E0CE0136
:1099600007960E941F71882309F490CF62E27CE081
:1099700085E99EE00E94967269E17CE088EF9DE0B7
:109980000E94967260E17CE08BE59DE00E949672F9
:1099900067E07CE08EEB9CE00E9496726EEF7BE0CD
:1099A00084EB92E10E94967268EE73E080E090E0B2
:1099B0000E94BC6F66EF7BE088EF9DE00E9496728C
:1099C0006EEE7BE08BE59DE00E94967266EE7BE09A
:1099D0008EEB9CE00E9496726EED7BE084EB92E150
:1099E0000E94967220E030E0A90170E060E08EE90C
:1099F00092E10E94BF778EE992E10E942B7820E0ED
:109A000030E0A90170E060E082E792E10E94BF7758
:109A100082E792E10E942B781092420B1092410B48
:109A20008EE992E10E94747788E892E10E9474774F
:109A300082E792E10E9474778CE592E10E9474774C
:109A400086E492E10E94747780E392E10E94747749
:109A50008AE192E10E9474778EE992E10E942B786C
:109A600088E892E10E942B7882E792E10E942B78AD
:109A70008CE592E10E942B7886E492E10E942B789B
:109A800080E392E10E942B788AE192E10E942B7898
:109A900060E087E20E94D96D60E084E20E94D96DA7
:109AA00060E083E00E94D96D60E08DE30E94D96D93
:109AB00060E084E00E94D96D60E085E20E94D96D8B
:109AC00060E08BE30E94D96D60E08EE10E94D96D69
:109AD00060E087E00E94D96D61E085E20E94D96D67
:109AE0008091860C8F5F8093860CD0CE6AE973E0FC
:109AF000CE0101960E941F7181111092150262EA37
:109B000073E0CE0101960E941F718111109315021E
:109B1000CE0101960E94CA71F6CD8BE59DE00E94B0
:109B2000326A892B09F482C06BE57DE0CE01019693
:109B30000E94E371CE0101960E948C7061E374E093
:109B4000CE0107960E94D271BE01695F7F4FCE01A0
:109B500001960E940471182FCE0107960E94CA71C7
:109B6000112361F0BE016F5F7F4F85E99EE00E9487
:109B70005572CE0101960E94CA71CFCF6EEB74E090
:109B8000CE0101960E941F718823C1F120E03FEFB2
:109B90004FEF50E070E060E08EE992E10E94BF7705
:109BA0008EE992E10E942B7820E830E0A90170E074
:109BB00060E082E792E10E94BF7782E792E10E9433
:109BC0002B781092420B1092410B63E97BE088EFF7
:109BD0009DE00E94967263E87BE085E99EE00E942A
:109BE000967269E77BE08EEB9CE00E9496726FE6CE
:109BF0007BE084EB92E10E949672BBCF6BEA73E04C
:109C0000CE0101960E941F71882309F4B2CF60E350
:109C100073E0CE0107960E94D271CE0107960E9492
:109C20004A16CE0107960E94CA71A3CF8EEB9CE024
:109C30000E94326A892B09F482C06EEB7CE0CE016F
:109C400001960E94E371CE0101960E948C7061E33F
:109C500074E0CE0107960E94D271BE01695F7F4F0A
:109C6000CE0101960E940471182FCE0107960E9422
:109C7000CA71112361F0BE016F5F7F4F85E99EE0DD
:109C80000E945572CE0101960E94CA71CFCF6DE13C
:109C900078E0CE0101960E941F718823C1F120E077
:109CA0003FEF4FEF50E070E060E08EE992E10E94FC
:109CB000BF778EE992E10E942B7820E830E0A9017D
:109CC00070E060E082E792E10E94BF7782E792E174
:109CD0000E942B781092420B1092410B67E67BE0BA
:109CE00088EF9DE00E94967265E57BE085E99EE045
:109CF0000E9496726BE47BE08BE59DE00E94967279
:109D000061E47BE084EB92E10E949672BBCF6BEA48
:109D100073E0CE0101960E941F71882309F4B2CF2F
:109D200069E273E0CE0107960E94D271CE010796D8
:109D30000E944A16CE0107960E94CA71A3CF84EBF7
:109D400092E10E948F6B892B09F467CD64EB72E17D
:109D5000CE0107960E94E371CE0107960E948C7097
:109D600061E374E0CE0101960E94D271BE016F5F83
:109D70007F4FCE0107960E940471182FCE010196E5
:109D80000E94CA71112361F0BE01695F7F4F85E9AE
:109D90009EE00E945572CE0107960E94CA71CFCFF5
:109DA0006BEA73E0CE0107960E941F71882399F336
:109DB00064E273E0CE0101960E94D271CE01019659
:109DC0000E944A16CE0101960E94CA71E4CFCF923A
:109DD000DF92EF92FF920F931F93CF93DF93CDB754
:109DE000DEB762970FB6F894DEBF0FBECDBFE0912D
:109DF000FB118E2F90E0FC01EE0FFF1FE80FF91F03
:109E0000EE5CF04F80818F7B80838091EA0B88230A
:109E1000B1F10E94EE6F0091280B1091290B209157
:109E20002A0B30912B0B601B710B820B930B623052
:109E300071058105910518F10E94EE6F6093280B62
:109E40007093290B80932A0B90932B0B6091E80B56
:109E50008CE592E10E947D778CE592E10E942B785F
:109E60008091E80B9091E90B01969093E90B809318
:109E7000E80B8F3F910519F014F01092EA0B8091D6
:109E8000EC0B8823A1F10E94EE6F0091280B10913A
:109E9000290B20912A0B30912B0B601B710B820B2D
:109EA000930B623071058105910508F10E94EE6FF8
:109EB0006093280B7093290B80932A0B90932B0BA4
:109EC0006091E80B8CE592E10E947D778CE592E150
:109ED0000E942B788091E80B9091E90B0197909369
:109EE000E90B8093E80BC39714F41092EC0B80916C
:109EF000E70B8823D9F00E94EE6F0091240B10919C
:109F0000250B2091260B3091270B601B710B820BC8
:109F1000930B683E73408105910540F01092E70B6A
:109F200065E37BE08BE59DE00E9496728091E60BF5
:109F3000882349F10E94EE6F0091200B1091210BB4
:109F40002091220B3091230B601B710B820B930B22
:109F5000683E73408105910538F01092E60B8091C0
:109F6000860C8F5F8093860C62960FB6F894DEBFE6
:109F70000FBECDBFDF91CF911F910F91FF90EF905A
:109F8000DF90CF90089568E376E082EE90E10E9442
:109F90001F71882309F443C065E170E090E080E020
:109FA0000E94161281113BC06AE27BE085E99EE0C7
:109FB0000E94967211E010931F0B89E390E00E94BB
:109FC00036161093EB0B8091EA0B811122C010938F
:109FD000EA0B1092E90B1092E80B0E94EE6F60936F
:109FE000280B7093290B80932A0B90932B0BF12C49
:109FF000E12C2FE835EC4FEF50E0B7018CE592E112
:10A000000E94BF778FEFE81AF80A9DE0E916F10485
:10A0100081F768E373E082EE90E10E94C071809165
:10A02000EB0B8823B1F08091950B811116C00E9433
:10A03000EE6F0091180B1091190B20911A0B3091B3
:10A040001B0B601771078207930708F0C9C00E94B5
:10A05000F20E8091950B882339F11091410B65E147
:10A0600070E084E090E00E94161281111DC0111171
:10A070001EC081E08093410B63E27BE088EF9DE0AE
:10A080000E94967269E17BE085E99EE00E949672EB
:10A090006FE07BE08BE59DE00E94967265E07BE0DF
:10A0A0008EEB9CE00E9496728091410B81110E9480
:10A0B000EC0F8091950B882309F43FC08091940B9D
:10A0C0008823D9F18091930B8823B9F18091920B69
:10A0D000882399F18091910B882379F11092EB0BF1
:10A0E0001092950B1092940B1092930B1092920B6E
:10A0F0001092910B68E373E082EE90E10E94C071D0
:10A100000E94EE6F60933E0C70933F0C8093400C66
:10A110009093410C68EF7AE085E99EE00E94967288
:10A1200081E08093E60B0E94EE6F6093200B7093AA
:10A13000210B8093220B9093230B01E084EB92E19F
:10A140000E948F6B892B09F0ADC311E08EEB9CE070
:10A150000E94326A892B09F0FEC411E0CC24CA9413
:10A16000D12C85E99EE00E94326A892B09F03FC616
:10A1700011E08BE59DE00E94326A892B09F4F4CE50
:10A180006BE57DE0CE0107960E94E371CE01079654
:10A190000E948C708B859C85892BE9F061E374E0CB
:10A1A000CE0101960E94D271BE016F5F7F4FCE013A
:10A1B00007960E940471082FCE0101960E94CA7171
:10A1C000002311F40C94A859BE01695F7F4F85E903
:10A1D0009EE00E945572CE0107960E94CA71C9CFB7
:10A1E0001091B60B113009F455C108F465C0123056
:10A1F00009F419C2133009F02CCF0E94846C882313
:10A2000009F4FDC20E94EE6F6093B70B7093B80B18
:10A210008093B90B9093BA0BE6EBFCE0A3E5B2E0B8
:10A220002EEB3CE081E061914D915D9191E06417EE
:10A23000150609F090E089232E173F07A1F7882320
:10A2400009F4BEC280910302882309F482C06CEE37
:10A2500077E085E99EE00E94967281E08093240C6D
:10A260001092200C1092210C1092220C1092230CB0
:10A2700020E830E0A90170E060E082E792E10E940E
:10A28000BF7782E792E10E942B781FEF612F8CE568
:10A2900092E10E947D778CE592E10E942B7862E04A
:10A2A00070E080E090E00E94BC6F1150113371F7B4
:10A2B00081E08093950B4DC00E94846C882309F443
:10A2C00079C00E94EE6F6093BF0B7093C00B8093B8
:10A2D000C10B9093C20BE6EBFCE0A3E3B2E081E09C
:10A2E00041912D913D9191E04217130609F090E0C4
:10A2F00089232CE0EE3BF20799F7882369F18091DE
:10A300000702882351F067E977E085E99EE00E9423
:10A3100096720E94520E10920702809107028111DC
:10A3200018C0F12CE12C20E03AEF46E950E0B701EB
:10A330008CE592E10E94BF778FEFE81AF80A9DE062
:10A34000E916F10481F78CE592E10E942B780E94D6
:10A35000890F0E94C96B7DCE80910602882339F156
:10A3600068E877E085E99EE00E9496721092060206
:10A370001092B60B81E080930902809308028093CB
:10A380000702809305028093040280930302809366
:10A3900002020E94EE6F6053784F8F4F9F4F609381
:10A3A000180B7093190B80931A0B90931B0B0E9440
:10A3B000F20ECFCF0E94EE6F0091BF0B1091C00B39
:10A3C0002091C10B3091C20B601B710B820B930B60
:10A3D000643671058105910508F43BCE81E08093D8
:10A3E0000802809306028093040280930202809107
:10A3F000070281113CC08091B60B8F5F8093B60B32
:10A40000F12CE12C2AEF30E04EE150E0B7018CE571
:10A4100092E10E94BF772FEFE21AF20A8DE0E81670
:10A42000F10481F70E94EE6F0091080B1091090B67
:10A4300020910A0B30910B0B601B710B820B930B5D
:10A440006E3171058105910508F403CE0E94EE6F0F
:10A450006093080B7093090B80930A0B90930B0B7E
:10A460008CE592E10E942B780E94890FF2CDF12CAD
:10A47000E12C2EE13AEF40E050E0B7018CE592E1AB
:10A480000E94BF779FEFE91AF90A2DE0E216F10466
:10A4900081F7C8CF0E94846C882309F45BC00E94B6
:10A4A000EE6F6093C30B7093C40B8093C50B9093B6
:10A4B000C60BE6EBFCE0A3E2B2E02EEB3CE081E071
:10A4C00061914D915D9191E06417150609F090E05E
:10A4D00089232E173F07A1F7882329F180910902CC
:10A4E000882351F063EB77E085E99EE00E94967245
:10A4F0000E94520E1092090280910902811129CF07
:10A50000F12CE12C2EE13AEF40E050E0B7018CE570
:10A5100092E10E94BF778FEFE81AF80A9DE0E916F2
:10A52000F10481F710CF80910802882309F43FCF0E
:10A5300064EA77E085E99EE00E9496721092080234
:10A540001092B60B81E080930902809307028093FA
:10A55000060217CF0E94EE6FC090C30BD090C40BC1
:10A56000E090C50BF090C60B6C197D098E099F0910
:10A57000643671058105910508F46BCD10930802CE
:10A5800010930602109304021093020280910902B4
:10A59000811136C08091B60B8F5F8093B60BF12C82
:10A5A000E12C20E03AEF46E950E0B7018CE592E17A
:10A5B0000E94BF772FEFE21AF20A8DE0E816F1044D
:10A5C00081F70E94EE6F00910C0B10910D0B209102
:10A5D0000E0B30910F0B601B710B820B930B6E31C6
:10A5E00071058105910508F434CD0E94EE6F6093EA
:10A5F0000C0B70930D0B80930E0B90930F0B30CFC1
:10A60000F12CE12C2AEF30E04EE150E0B7018CE56F
:10A6100092E10E94BF779FEFE91AF90A2DE0E21656
:10A62000F10481F7CECF0E94846C882309F45EC0C8
:10A630000E94EE6F6093BB0B7093BC0B8093BD0BBD
:10A640009093BE0BE6EBFCE0A3E4B2E081E0419125
:10A650002D913D9191E04217130609F090E0892376
:10A660009CE0EE3BF90799F7882329F180910502D8
:10A67000882351F060ED77E085E99EE00E949672B4
:10A680000E94520E1092050280910502811161CE46
:10A69000F12CE12C2AEF3AEF4AEF50E0B7018CE5BC
:10A6A00092E10E94BF772FEFE21AF20A8DE0E816DE
:10A6B000F10481F748CE80910402882309F477CE13
:10A6C00061EC77E085E99EE00E94967210920402A8
:10A6D0001092B60B81E08093090280930802809368
:10A6E000070280930602809305024FCE0E94EE6F10
:10A6F0000091BB0B1091BC0B2091BD0B3091BE0B98
:10A70000601B710B820B930B6436710581059105FB
:10A7100008F49FCC81E08093080280930602809326
:10A7200004028093020280910502811136C080915B
:10A73000B60B8F5F8093B60BF12CE12C2AEF3AEF2A
:10A740004AEF50E0B7018CE592E10E94BF779FEF9E
:10A75000E91AF90A2DE0E216F10481F70E94EE6F82
:10A760000091100B1091110B2091120B3091130BD3
:10A77000601B710B820B930B6E3171058105910586
:10A7800008F467CC0E94EE6F6093100B7093110B6E
:10A790008093120B9093130B63CEF12CE12C20E0ED
:10A7A0003AEF46E950E0B7018CE592E10E94BF77AD
:10A7B0008FEFE81AF80A9DE0E916F10481F7CECF91
:10A7C00080910202882309F4F2CD6DED77E085E9EE
:10A7D0009EE00E949672109202021092B60B81E0E7
:10A7E00080930902809308028093070280930602F7
:10A7F000809305028093040280930302CACD0E94D5
:10A80000EE6F0091B70B1091B80B2091B90B3091FE
:10A81000BA0B601B710B820B930B643671058105BB
:10A82000910508F416CC81E080930802809306021B
:10A83000809304028093020280910302882309F42A
:10A8400008CCF12CE12C2AEF3AEF4AEF50E0B701A7
:10A850008CE592E10E94BF772FEFE21AF20A8DE0B9
:10A86000E816F10481F70E94EE6F0091140B10912D
:10A87000150B2091160B3091170B601B710B820B7F
:10A88000930B6E3171058105910508F4E2CB0E94AE
:10A89000EE6F6093140B7093150B8093160B9093CF
:10A8A000170BDECD64EB72E1CE0101960E94E371DD
:10A8B000CE0101960E948C708D819E81892B39F08A
:10A8C000BE016F5F7F4F85E99EE00E9455726DE388
:10A8D00076E0CE010D960E94D271BE01635F7F4F7C
:10A8E000CE0101960E94E97011E00196A9F466E498
:10A8F00076E0CE0107960E94D271BE01695F7F4F5C
:10A90000CE0101960E94E97011E0019609F410E071
:10A91000CE0107960E94CA71CE010D960E94CA719F
:10A92000112341F06FEE7AE085E99EE00E94967275
:10A9300000931E0B69E576E0CE0107960E94D27166
:10A94000BE01695F7F4FCE0101960E94E9707C01D4
:10A95000CE0107960E94CA71EF20E094F1F0809139
:10A96000930B81111AC067EE7AE085E99EE00E94A0
:10A9700096726DED7AE088EF9DE00E94967263ED2D
:10A980007AE08BE59DE00E94967269EC7AE08EEBAE
:10A990009CE00E9496720093930B61E676E0CE01F4
:10A9A00007960E94D271BE01695F7F4FCE0101966A
:10A9B0000E94E9707C01CE0107960E94CA71EF20C7
:10A9C000E09431F060EC7AE085E99EE00E949672B6
:10A9D00062ED74E0CE010D960E94D271BE01635FFC
:10A9E0007F4FCE0101960E94E97010E00196A9F018
:10A9F00068ED74E0CE0107960E94D271BE01695FD6
:10AA00007F4FCE0101960E94E97011E0019609F096
:10AA100010E0CE0107960E94CA71CE010D960E94E9
:10AA2000CA71112309F456C067EB7AE085E99EE00C
:10AA30000E9496726EEA7AE088EF9DE00E9496721C
:10AA400065EA7AE08BE59DE00E9496726CE97AE017
:10AA50008EEB9CE00E9496726BEA73E0CE010D963D
:10AA60000E94D271BE01635F7F4FCE0101960E94AA
:10AA7000E97011E00196A9F467EE74E0CE01079643
:10AA80000E94D271BE01695F7F4FCE0101960E9484
:10AA9000E97011E0019609F410E0CE0107960E94DA
:10AAA000CA71CE010D960E94CA71112371F064E241
:10AAB00073E0CE0107960E94D271CE0107960E94E4
:10AAC0004A16CE0107960E94CA71CE0101960E94D5
:10AAD000CA7134CB62EE74E0CE010D960E94D27141
:10AAE000BE01635F7F4FCE0101960E94E97011E0C5
:10AAF0000196A9F468ED74E0CE0107960E94D27128
:10AB0000BE01695F7F4FCE0101960E94E97011E09E
:10AB1000019609F410E0CE0107960E94CA71CE0199
:10AB20000D960E94CA71112309F496CF62E97AE06A
:10AB300085E99EE00E94967268E87AE088EF9DE0E1
:10AB40000E9496726EE77AE08BE59DE00E94967215
:10AB500064E77AE07DCF6EEB7CE0CE0101960E9447
:10AB6000E371CE0101960E948C708D819E81892BAC
:10AB700009F481C061E374E0CE0107960E94D271AE
:10AB8000BE01695F7F4FCE0101960E940471082FBC
:10AB9000CE0107960E94CA71002309F471C0BE015C
:10ABA0006F5F7F4F85E99EE00E9455726AE676E00E
:10ABB000CE010D960E94D271BE01635F7F4FCE0120
:10ABC00001960E94E97001E00196A9F46AE776E037
:10ABD000CE0107960E94D271BE01695F7F4FCE0100
:10ABE00001960E94E97001E0019609F400E0CE01AF
:10ABF00007960E94CA71CE010D960E94CA71002369
:10AC000041F06BE67AE085E99EE00E94967210932F
:10AC1000940B63E876E0CE010D960E94D271BE01DE
:10AC2000635F7F4FCE0101960E94E97001E00196BB
:10AC3000A9F46CE876E0CE0107960E94D271BE01BD
:10AC4000695F7F4FCE0101960E94E97001E0019695
:10AC500009F400E0CE0107960E94CA71CE010D965C
:10AC60000E94CA71002339F080911D0B62E67AE0E0
:10AC7000882309F447C0CE0101960E94CA7166CAB2
:10AC800069E976E0CE0101960E941F7167E57AE0DE
:10AC900081110AC064EA76E0CE0101960E941F711C
:10ACA000882339F06CE47AE085E99EE00E94967290
:10ACB000E2CF6FEA76E0CE0101960E941F7161E457
:10ACC0007AE08111F1CF6AEB76E0CE0101960E9425
:10ACD0001F71882349F068E37AE085E99EE00E94CD
:10ACE00096721093940BC7CF63E876E0CE0101967D
:10ACF0000E941F71882369F080911D0B8111BBCFC9
:10AD00006FE27AE085E99EE00E94967210931D0B37
:10AD1000B2CF63EC76E0CE0101960E941F7165E22E
:10AD20007AE08111C1CF6BEC76E0CE0101960E94F2
:10AD30001F716BE17AE08111B7CF6BEA73E0CE014E
:10AD400001960E941F71882379F069E273E0CE01B9
:10AD500007960E94D271CE0107960E944A16CE0134
:10AD600007960E94CA7187CF6DE178E0CE01019607
:10AD70000E941F71882309F47ECF20E03FEF4FEF40
:10AD800050E070E060E08EE992E10E94BF778EE9CA
:10AD900092E10E942B7820E830E0A90170E060E0A9
:10ADA00082E792E10E94BF7782E792E10E942B78CE
:10ADB0001092410B63E17AE088EF9DE00E94967269
:10ADC00061E07AE085E99EE00E94967267EF79E0A3
:10ADD0008BE59DE00E9496726DEE79E084EB92E146
:10ADE0000E94967263EE79E08EEB9CE05FCF65E99E
:10ADF0007EE0CE0101960E94E371CE0101960E9491
:10AE00008C7063ED76E0CE0101960E941F71811176
:10AE10000E94A67C60EE76E0CE0101960E941F7132
:10AE2000882391F060EE76E082EE90E10E94C0719E
:10AE30006FED79E084EB92E10E9496726BED79E020
:10AE40008EEB9CE00E94967264EE76E0CE01019655
:10AE50000E941F71811110931C0B61EF76E0CE01EF
:10AE600001960E941F718823A1F01093920B6FEC42
:10AE700079E08BE59DE00E9496721093E70B0E94AB
:10AE8000EE6F6093240B7093250B8093260B9093A9
:10AE9000270B68E376E0CE0101960E941F7188239C
:10AEA00091F068E376E082EE90E10E94C0716BEC75
:10AEB00079E084EB92E10E94967267EC79E08EEB88
:10AEC0009CE00E94967262E476E0CE0101960E94B8
:10AED0001F71882391F062E476E082EE90E10E9497
:10AEE000C07163EC79E084EB92E10E9496726FEBA3
:10AEF00079E08EEB9CE00E9496726BEF76E0CE01DB
:10AF000001960E941F71882391F062EB79E08BE536
:10AF10009DE00E94967268EE73E080E090E00E94EF
:10AF2000BC6F65EA79E08BE59DE00E94967268E06F
:10AF300077E0CE0101960E941F71882391F068E9A5
:10AF400079E08BE59DE00E94967268EE73E080E008
:10AF500090E00E94BC6F6BE879E08BE59DE00E9479
:10AF6000967265E177E0CE0101960E941F718823F9
:10AF700091F06EE779E08BE59DE00E94967268EEB5
:10AF800073E080E090E00E94BC6F61E779E08BE5C0
:10AF90009DE00E94967262E277E0CE0101960E94E7
:10AFA0001F71882331F064E679E08EEB9CE00E940B
:10AFB000967268E876E0CE0101960E941F718823A0
:10AFC00041F06BE579E08EEB9CE00E949672109365
:10AFD000940B6FE475E0CE0101960E941F718823E7
:10AFE00041F062E579E084EB92E10E949672109361
:10AFF0001E0B6AE475E0CE0101960E941F71882342
:10B0000031F068E479E084EB92E10E9496726AE2A2
:10B0100077E0CE0101960E941F718823D1F063E48E
:10B0200079E084EB92E10E9496721093930B69E3AE
:10B0300079E088EF9DE00E9496726FE279E08BE5FF
:10B040009DE00E94967265E279E08EEB9CE00E94A2
:10B05000967263E377E0CE0101960E941F71882308
:10B0600049F169E179E085E99EE00E9496721093CA
:10B07000240C1092200C1092210C1092220C109291
:10B08000230C20E830E0A90170E060E082E792E163
:10B090000E94BF7782E792E10E942B788091EA0BB1
:10B0A000811106C01093EA0BD092E90BC092E80B15
:10B0B0001093950B66E477E0CE0101960E941F7114
:10B0C000882391F189E390E00E9436161093EB0BF0
:10B0D0008091EA0B811122C01093EA0B1092E90BC8
:10B0E0001092E80B0E94EE6F6093280B7093290B6F
:10B0F00080932A0B90932B0BF12CE12C2FE835EC4D
:10B100004FEF50E0B7018CE592E10E94BF778FEFDF
:10B11000E81AF80A9DE0E916F10481F768E373E0A4
:10B1200082EE90E10E94C0716AE477E0CE01019660
:10B130000E941F71882391F06DE079E08BE59DE01E
:10B140000E94967264E670E080E090E00E94BC6F1E
:10B1500068E079E08BE59DE00E94967260E373E021
:10B16000CE0101960E941F71882331F062E079E0E0
:10B170008BE59DE00E9496726FE477E0CE01019628
:10B180000E941F718823D1F068E373E082EE90E1A2
:10B190000E94C0716EEF78E084EB92E10E9496729B
:10B1A0006AEF78E08EEB9CE00E9496721093920B0F
:10B1B0006EEE78E08BE59DE00E94967265E577E0A3
:10B1C000CE0101960E941F71882391F068E373E01D
:10B1D00082EE90E10E94C0716AEE78E084EB92E129
:10B1E0000E94967266EE78E08EEB9CE00E9496726A
:10B1F00061E573E0CE0101960E941F718823B9F0CA
:10B2000068E373E082EE90E10E94C0711092EB0B54
:10B210001092410B0E94FF150E94E32C89E180935C
:10B22000860CCE0101960E94CA710C94B44F6AE953
:10B2300073E0CE0101960E941F71882341F01092A5
:10B2400015026EED78E08BE59DE00E94967262EA51
:10B2500073E0CE0101960E941F71882341F0109384
:10B26000150265ED78E08BE59DE00E94967263E340
:10B2700076E0CE0101960E941F71882309F120E833
:10B2800030E0A90170E060E082E792E10E94BF77C0
:10B2900082E792E10E942B781092410B60ED78E0FA
:10B2A00088EF9DE00E94967266EC78E08BE59DE069
:10B2B0000E9496726CEB78E08EEB9CE00E94967296
:10B2C0008091950B8823F1F18091940B8823D1F123
:10B2D0008091930B8823B1F18091920B882391F197
:10B2E0008091910B882371F11092EB0B68E373E06E
:10B2F00082EE90E10E94C0710E94EE6F60933E0C5E
:10B3000070933F0C8093400C9093410C6FEA78E06F
:10B3100085E99EE00E9496721092950B1092940B14
:10B320001092930B1092920B1092910B1093E60BCC
:10B330000E94EE6F6093200B7093210B8093220B81
:10B340009093230BCE0101960E94CA710C94B150C8
:10B3500061E774E0CE0107960E941F71882359F0BF
:10B3600062EA78E085E99EE00E94967265E978E0FD
:10B370008BE59DE04AC06BE774E0CE0107960E9422
:10B380001F71882349F068E878E085E99EE00E9413
:10B3900096726BE778E0ECCF62E874E0CE01079636
:10B3A0000E941F71882349F06EE678E085E99EE0EF
:10B3B0000E94967261E678E0DBCF69E874E0CE0126
:10B3C00007960E941F71882351F068E578E085E9AF
:10B3D0009EE00E9496721093910B0C94EB5062E9E0
:10B3E00074E0CE0107960E941F716DE478E0811130
:10B3F0000AC06DE974E0CE0107960E941F71882390
:10B4000041F062E478E085E99EE00E9496720C9437
:10B41000EB5068EA74E0CE0107960E941F7166E364
:10B4200078E08111F0CF64EB74E0CE0107960E94C2
:10B430001F716CE278E08111E6CF6BEA73E0CE0118
:10B4400007960E941F71882381F060E373E0CE01AC
:10B4500001960E94D271CE0101960E944A16CE0139
:10B4600001960E94CA710C94EB506EEB74E0CE0111
:10B4700007960E941F71882311F40C94EB5020E072
:10B480003FEF4FEF50E070E060E08EE992E10E9404
:10B49000BF778EE992E10E942B7820E830E0A90185
:10B4A00070E060E082E792E10E94BF7782E792E17C
:10B4B0000E942B781092410B66E278E088EF9DE0C5
:10B4C0000E94967266E178E085E99EE00E9496729D
:10B4D0006CE078E08EEB9CE00E94967262E078E08F
:10B4E00084EB92E10E94967268EF77E041CFEF9291
:10B4F000FF920F931F93CF93DF93CDB7DEB72C97B7
:10B500000FB6F894DEBF0FBECDBF11E088EF9DE00F
:10B510000E94326A892B09F053C011E08BE59DE04F
:10B520000E94326A892B09F0BFC011E08EEB9CE0CB
:10B530000E94326A892B09F02BC111E084EB92E161
:10B540000E948F6B892B09F4D2C164EB72E1CE01AA
:10B5500007960E94E371CE0107960E948C708B853E
:10B560009C85892B51F00E94EE6F6093950C70932F
:10B57000960C8093970C9093980C6DED73E0CE0130
:10B5800007960E941F71811116C062EE73E0CE0112
:10B5900001960E94D271BE016F5F7F4FCE01079668
:10B5A0000E94E9707C01CE0101960E94CA71EF20D1
:10B5B000E09409F461C1CE0107960E94CA71BECF22
:10B5C00068EF7DE0CE0107960E94E371CE010796F9
:10B5D0000E948C708B859C85892B51F00E94EE6FA8
:10B5E0006093A10C7093A20C8093A30C9093A40C75
:10B5F0006DED73E0CE0107960E941F71811115C099
:10B6000062EE73E0CE0101960E94D271BE016F5FBF
:10B610007F4FCE0107960E94E9707C01CE01019612
:10B620000E94CA71EF20E09429F0CE0107960E9493
:10B63000CA716CCF61E374E0CE0101960E94D271B1
:10B64000BE016F5F7F4FCE0107960E940471082FE5
:10B65000CE0101960E94CA71002341F0BE01695FCC
:10B660007F4F85E99EE00E945572DFCF69E577E064
:10B67000CE0107960E941F71882349F01093D60BC4
:10B680006FE777E085E99EE00E949672CECF62E692
:10B6900077E0CE0107960E941F71882331F2109245
:10B6A000D60B65E777E0EECF6BE57DE0CE01079640
:10B6B0000E94E371CE0107960E948C708B859C8559
:10B6C000892B51F00E94EE6F60939D0C70939E0C3D
:10B6D00080939F0C9093A00C6DED73E0CE010796C4
:10B6E0000E941F71811115C062EE73E0CE010196B8
:10B6F0000E94D271BE016F5F7F4FCE0107960E94FC
:10B70000E9707C01CE0101960E94CA71EF20E0949D
:10B7100029F0CE0107960E94CA7100CF61E374E060
:10B72000CE0101960E94D271BE016F5F7F4FCE01A4
:10B7300007960E940471082FCE0101960E94CA71DB
:10B74000002341F0BE01695F7F4F85E99EE00E94C2
:10B750005572DFCF6CE677E0CE0107960E941F712D
:10B76000882349F01093D50B6CE677E085E99EE0DD
:10B770000E949672CECF65E777E0CE0107960E94D1
:10B780001F71882331F21092D50B62E677E0EECF7D
:10B790006EEB7CE0CE0107960E94E371CE01079626
:10B7A0000E948C708B859C85892B51F00E94EE6FD6
:10B7B0006093990C70939A0C80939B0C90939C0CC3
:10B7C0006DED73E0CE0107960E941F71811115C0C7
:10B7D00062EE73E0CE0101960E94D271BE016F5FEE
:10B7E0007F4FCE0107960E94E9707C01CE01019641
:10B7F0000E94CA71EF20E09429F0CE0107960E94C2
:10B80000CA7194CE61E374E0CE0101960E94D271B8
:10B81000BE016F5F7F4FCE0107960E940471082F13
:10B82000CE0101960E94CA71002341F0BE01695FFA
:10B830007F4F85E99EE00E945572DFCF6FE777E08A
:10B84000CE0107960E941F71882349F01093D40BF4
:10B8500069E577E085E99EE00E949672CECF68E8C0
:10B8600077E0CE0107960E941F71882331F2109273
:10B87000D40B6FE477E0EECF61E374E0CE01019684
:10B880000E94D271BE016F5F7F4FCE0107960E946A
:10B890000471082FCE0101960E94CA71002341F065
:10B8A000BE01695F7F4F85E99EE00E94557283CE9D
:10B8B00062E977E0CE0107960E941F71882349F064
:10B8C0001093D30B66E477E085E99EE00E949672C0
:10B8D00072CE6BE977E0CE0107960E941F71882334
:10B8E00009F469CE1092D30B6CE377E0EDCF809131
:10B8F000D60B8823B9F08091D50B882399F08091DD
:10B90000D40B882379F08091D30B882359F061E31D
:10B9100077E085E99EE00E9496728091860C8F5FA9
:10B920008093860C11E085E99EE00E94326A892BA3
:10B9300009F44BC065E97EE0CE0101960E94E371F7
:10B94000CE0101960E948C7063ED76E0CE010196E7
:10B950000E941F7181110E94A67C65EA77E0CE01EA
:10B9600001960E941F71882359F066E277E085E90D
:10B970009EE00E9496728091860C8F5F8093860C69
:10B980006AE973E0CE0101960E941F718111109245
:10B99000150262EA73E0CE0101960E941F718111C7
:10B9A0001093150261E573E0CE0101960E941F71AC
:10B9B0008823C1F00E94FF150E94E32C89E1809347
:10B9C000860CCE0101960E94CA712C960FB6F8948F
:10B9D000DEBF0FBECDBFDF91CF911F910F91FF90C2
:10B9E000EF900895CE0101960E94CA719CCF8F926C
:10B9F0009F92AF92BF92CF92DF92EF92FF920F93FE
:10BA00001F93CF93DF93CDB7DEB72C970FB6F89483
:10BA1000DEBF0FBECDBF8091F60B81110AC00E9420
:10BA2000EE6F60932D0C70932E0C80932F0C9093DF
:10BA3000300C0E94EE6F00912D0C10912E0C209175
:10BA40002F0C3091300C601B710B820B930B603705
:10BA500077418105910560F08091F60B882341F0D4
:10BA600060E277E085E99EE00E9496721092F60B04
:10BA70008091FA0B8111FBC011E085E99EE00E94E4
:10BA8000326A892B09F4F3C065E97EE0CE010196A4
:10BA90000E94E371CE0101960E948C708D819E817F
:10BAA000892B69F067E077E085E99EE00E94727279
:10BAB000BE016F5F7F4F85E99EE00E9455726BEA81
:10BAC00077E0CE0107960E94D271BE01695F7F4F79
:10BAD000CE0101960E94E9707C01CE0107960E947A
:10BAE000CA71EF20E09411F01093F60B63ED76E04D
:10BAF000CE0107960E94D271BE01695F7F4FCE01D1
:10BB000001960E94E9707C01CE0107960E94CA71DD
:10BB1000EF20E09411F00E94A67C68E075E0CE0171
:10BB200007960E94D271BE01695F7F4FCE010196D8
:10BB30000E94E9707C01CE0107960E94CA71EF2035
:10BB4000E094F9F068EC70E080E090E00E94BC6F57
:10BB50008CE390E00E9436161092F10B1092F00BDD
:10BB60001092EF0B1092EE0B1092ED0B1092F60B61
:10BB70001092F90B1092F80B8091860C8F5F8093D6
:10BB8000860C61E573E0CE0107960E94D271BE017A
:10BB9000695F7F4FCE0101960E94E9707C01CE0162
:10BBA00007960E94CA71EF20E09471F10E94FF1580
:10BBB0001092F10B1092F00B1092EF0B1092EE0B13
:10BBC0001092ED0B1092F60B1092F90B1092F80BED
:10BBD0000E94E32C89E18093860CCE0101960E949D
:10BBE000CA712C960FB6F894DEBF0FBECDBFDF91A1
:10BBF000CF911F910F91FF90EF90DF90CF90BF906A
:10BC0000AF909F908F9008956AE973E0CE010796F8
:10BC10000E94D271BE01695F7F4FCE0101960E94E2
:10BC2000E9707C01CE0107960E94CA71EF20E09472
:10BC300011F01092150262EA73E0CE0107960E949D
:10BC4000D271BE01695F7F4FCE0101960E94E970FB
:10BC50007C01CE0107960E94CA71EF20E09411F09A
:10BC600010931502CE0101960E94CA7106CF8091F1
:10BC7000F90B81116DC01092F10B1092F00B109224
:10BC8000EF0B1092EE0B1092ED0B1092F50B109241
:10BC9000F40B1092F30B1092F20B6BEF76E088EF3F
:10BCA0009DE00E94967264E170E080E090E00E9466
:10BCB000BC6F6FEE76E08BE59DE00E94967264E1CA
:10BCC00070E080E090E00E94BC6F63EE76E08EEB67
:10BCD0009CE00E94967264E170E080E090E00E9437
:10BCE000BC6F67ED76E084EB92E10E94967264E1AE
:10BCF00070E080E090E00E94BC6F8AE591E10E94D4
:10BD0000B27480915B1184FF04C08AE591E10E94C6
:10BD1000B27480916C118093ED0B1092F80B10921D
:10BD2000F70B81E08093F90B0E94EE6F6093040B98
:10BD30007093050B8093060B9093070B0E94EE6F98
:10BD40006093000B7093010B8093020B9093030B95
:10BD50001091F50B112349F01091F40B112329F0E8
:10BD60001091F30B11111091F20B0E94EE6FC09025
:10BD7000000BD090010BE090020BF090030B11111F
:10BD8000DFC06C197D098E099F0969397A438105E5
:10BD9000910508F0D4C090E7C92E97E1D92EE12C87
:10BDA000F12C8091F70B811151C00E94EE6F8090B1
:10BDB000040B9090050BA090060BB090070B681930
:10BDC00079098A099B09C616D706E806F906F0F52F
:10BDD0000E94EE6F6093040B7093050B8093060B2B
:10BDE0009093070B6BEC76E088EF9DE00E949672D3
:10BDF0006AE070E080E090E00E94BC6F6FEB76E05C
:10BE00008BE59DE00E9496726AE070E080E090E031
:10BE10000E94BC6F63EB76E08EEB9CE00E94967212
:10BE20006AE070E080E090E00E94BC6F67EA76E034
:10BE300084EB92E10E9496728091ED0B882331F0A1
:10BE400060EA76E085E99EE00E9496728AE591E1DB
:10BE50000E94B27480915B1184FF04C08AE591E175
:10BE60000E94B27480916C119091ED0B981761F063
:10BE70008093ED0B69E976E0811102C06EE876E00F
:10BE800085E99EE00E94967201E088EF9DE00E94A5
:10BE9000326A892B09F05BC001E08BE59DE00E94CE
:10BEA000326A892B09F0CBC001E08EEB9CE00E9446
:10BEB000326A892B09F03BC101E084EB92E10E94D8
:10BEC0008F6B892B09F4FAC164EB72E1CE010796FE
:10BED0000E94E371CE0107960E948C708B859C8531
:10BEE000892B51F00E94EE6F6093950C7093960C25
:10BEF0008093970C9093980C6DED73E0CE010796AC
:10BF00000E941F71811116C062EE73E0CE0101968E
:10BF10000E94D271BE016F5F7F4FCE0107960E94D3
:10BF2000E9707C01CE0101960E94CA71EF20E09475
:10BF300009F475C1CE0107960E94CA71BECF11E007
:10BF400080E2C82E8EE4D82EE12CF12C2ACF68EFA7
:10BF50007DE0CE0107960E94E371CE0107960E9414
:10BF60008C708B859C85892B51F00E94EE6F6093BD
:10BF7000A10C7093A20C8093A30C9093A40C6DED74
:10BF800073E0CE0107960E941F71811115C062EE09
:10BF900073E0CE0101960E94D271BE016F5F7F4FA8
:10BFA000CE0107960E94E9707C01CE0101960E94A5
:10BFB000CA71EF20E09429F0CE0107960E94CA7161
:10BFC00064CF61E374E0CE0101960E94D271BE019C
:10BFD0006F5F7F4FCE0107960E940471F82ECE014D
:10BFE00001960E94CA71FF2041F0BE01695F7F4F38
:10BFF00085E99EE00E945572DFCF63EC77E0CE01C9
:10C0000007960E941F71882359F00093F10B00934B
:10C01000F50B67E876E085E99EE00E949672CCCF4A
:10C0200061ED77E0CE0107960E941F71882321F20F
:10C030001092F10B0093F50B6CE776E0ECCF6BE51B
:10C040007DE0CE0107960E94E371CE0107960E9423
:10C050008C708B859C85892B51F00E94EE6F6093CC
:10C060009D0C70939E0C80939F0C9093A00C6DED93
:10C0700073E0CE0107960E941F71811115C062EE18
:10C0800073E0CE0101960E94D271BE016F5F7F4FB7
:10C09000CE0107960E94E9707C01CE0101960E94B4
:10C0A000CA71EF20E09429F0CE0107960E94CA7170
:10C0B000F4CE61E374E0CE0101960E94D271BE011C
:10C0C0006F5F7F4FCE0107960E940471F82ECE015C
:10C0D00001960E94CA71FF2041F0BE01695F7F4F47
:10C0E00085E99EE00E945572DFCF63EC77E0CE01D8
:10C0F00007960E941F71882359F00093F00B00935C
:10C10000F40B65E776E085E99EE00E949672CCCF5D
:10C1100061ED77E0CE0107960E941F71882321F21E
:10C120001092F00B0093F40B6AE676E0ECCF6EEB26
:10C130007CE0CE0107960E94E371CE0107960E9433
:10C140008C708B859C85892B51F00E94EE6F6093DB
:10C15000990C70939A0C80939B0C90939C0C6DEDB2
:10C1600073E0CE0107960E941F71811115C062EE27
:10C1700073E0CE0101960E94D271BE016F5F7F4FC6
:10C18000CE0107960E94E9707C01CE0101960E94C3
:10C19000CA71EF20E09429F0CE0107960E94CA717F
:10C1A00084CE61E374E0CE0101960E94D271BE019B
:10C1B0006F5F7F4FCE0107960E940471F82ECE016B
:10C1C00001960E94CA71FF2041F0BE01695F7F4F56
:10C1D00085E99EE00E945572DFCF63EC77E0CE01E7
:10C1E00007960E941F71882359F00093EF0B00936C
:10C1F000F30B63E676E085E99EE00E949672CCCF71
:10C2000061ED77E0CE0107960E941F71882321F22D
:10C210001092EF0B0093F30B68E576E0ECCF61E34F
:10C2200074E0CE0101960E94D271BE016F5F7F4F14
:10C23000CE0107960E940471F82ECE0101960E944D
:10C24000CA71FF2041F0BE01695F7F4F85E99EE022
:10C250000E9455726FCE63EC77E0CE0107960E9484
:10C260001F71811120C06EEB77E0CE0107960E940E
:10C270001F71811118C061ED77E0CE0107960E9411
:10C280001F71811109C06CEC77E0CE0107960E9406
:10C290001F71882309F44ECE1092EE0B0093F20B1F
:10C2A00066E476E006C00093EE0B0093F20B61E5C6
:10C2B00076E085E99EE00E9496723CCE1123F9F06B
:10C2C0002091F10B8091F00B422F480F5527551FFD
:10C2D0002091EF0B240F352F311D8091EE0B280F8D
:10C2E000311D8091ED0B820F932F911D2091F80B42
:10C2F000211183C0059719F081E08093F80B11E0BC
:10C3000085E99EE00E94326A892B09F46ACC65E9CE
:10C310007EE0CE0101960E94E371CE0101960E945B
:10C320008C706BEA77E0CE0101960E941F7181113B
:10C330001093F60B63ED76E0CE0101960E941F711B
:10C3400081110E94A67C68E075E0CE0101960E94F2
:10C350001F71882359F168EC70E080E090E00E9442
:10C36000BC6F8CE390E00E9436161092F10B109295
:10C37000F00B1092EF0B1092EE0B1092ED0B10924F
:10C38000F50B1092F40B1092F30B1092F20B10922B
:10C39000F60B1092F90B1092F80B1092F70B10920B
:10C3A000FA0B8091860C8F5F8093860C61E573E0B9
:10C3B000CE0101960E941F718823B1F10E94FF15E2
:10C3C0001092F10B1092F00B1092EF0B1092EE0BFB
:10C3D0001092ED0B1092F50B1092F40B1092F30BE0
:10C3E0001092F20B1092F60B1092F90B1092F80BC0
:10C3F0001092F70B1092FA0BEBCB059709F07FCF59
:10C400008091F70B81117BCF68EC70E080E090E0C9
:10C410000E94BC6F67E376E085E99EE00E94967219
:10C4200081E08093F70B6BCF6AE973E0CE01019650
:10C430000E941F7181111092150262EA73E0CE0111
:10C4400001960E941F71811110931502CE01019671
:10C450000E94CA7155CFAF92BF92CF92DF92EF92F6
:10C46000FF920F931F93CF93DF9300D000D0CDB7EF
:10C47000DEB780918F0B9091900B8130910509F47C
:10C48000C7C08630910509F4E4C0892BF9F464E152
:10C4900070E090E080E00E941612811117C066E6FD
:10C4A0007FE085E99EE00E94967261E08BE30E9446
:10C4B000D96D60E085E20E94D96D80918F0B9091DB
:10C4C000900B01969093900B80938F0B01E010E0FE
:10C4D00042E0E42EF12C56E0C52ED12C85E99EE0F9
:10C4E0000E94326A892B09F4DEC165E97EE0CE0143
:10C4F00001960E94E371CE0101960E948C706CEE51
:10C5000072E0CE0101960E941F71882369F060E0FD
:10C510008EE30E94D96D61E08DE30E94D96D809118
:10C52000860C8F5F8093860C6BED77E0CE010196D1
:10C530000E941F71882391F06FE47FE085E99EE0FF
:10C540000E94967261E08BE30E94D96D60E085E203
:10C550000E94D96D1093900B00938F0B69EE77E0DA
:10C56000CE0101960E941F71882369F166E47FE085
:10C5700085E99EE00E94967233E0A32EB12C61E023
:10C580008BE30E94D96D64EF71E080E090E00E943F
:10C59000BC6F60E08BE30E94D96D64EF71E080E0D6
:10C5A00090E00E94BC6F81E0A81AB10841F760E0FA
:10C5B0008BE30E94D96D60E085E20E94D96DF09214
:10C5C000900BE0928F0B61E573E0CE0101960E9423
:10C5D0001F71882309F4A4C00E94FF150E94E32C58
:10C5E00089E18093860CCE0101960E94CA7126963D
:10C5F0000FB6F894DEBF0FBECDBFDF91CF911F9174
:10C600000F91FF90EF90DF90CF90BF90AF90089583
:10C6100065E170E086E090E00E941612811156CF2D
:10C620006DE57FE085E99EE00E94967281E080934F
:10C63000370C1092360C1092350C0E94EE6F6093FE
:10C64000310C7093320C8093330C9093340C60E077
:10C650002DCF80919E0B90919F0BA091A00BB0913C
:10C66000A10B892B8A2B8B2B51F40E94EE6F6093C8
:10C670009E0B70939F0B8093A00B9093A10B8091C6
:10C68000400B8F5F833008F048C08093400B0091CF
:10C69000400B10E086E30E94A56F000F111FF80108
:10C6A000E65CF44F918380830E94EE6F00919E0BB5
:10C6B00010919F0B2091A00B3091A10B601B710B6F
:10C6C000820B930B603A7F408105910508F4FECE02
:10C6D00086E30E94A56F8D3291400CF0F7CE67E59E
:10C6E0007FE085E99EE00E94967260E08EE30E9402
:10C6F000D96D61E08DE30E94D96D0E94EE6F609369
:10C70000420C7093430C8093440C9093450C8091A1
:10C71000860C8F5F8093860CD9CE1092400BB7CFDA
:10C7200068EF77E0CE0101960E941F718823E9F03F
:10C7300060E47FE085E99EE00E94967260E08EE30F
:10C740000E94D96D61E08DE30E94D96D0E94EE6F69
:10C750006093420C7093430C8093440C9093450C6F
:10C760008091860C8F5F8093860C63E078E0CE0129
:10C7700001960E941F71882391F163E17FE088EFA9
:10C780009DE00E94967268EE73E080E090E00E9467
:10C79000A82C64EF7EE085E99EE00E9496720E94DC
:10C7A000206F82E890E00E944B6D68EE73E080E0BD
:10C7B00090E00E94A82CE091FB118E2F90E0FC01EC
:10C7C000EE0FFF1FE80FF91FEE5CF04F80818F7BAB
:10C7D000808363ED7EE085E99EE00E94967260E1D1
:10C7E00078E0CE0101960E941F71882309F442C0AF
:10C7F00080918F0B9091900B029731F467E37FE06B
:10C8000085E99EE00E94967280918F0B9091900B2B
:10C81000039731F46EE27FE085E99EE00E94967214
:10C8200080918F0B9091900B0497C1F465E27FE0AB
:10C8300085E99EE00E94967269E17FE085E99EE0CD
:10C840000E949672D092900BC0928F0B10929E0B0A
:10C8500010929F0B1092A00B1092A10B80918F0B46
:10C860009091900B843091052CF401969093900B4D
:10C8700080938F0B6AE973E0CE0101960E941F71CD
:10C8800081111092150262EA73E0CE0101960E94B6
:10C890001F71882319F081E080931502CE01019663
:10C8A0000E94CA711BCE0E949127A1CECF92DF9227
:10C8B000EF92FF920F931F93CF93DF93CDB7DEB725
:10C8C0002C970FB6F894DEBF0FBECDBF1092830C2D
:10C8D00010927E0C10927D0C0E948D1585E99EE0D1
:10C8E0000E94326A892BC9F165E97EE0CE0101968A
:10C8F0000E94E371CE0101960E948C7061E573E0A5
:10C90000CE0107960E94D271BE01695F7F4FCE01B2
:10C9100001960E94E9708C01CE0107960E94CA71AF
:10C920000F3F1F4F49F10E94D47C0E94FF1585E9FB
:10C930009EE00E94326A892B29F085E99EE00E94E0
:10C94000106AF5CF1092840C89E18093860C1092C6
:10C95000850CCE0101960E94CA712C960FB6F894F0
:10C96000DEBF0FBECDBFDF91CF911F910F91FF9022
:10C97000EF90DF90CF9008956BEF74E0CE010796B3
:10C980000E94D271BE01695F7F4FCE0101960E9465
:10C99000E9708C01CE0107960E94CA710F3F1F4FAC
:10C9A00009F4DEC082E18093860C10925C0C109238
:10C9B000840C81E08093160210922B0C1092940C40
:10C9C0001092FB0B80E392E10E9474778AE192E17E
:10C9D0000E94747780E392E10E942B788AE192E1D1
:10C9E0000E942B780E94D21566E174E088EF9DE0EA
:10C9F0000E9496726AE070E080E090E00E94BC6F56
:10CA000060E174E08BE59DE00E9496726AE070E060
:10CA100080E090E00E94BC6F6AE074E08EEB9CE0E6
:10CA20000E9496726AE070E080E090E00E94BC6F25
:10CA300064E074E084EB92E10E9496726AE070E038
:10CA400080E090E00E94BC6F0E94EE6F6B017C0161
:10CA50000E94EE6F6C197D098E099F096C3D75402F
:10CA60008105910548F40E94D2156AE070E080E0EB
:10CA700090E00E94BC6FECCF6EEF73E088EF9DE01A
:10CA80000E9496726AE070E080E090E00E94BC6FC5
:10CA900068EF73E08BE59DE00E9496726AE070E0BB
:10CAA00080E090E00E94BC6F62EF73E08EEB9CE050
:10CAB0000E9496726AE070E080E090E00E94BC6F95
:10CAC0006CEE73E084EB92E10E9496726AE070E093
:10CAD00080E090E00E94BC6F60EE73E08BE59DE02B
:10CAE0000E94967262E370E080E090E00E94BC6F6A
:10CAF0006AED73E08BE59DE00E94967262E370E060
:10CB000080E090E00E94BC6F6DEC73E08BE59DE0EF
:10CB10000E9496726EE571E080E090E00E94BC6F2A
:10CB200064EC73E08BE59DE00E94967268EC70E027
:10CB300080E090E00E94BC6F0E94D2156FE973E024
:10CB400085E99EE00E94967285E99EE00E94326A25
:10CB5000892B09F4FECE85E99EE00E94106AF4CF8D
:10CB600062E075E0CE0107960E94D271BE01695F56
:10CB70007F4FCE0101960E94E9708C01CE0107968D
:10CB80000E94CA710F3F1F4F09F418C169E973E091
:10CB900088EF9DE00E94967263E973E08BE59DE06B
:10CBA0000E9496726DE873E08EEB9CE00E94967294
:10CBB00067E873E084EB92E10E9496726CED75E099
:10CBC00080E090E00E94BC6F0E94D2156BE773E09A
:10CBD00088EF9DE00E94967262E370E080E090E052
:10CBE0000E94BC6F6FE673E08BE59DE00E94967239
:10CBF00062E370E080E090E00E94BC6F63E673E067
:10CC00008EEB9CE00E94967262E370E080E090E020
:10CC10000E94BC6F67E573E084EB92E10E9496721C
:10CC200062E370E080E090E00E94BC6F89E20E94C5
:10CC3000B06D892B31F06DE473E085E99EE00E94D0
:10CC4000967288E20E94B06D892B31F464E473E03F
:10CC500085E99EE00E94967261E270E084E090E0D7
:10CC60000E941612882331F069E373E085E99EE0A3
:10CC70000E94967265E170E087E090E00E941612D3
:10CC8000882331F061E373E085E99EE00E949672AB
:10CC900062E470E085E090E00E941612882331F093
:10CCA00068E273E085E99EE00E94967264E170E0BC
:10CCB00081E090E00E941612882331F06DE173E06C
:10CCC00085E99EE00E94967262E470E083E090E065
:10CCD0000E9416128823F1F062E470E090E080E098
:10CCE0000E9416128823B1F062E470E081E090E0C7
:10CCF0000E941612882371F062E470E082E090E0F6
:10CD00000E941612882331F063E173E085E99EE00A
:10CD10000E94967260E087E20E94D96D60E084E232
:10CD20000E94D96D60E083E00E94D96D60E084E0EC
:10CD30000E94D96D60E087E00E94D96D60E085E2D5
:10CD40000E94D96D60E08BE30E94D96D60E08DE3B5
:10CD50000E94D96D0CE812E03AE9C32E32E0D32EDE
:10CD6000F801E190F1908F01C7010E947477C7012B
:10CD70000E942B78C016D10699F710925C0C109285
:10CD8000830C10927E0C10927D0C0E94EE6F6093CB
:10CD9000580C7093590C80935A0C90935B0C8AE159
:10CDA0008093860C85E99EE00E94326A892B09F403
:10CDB000D0CD85E99EE00E94106AF4CF6BE274E06A
:10CDC000CE0101960E941F71882309F47CC00E9445
:10CDD000206F90E080E00E944B6D64EF71E080E096
:10CDE00090E00E94BC6FE091FB118E2F90E0FC015F
:10CDF000EE0FFF1FE80FF91FEE5CF04F80818F7B75
:10CE000080836AE073E085E99EE00E94967264E6A2
:10CE100070E080E090E00E94BC6F64E073E084EB1F
:10CE200092E10E9496726EEF72E088EF9DE00E94A0
:10CE3000967268EF72E08BE59DE00E94967262EF59
:10CE400072E08EEB9CE00E94967268EE73E080E0E8
:10CE500090E00E94BC6F6AEE72E085E99EE00E945D
:10CE6000967210922A0C81E080930B0210921F0B95
:10CE700010921D0B10921E0B10921C0B809310022F
:10CE80000E94EE6F6093250C7093260C8093270C04
:10CE90009093280C10925C0C1092830C10927E0CD4
:10CEA00010927D0C8091860C8F5F8093860C85E9B3
:10CEB0009EE00E94326A892B09F44BCD85E99EE001
:10CEC0000E94106AF4CF68E075E0CE0101960E94DE
:10CED0001F71882349F08CE390E00E94D32CCE018F
:10CEE00001960E94CA71FACC6AE175E0CE01019602
:10CEF0000E941F71882319F082E290E0EECF6AE26F
:10CF000075E0CE0101960E941F71882319F08AE313
:10CF100090E0E3CF69E375E0CE0101960E941F71B6
:10CF2000882319F089E390E0D8CF6AE475E0CE0158
:10CF300001960E941F71882339F060EE72E084EB45
:10CF400092E10E949672CBCF68E575E0CE01019622
:10CF50000E941F71882329F066ED72E08EEB9CE041
:10CF6000F0CF66E675E0CE0101960E941F7188231E
:10CF700019F08FE390E0B1CF6AE775E0CE0101963A
:10CF80000E941F71882319F08EE190E0A6CF6FE810
:10CF900075E0CE0101960E941F71882319F081E48B
:10CFA00090E09BCF61EA75E0CE0101960E941F716F
:10CFB000882329F06CEC72E088EF9DE0C2CF64EB2F
:10CFC00075E0CE0101960E941F71882319F080E45C
:10CFD00090E083CF63EC75E0CE0101960E941F7153
:10CFE000882319F088E390E078CF64ED75E0CE01F6
:10CFF00001960E941F7162EC72E0811114C06CEB0B
:10D0000073E0CE0101960E941F7165EB72E0811101
:10D010000AC065EE75E0CE0101960E941F7188235B
:10D0200029F066EA72E08BE59DE08BCF64EF75E056
:10D03000CE0101960E941F71882309F49BC00E94B3
:10D04000EE6F6B017C016FE872E085E99EE00E9463
:10D0500072728091A10C9091A20CA091A30CB0913E
:10D06000A40C0097A105B10509F478C0B701A60189
:10D07000481B590B6A0B7B0B81E090E0403355470E
:10D080006105710508F080E00E94159666E872E07F
:10D0900085E99EE00E94727280919D0C90919E0C99
:10D0A000A0919F0CB091A00C0097A105B10509F4C7
:10D0B00058C0B701A601481B590B6A0B7B0B81E0D6
:10D0C00090E0403355476105710508F080E00E940B
:10D0D000159660E872E085E99EE00E947272809188
:10D0E000990C90919A0CA0919B0CB0919C0C00977C
:10D0F000A105B105C9F1B701A601481B590B6A0B7F
:10D100007B0B81E090E0403355476105710508F0E5
:10D1100080E00E94159669E772E085E99EE00E9432
:10D1200072728091950C9091960CA091970CB09191
:10D13000980C0097A105B105D1F0C81AD90AEA0ADE
:10D14000FB0A81E090E0F0E3CF16F5E7DF06E104AB
:10D15000F10408F080E00E944596C1CE80E090E0A6
:10D1600093CF80E090E0B3CF80E090E0D2CF80E03A
:10D1700090E0F1CFCE0101960E94D67D8111AFCE15
:10D1800018861F821A8619861C861B8669817A81F9
:10D190006115710531F04D815E81CE0107960E94C7
:10D1A0009F71CE0107960E940D7DCE0107960E94C9
:10D1B000CA7195CE9091F010E091F110F091F210BB
:10D1C000292F209580FF14C0F894828182238283C6
:10D1D0008181892B8183A3E2B0E01197F1F78281ED
:10D1E000982B9283789487ED90E00197F1F708955A
:10D1F000F8948281822382838181892B8183AFEF9E
:10D20000B0E01197F1F78281982B928378948FE0A8
:10D2100090E0EBCF8091F010E091F110F091F210DE
:10D22000F8949181982B91832281382F3095232374
:10D230002283A7E0B0E01197F1F7918193239183C6
:10D24000A3E2B0E01197F1F790817894EFECF0E071
:10D250003197F1F7982381E009F480E00895815037
:10D26000823108F05AC0E82FF0E08827E55CF649E3
:10D270008F4F0C94269A5B695F694D6953695769B2
:10D280008D69626968696C69726976697A698069B1
:10D2900084698D6988698E699269809180008F7731
:10D2A000809380000895809180008F7DF9CF8091D8
:10D2B0008000877FF5CF84B58F7784BD089584B5CE
:10D2C0008F7DFBCF8091B0008F778093B000089561
:10D2D0008091B0008F7DF9CF809190008F778093FF
:10D2E00090000895809190008F7DF9CF80919000FB
:10D2F000877FF5CF8091A0008F778093A00008955D
:10D300008091A0008F7DF9CF8091A000877FF5CF1D
:10D31000809120018F7780932001089580912001D2
:10D320008F7DF9CF80912001877FF5CF3FB7F894AB
:10D330008091881390918913A0918A13B0918B13D7
:10D3400026B5A89B05C02F3F19F00196A11DB11D60
:10D350003FBFBA2FA92F982F8827BC01CD01620F9C
:10D36000711D811D911D42E0660F771F881F991F57
:10D370004A95D1F70895AF92BF92CF92DF92EF9284
:10D38000FF920F931F93CF93DF936C017B018B016F
:10D39000040F151FEB015E01AE18BF08C017D107BF
:10D3A00059F06991D601ED91FC910190F081E02D49
:10D3B000C6011995892B79F7C501DF91CF911F918E
:10D3C0000F91FF90EF90DF90CF90BF90AF900895B6
:10D3D000FC01A089B1898C91A689B78982FD0FC013
:10D3E0009C91818D8F5F8F73228D821749F0A18D63
:10D3F000AE0FBF2FB11D5D969C93818F08958C91C8
:10D400000895FC01538D448D252F30E0842F90E04A
:10D41000821B930B541710F0CF960895019708952F
:10D42000FC01918D828D981761F0A28DAE0FBF2FF8
:10D43000B11D5D968C91928D9F5F9F73928F90E04E
:10D4400008958FEF9FEF0895FC01918D828D9817BD
:10D4500031F0828DE80FF11D858D90E008958FEFFA
:10D460009FEF0895FC01918D228D892F90E0805CC3
:10D470009F4F821B91098F73992708958EEB9CE033
:10D480000E94326A21E0892B09F420E0822F08955E
:10D490008BE59DE00E94326A21E0892B09F420E0AF
:10D4A000822F089588EF9DE00E94326A21E0892B47
:10D4B00009F420E0822F089585E99EE00E94326AF7
:10D4C00021E0892B09F420E0822F0895FC01A48D2E
:10D4D000A80FB92FB11DA35ABF4F2C91848D90E096
:10D4E00001968F739927848FA689B7892C93A08979
:10D4F000B1898C91837080648C93938D848D981303
:10D5000006C00288F389E02D80818F7D8083089595
:10D51000EF92FF920F931F93CF93DF93EC0181E083
:10D52000888F9B8D8C8D98131AC0E889F98980812A
:10D5300085FF15C09FB7F894EE89FF896083E8895D
:10D54000F98980818370806480839FBF81E090E04F
:10D55000DF91CF911F910F91FF90EF900895F62EDC
:10D560000B8D10E00F5F1F4F0F731127E02E8C8D76
:10D570008E110CC00FB607FCFACFE889F9898081BB
:10D5800085FFF5CFCE010E94666AF1CFEB8DEC0FDF
:10D59000FD2FF11DE35AFF4FF0829FB7F8940B8FD8
:10D5A000EA89FB8980818062CFCFCF93DF93EC0142
:10D5B000888D8823B9F0AA89BB89E889F9898C917B
:10D5C00085FD03C0808186FD0DC00FB607FCF7CF37
:10D5D0008C9185FFF2CF808185FFEDCFCE010E9437
:10D5E000666AE9CFDF91CF91089580E090E0892BC2
:10D5F00029F00E945C6A81110E94000080E090E0A6
:10D60000892B29F00E94526A81110E94000080E05B
:10D6100090E0892B29F00E94486A81110E94000045
:10D6200080E090E0892B29F00E943E6A81110C94E1
:10D630000000089520911E0C30911F0C2817390707
:10D6400071F490911D0C80911C0C981741F0E091A1
:10D650001D0CF0E0EF50FD4E808190E008958FEFBB
:10D660009FEF08950895EF92FF920F931F93CF932A
:10D67000DF93DC015C96ED90FC905D97E114F10482
:10D6800079F481E090E013969C938E93129790E04A
:10D6900080E0DF91CF911F910F91FF90EF9008955F
:10D6A0005196ED91FC91529750968C915097982FEE
:10D6B00090950FB75E962C915E97122F127021FDF8
:10D6C0006095F8942081112319F1282B2083E7011C
:10D6D0002197F1F728E0462F50E0308160FF1AC013
:10D6E000382B3083E7012197F1F7BA0175956795DB
:10D6F000215089F7112381F08081892380830FBF16
:10D700005C968D919C910197F1F781E090E0C1CFFB
:10D710002923DCCF3923E5CF9081892BEFCF2091CE
:10D720001E0C30911F0C2817390761F480911C0CD6
:10D7300020911D0C90E0805C9F4F821B91098F739C
:10D740009927089590E080E0089520911E0C309173
:10D750001F0C28173907B9F490911D0C80911C0CEF
:10D76000981789F0E0911D0CF0E0EF50FD4E80819C
:10D7700020911D0C30E02F5F3F4F2F7333272093F4
:10D780001D0C90E008958FEF9FEF089590E080E0EA
:10D790000895E0EFF0E1138615861486128611864F
:10D7A0001086178216821582148213820895CF92F2
:10D7B000DF92EF92FF920F931F939C01AAEFB5E0C7
:10D7C0000E94B998DC01CB019058AF4FBF4FCD01FB
:10D7D000BB2797FDB095AB2F8E3F21E0920758F500
:10D7E000282F8F3F910508F445C06EEF681B862FE8
:10D7F00030E02FEF682F70E090E080E0CB017727DA
:10D800006627D12CF12CE12C632B7D298E299F29B1
:10D81000022F10E030E020E0322F212F102F0027C0
:10D82000602B712B822B932B1F910F91FF90EF9008
:10D83000DF90CF9008958C3F23E0920768F48D3FEE
:10D8400022E0920728F432E0380F2FEF80E0D2CFA9
:10D850002CEF281B3FEFFACF8A3F25E0920769F0B3
:10D860003AEF381B8B3F24E0920740F48C5F3FEF88
:10D8700020E0C0CF30E08FEFBDCF30E020E0FBCF25
:10D88000CF93DF93EC019A01AB01E889F98982E03B
:10D890008083211581EE38074105510581F160E053
:10D8A00079E08DE390E00E94979821503109410979
:10D8B00051095695479537952795EC85FD8510823A
:10D8C000EE85FF852083188EEC89FD8986E08083B4
:10D8D000EA89FB89808180618083EA89FB89808174
:10D8E00088608083EA89FB89808180688083EA89F7
:10D8F000FB8980818F7D8083DF91CF910895E889B6
:10D90000F989108220E1D9CFFF920F931F93CF9313
:10D91000DF938091FD10882369F01092FB10109224
:10D92000FD101092FC1080E0DF91CF911F910F91BC
:10D93000FF9008958091F010E091F110F091F210B5
:10D94000F8949181282F20959223918378943DE734
:10D9500043E050E0315009F3DA011197F1F790817B
:10D960009823C1F3F8949281922392839181982B0A
:10D9700091837894ABE7B7E01197F1F7F894918130
:10D9800092239183A3E1B1E01197F1F7908178940C
:10D99000E3E6F6E03197F1F7892309F0BECFC8E05E
:10D9A000D0E011E081E0912F907F09F480E00E94A7
:10D9B000DA68110F2197B1F7F894E091F110F09126
:10D9C000F21091818091F010809598239183E091DD
:10D9D000F110F091F2109281892382837894D1E042
:10D9E00000E0F12CC1E00E940A69182F0E940A6928
:10D9F0001130F1F48130D9F5C13408F48ECFF092B2
:10DA0000FB10F11003C081E08093FD108091F310B2
:10DA1000882309F482CFA3EFB0E1E6EBFCE08EEBC4
:10DA20009CE02D9121938E179F07D9F781E07CCF41
:10DA3000E02FF0E0181311C08091FB10C817A8F474
:10DA4000DF01A051BF4E13968C918D2381F410E01D
:10DA5000C93010F4C093FC10FC2EE051FF4E8381BE
:10DA60009D2F9095892383830AC08C13F0CFE02FDC
:10DA7000F0E0E051FF4E83818D2B838311E0812FF5
:10DA80000E94DA68CF5FDD0F11F40F5FD1E008303C
:10DA900008F4A9CFB1CF8F929F92AF92BF92FF921D
:10DAA0000F931F93CF93DF93F090FB112FE22F156D
:10DAB00008F44CC02091FD1108E512E0021B110989
:10DAC00027FD1395000F111F000F111F2091FC114E
:10DAD000C8E8D0E0C21BD10927FDD395CC0FDD1FCC
:10DAE000CC0FDD1F4E010D2E000CAA08BB089801BB
:10DAF000012E000C440B550B281939094A095B0902
:10DB0000DC010E948F9824EB30E040E050E00E945E
:10DB10006598820E931EA41EB51E8C169D062CF0D1
:10DB2000E801801691060CF4E4012297CC0FDD1F6A
:10DB30002FB7F8948F2D90E0FC01EE0FFF1FE80F38
:10DB4000F91FEE5CF04FD283C1832FBFDF91CF91DD
:10DB50001F910F91FF90BF90AF909F908F9008956D
:10DB6000CF93DF93282F30E0F901E050F64E8491F7
:10DB7000F901E05DF44ED491F901E651F54EC491FE
:10DB8000CC23A1F081110E942F69EC2FF0E0EE0F61
:10DB9000FF1FEA54F54EA591B491EC91ED2381E07D
:10DBA00090E009F480E0DF91CF91089580E090E06B
:10DBB000FACF1F93CF93DF93282F30E0F901E05085
:10DBC000F64E8491F901E05DF44ED491F901E651ED
:10DBD000F54EC491CC23A9F0162F81110E942F6914
:10DBE000EC2FF0E0EE0FFF1FE053F54EA591B4913E
:10DBF0008FB7F894EC91111108C0D095DE23DC9317
:10DC00008FBFDF91CF911F910895DE2BF8CFAF9298
:10DC1000BF92CF92DF92EF92FF920F931F93CF9319
:10DC2000DF936B017A01EC01CF5CDC4E28813CE094
:10DC3000389F8001399F100D1124A0908C13B12CB6
:10DC400027FF1FC0FB011182108288818F5F8883AC
:10DC500088819801280F311D87FD3A95F6012A1514
:10DC60003B051CF488818C30C4F18081918104963D
:10DC700080349C4908F473C0F60180819181049638
:10DC800070C088819801280F311D87FD3A952A15AB
:10DC90003B05DCF68881A801480F511D87FD5A9588
:10DCA000FA01EE0FFF1FE40FF51FEE5CF04F8081CD
:10DCB00086FFCBCF8881F801E80FF11D87FDFA952B
:10DCC000CF01EE0FFF1FE80FF91FEE5CF04F8081D0
:10DCD00060E08F730E94D96DB8CF808191812881D7
:10DCE000A801420F511D27FD5A959A01FA01EE0F26
:10DCF000FF1FE20FF31FEE5CF04F21813281820F94
:10DD0000931FF7019183808388819801280F311D2B
:10DD100087FD3A95F901EE0FFF1FE20FF31FEE5C4E
:10DD2000F04F808186FF22C08881080F111D87FD7A
:10DD30001A95F801EE0FFF1FE00FF11FEE5CF04F98
:10DD4000808161E08F73DF91CF911F910F91FF90E0
:10DD5000EF90DF90CF90BF90AF900C94D96D80E49E
:10DD60009CE9F701918380838FEF8883DF91CF91C6
:10DD70001F910F91FF90EF90DF90CF90BF90AF90E9
:10DD80000895CF93DF9390E0FC01E05DF44E249181
:10DD90008651954EFC0184918823C9F090E0880F4C
:10DDA000991FFC01EA51F64EA591B491FC01E05394
:10DDB000F54EC591D49161110DC09FB7F8948C9127
:10DDC000209582238C938881282328839FBFDF910D
:10DDD000CF910895623051F49FB7F8943C91822F0F
:10DDE000809583238C93E8812E2BEFCF8FB7F89407
:10DDF000EC912E2B2C938FBFEACFCF93DF93EC01C6
:10DE00008981877F898385FD18C062E08A810E94AD
:10DE1000C16E8A8190E0FC01E651F54EE491F0E09C
:10DE2000EE0FFF1FEA54F54E259134913D8B2C8B5C
:10DE3000FC01E05DF44EE491EE8BDF91CF9108950B
:10DE40008091FB11803308F051C061E081E30E94B2
:10DE5000C16E8091FB11282F30E0F901EE0FFF1FFA
:10DE6000E20FF31FEE5CF04F9081907C9163908302
:10DE70001092FC111092FD112CE0622F0E94F29979
:10DE8000829FB001112430E020E0AB01420F531F0C
:10DE9000FA01EE0FFF1FE40FF51FEE5CF04F9081CB
:10DEA00096FD16C02F5F3F4F2C30310571F7813042
:10DEB00001F51092800082E080938100109285002D
:10DEC00010928400B19A80916F00826080936F00FD
:10DED000E091FB118E2F90E0FC01EE0FFF1FE80F89
:10DEE000F91FEE5CF04F8081806480838091FB118C
:10DEF0000895823061F41092900080939100109206
:10DF000095001092940088BB80937100E1CF83301C
:10DF100069F41092A00082E08093A1001092A50005
:10DF20001092A40089BB80937200D2CF8111D0CF10
:10DF30001092200182E0809321011092250110921D
:10DF400024018ABB80937300C3CF90917B00977F9D
:10DF500090937B008653806480937C0080917A004C
:10DF6000806480937A0080917A0086FDFCCF809156
:10DF700078009091790008958F929F92AF92BF920E
:10DF8000CF92DF92EF92FF924B015C010E94966963
:10DF90006B017C010E9496696C197D098E099F09AD
:10DFA000683E734081059105A8F321E0821A91082B
:10DFB000A108B10888EEC80E83E0D81EE11CF11C50
:10DFC00081149104A104B10429F7FF90EF90DF9030
:10DFD000CF90BF90AF909F908F9008952FB7F894F7
:10DFE00060918413709185138091861390918713AB
:10DFF0002FBF08950F931F93CF93DF93EC010E94DF
:10E00000EE6F688779878A879B87E881F981028428
:10E01000F385E02DCE01199597FF15C00E94EE6F94
:10E02000088519852A853B85601B710B820B930B34
:10E030000C811D812E813F81601771078207930734
:10E0400020F38FEF9FEFDF91CF911F910F910895F4
:10E050001F920F920FB60F9211242F933F938F931D
:10E060009F93AF93BF938091841390918513A09158
:10E070008613B09187133091831323E0230F2D373C
:10E0800058F50196A11DB11D20938313809384132D
:10E0900090938513A0938613B09387138091881370
:10E0A00090918913A0918A13B0918B130196A11DB1
:10E0B000B11D8093881390938913A0938A13B09312
:10E0C0008B13BF91AF919F918F913F912F910F90A3
:10E0D0000FBE0F901F90189526E8230F0296A11DE2
:10E0E000B11DD2CFCF92DF92EF92FF926B017C01F4
:10E0F000C114D104E104F10441F00E94A196A701EA
:10E1000096010E9465986B017C01C701B601FF90E2
:10E11000EF90DF90CF900895AF92BF92CF92DF92B1
:10E12000EF92FF920F931F93CF93DF93DC01CD907B
:10E13000DC901197C114D10439F01496CD91DC9183
:10E140008C017601209761F4DF91CF911F910F919F
:10E15000FF90EF90DF90CF90BF90AF900895750142
:10E160005701BFEFAB1ABB0AF7018081082E000CE4
:10E17000990B0E943597892B91F72197CC0DDD1DC6
:10E180008881082E000C990B0E943597892B29F065
:10E19000CE15DF0510F02197F3CFAE014F5F5F4F33
:10E1A0004E195F09D80115965C934E931497CE14BF
:10E1B000DF0420F4B701C6010E94349CD801ED9120
:10E1C000FC91119714968D919C91E80FF91F108284
:10E1D000BBCFCF93DF93DC0114962D913C91159723
:10E1E000232B79F0FB01CD91DC9160817181CE010F
:10E1F0000E94629C009729F08C1B9D0BDF91CF91B0
:10E2000008958FEF9FEFFACFFB0144815581FC0108
:10E21000248135812417350778F08081918100971A
:10E2200059F0FB01608171816115710529F00E942F
:10E23000549C21E0892B09F020E0822F0895FC01F5
:10E2400024813581232B39F421E0FB01808188234F
:10E2500049F020E007C0808191810E94449C21E028
:10E26000892BB9F7822F08950F931F93CF93DF93D4
:10E27000EC0188819981009759F02A813B8126170A
:10E28000370730F081E0DF91CF911F910F91089512
:10E290008B016F5F7F4F0E94539B009759F09983CA
:10E2A00088831B830A832C813D81232B59F7FC0132
:10E2B0001082E8CF80E0E7CFEF92FF920F931F9399
:10E2C000CF93DF931F921F92CDB7DEB78C01698386
:10E2D0001A82FC01E480F580FFEFEF1AFF0AB70114
:10E2E0000E943471882381F0F8012081318184817A
:10E2F0009581BE016F5F7F4F820F931F0E944D9CDF
:10E30000F801F582E48281E00F900F90DF91CF91C8
:10E310001F910F91FF90EF900895CF93DF93EC0141
:10E3200088819981009711F00E94CA9A19821882F7
:10E330001D821C821B821A82DF91CF910895EF9279
:10E34000FF920F931F93CF93DF93EC017B018A0120
:10E35000BA010E94347181110BC0CE010E948D71EF
:10E36000CE01DF91CF911F910F91FF90EF90089513
:10E370001D830C83B701888199810E944D9CF0CF49
:10E38000FB0101900020E9F73197AF01461B570BC5
:10E390000C949F71FC0180819181009711F00C9485
:10E3A000CA9A0895FC01118210821382128215828A
:10E3B0001482FB0101900020E9F73197AF01461B61
:10E3C000570B0C949F710F931F93CF93DF93EC0126
:10E3D0008B0168E373E00E94D271C8010E94FA6F5A
:10E3E00097FD08C08A30910529F0682FCE010E9460
:10E3F0005C71F3CFCE01DF91CF911F910F91089502
:10E40000FB0101900020E9F73197AF01461B570B44
:10E41000DC01ED91FC910280F381E02D19948F9243
:10E420009F92AF92BF920F931F93CF93DF93CDB77D
:10E43000DEB7A1970FB6F894DEBF0FBECDBF19A20D
:10E44000423008F44AE08E010F5D1F4F842E912C5C
:10E45000B12CA12CA50194010E949798E62FB90137
:10E46000CA01EA3004F5E05DD801EE938D01232B5B
:10E47000242B252B79F790E080E0109729F0BD013F
:10E4800085E99EE00E940072A1960FB6F894DEBF67
:10E490000FBECDBFDF91CF911F910F91BF90AF9075
:10E4A0009F908F900895E95CDFCF0F931F93CF93D8
:10E4B000DF93EC01FB014481558160817181E8812A
:10E4C000F9810280F381E02D19958C0166E373E0F8
:10E4D000CE010E940072800F911FDF91CF911F919A
:10E4E0000F910895EF92FF920F931F93CF93DF93B5
:10E4F0008C017B01D0E0C0E0F701EC0FFD1F6491BF
:10E50000662361F0D801ED91FC910190F081E02D3E
:10E51000C8011995892B11F02196EECFCE01DF911C
:10E52000CF911F910F91FF90EF9008950F931F933C
:10E53000CF93DF93EC010E9472728C0166E373E06B
:10E54000CE010E940072800F911FDF91CF911F9129
:10E550000F9108951F920F920FB60F9211240BB6D0
:10E560000F922F933F934F935F936F937F938F936C
:10E570009F93AF93BF93EF93FF938EEB9CE00E942A
:10E58000666AFF91EF91BF91AF919F918F917F91BB
:10E590006F915F914F913F912F910F900BBE0F9014
:10E5A0000FBE0F901F9018951F920F920FB60F92EB
:10E5B00011240BB60F922F933F934F935F936F935A
:10E5C0007F938F939F93AF93BF93EF93FF938EEBC4
:10E5D0009CE00E94E869FF91EF91BF91AF919F91FC
:10E5E0008F917F916F915F914F913F912F910F90FC
:10E5F0000BBE0F900FBE0F901F9018951F920F9299
:10E600000FB60F9211240BB60F922F933F934F9397
:10E610005F936F937F938F939F93AF93BF93EF938A
:10E62000FF938BE59DE00E94666AFF91EF91BF9199
:10E63000AF919F918F917F916F915F914F913F919A
:10E640002F910F900BBE0F900FBE0F901F9018953B
:10E650001F920F920FB60F9211240BB60F922F93A9
:10E660003F934F935F936F937F938F939F93AF935A
:10E67000BF93EF93FF938BE59DE00E94E869FF91C4
:10E68000EF91BF91AF919F918F917F916F915F912A
:10E690004F913F912F910F900BBE0F900FBE0F9097
:10E6A0001F9018951F920F920FB60F9211240BB660
:10E6B0000F922F933F934F935F936F937F938F931B
:10E6C0009F93AF93BF93EF93FF9388EF9DE00E94DA
:10E6D000666AFF91EF91BF91AF919F918F917F916A
:10E6E0006F915F914F913F912F910F900BBE0F90C3
:10E6F0000FBE0F901F9018951F920F920FB60F929A
:10E7000011240BB60F922F933F934F935F936F9308
:10E710007F938F939F93AF93BF93EF93FF9388EF74
:10E720009DE00E94E869FF91EF91BF91AF919F91A9
:10E730008F917F916F915F914F913F912F910F90AA
:10E740000BBE0F900FBE0F901F9018951F920F9247
:10E750000FB60F9211240BB60F922F933F934F9346
:10E760005F936F937F938F939F93AF93BF93EF9339
:10E77000FF9385E99EE00E94666AFF91EF91BF9149
:10E78000AF919F918F917F916F915F914F913F9149
:10E790002F910F900BBE0F900FBE0F901F901895EA
:10E7A0001F920F920FB60F9211240BB60F922F9358
:10E7B0003F934F935F936F937F938F939F93AF9309
:10E7C000BF93EF93FF9385E99EE00E94E869FF9174
:10E7D000EF91BF91AF919F918F917F916F915F91D9
:10E7E0004F913F912F910F900BBE0F900FBE0F9046
:10E7F0001F9018951F920F920FB60F9211240BB60F
:10E800000F922F933F934F935F936F937F938F93C9
:10E810009F93AF93BF93EF93FF9348E251E064E27D
:10E8200071E090E080E00E94076EFF91EF91BF9150
:10E83000AF919F918F917F916F915F914F913F9198
:10E840002F910F900BBE0F900FBE0F901F90189539
:10E850001F920F920FB60F9211240BB60F922F93A7
:10E860003F934F935F936F937F938F939F93AF9358
:10E87000BF93EF93FF9348EA50E064EA70E083E0CF
:10E8800090E00E94076EFF91EF91BF91AF919F9131
:10E890008F917F916F915F914F913F912F910F9049
:10E8A0000BBE0F900FBE0F901F9018951F920F92E6
:10E8B0000FB60F9211240BB60F922F933F934F93E5
:10E8C0005F936F937F938F939F93AF93BF93EF93D8
:10E8D000FF9348E950E064E970E082E090E00E9434
:10E8E000076EFF91EF91BF91AF919F918F917F91B3
:10E8F0006F915F914F913F912F910F900BBE0F90B1
:10E900000FBE0F901F9018951F920F920FB60F9287
:10E9100011240BB60F922F933F934F935F936F93F6
:10E920007F938F939F93AF93BF93EF93FF9348E8A9
:10E9300050E064E870E081E090E00E94076EFF9193
:10E94000EF91BF91AF919F918F917F916F915F9167
:10E950004F913F912F910F900BBE0F900FBE0F90D4
:10E960001F9018958F929F92AF92BF92CF92DF9295
:10E97000EF92FF920F931F93CF93DF93EC01898166
:10E9800082FD14C085FD12C0EC89FD8920813E897D
:10E9900081FB992790F983FB882780F98927922F9B
:10E9A000932321E009F020E082278A8B0E94EE6FFA
:10E9B000AB01BC019A892B898881992309F47BC01A
:10E9C000211179C080FD5DC0816088834E875F879B
:10E9D000688B798B8B89882319F1992309F10D8133
:10E9E0001E8130E020E0CE84DF84E888F9884A0187
:10E9F0005B018C189D08AE08BF0875016401C01644
:10EA0000D106E206F30660F0888181FD09C02B85FE
:10EA10002D878A648F7788834E875F87688B798B91
:10EA20000E851F8528893989401B510B620B730B9A
:10EA30000F81188530E020E0401751076207730707
:10EA400050F08B85882339F0911105C08C871B8687
:10EA5000888184608883898186FF06C01C869881AE
:10EA60009B7F98838F7B8983DF91CF911F910F913B
:10EA7000FF90EF90DF90CF90BF90AF909F908F90DE
:10EA800008950E851F85288939896A017B01C01A7E
:10EA9000D10AE20AF30A0B811C8130E020E0C016A3
:10EAA000D106E206F30608F4BBCF21E02B8B80628F
:10EAB000806888838FCF8E7F888391118BCF2223AC
:10EAC00009F4AECF1B8A81FD03C08B858F5F8B87D6
:10EAD00088818D7F806188834E875F87688B798B83
:10EAE00086FF04C01C861B868F7B8883888187FFF6
:10EAF00097CF8F7788838981816089836BCFCF930C
:10EB0000DF93EC01898184FF03C0CE010E94B274BF
:10EB1000988195FB882780F995FF02C09F7D988397
:10EB2000DF91CF9108951F920F920FB60F9211248B
:10EB30000BB60F922F933F934F935F936F937F93F7
:10EB40008F939F93AF93BF93EF93FF93E0911E0C2E
:10EB5000F0911F0C309749F0A685B7858585968D75
:10EB600091FF16C09C918923B1F4FF91EF91BF9161
:10EB7000AF919F918F917F916F915F914F913F9155
:10EB80002F910F900BBE0F900FBE0F901F901895F6
:10EB90009C91892351F7A389B4899C91858980959B
:10EBA00089238C93868997890197F1F7608D718D00
:10EBB000A685B785558538E020E0CB010197F1F7B0
:10EBC000822F90E095958795282F4C91452309F049
:10EBD0002068315091F7868D81FD209580911C0C25
:10EBE00090E001968F73992730911D0C381799F09A
:10EBF000A0911C0CB0E0AF50BD4E2C9380931C0C28
:10EC0000828D938D0197F1F7A389B4898C919589B1
:10EC1000892B8C93AACF868D8160868FF1CF4F92FE
:10EC20005F926F927F928F929F92AF92BF92EF927C
:10EC3000FF92CF93DF93DC011E968C911E971B965B
:10EC40009C911B9719964D915C911A9718968C90F0
:10EC50001897282F30E01C96EC911C97F0E01D9639
:10EC6000AC91B0E0891364C0CB01880F991F680F85
:10EC7000791F460F571F240F351FE9012881E40F24
:10EC8000F51FF080A40FB51FCC91882009F445C072
:10EC9000912CB12CA12C622F70E0762F6627072EC5
:10ECA000000C880B990BA50194010E9497983901DB
:10ECB000552444246F2D70E0762F6627072E000C14
:10ECC000880B990BA50194010E949798B42FA32F4C
:10ECD000922F8827482A592A6A2A7B2A6C2F70E0AB
:10ECE000762F6627072E000C880B990BA50194013F
:10ECF0000E949798C301B201622B732B842B952B32
:10ED0000DF91CF91FF90EF90BF90AF909F908F9049
:10ED10007F906F905F904F9008956F2D70E090E01E
:10ED200080E0982F872F762F6627822B6C2BE8CFD9
:10ED3000660F771F660F771F640F751F260F371F2B
:10ED4000E9013881EB01C90FD11DF880E60FF71FEB
:10ED5000C081A60FB71FEC90882009F44BC0912CFE
:10ED6000B12CA12C632F70E0762F6627072E000CA4
:10ED7000880B990BA50194010E949798722E662426
:10ED8000552444246F2D70E0762F6627072E000C43
:10ED9000880B990BA50194010E949798A90133272C
:10EDA0002227422A532A642A752A6E2D70E0762F74
:10EDB0006627072E000C880B990BA50194010E9471
:10EDC0009798422A532A642A752A6C2F70E0762F6E
:10EDD0006627072E000C880B990BA50194010E9451
:10EDE0009798942F832F722F662764297529862977
:10EDF000972986CF6F2D70E090E080E0CB017727D8
:10EE00006627932B6E297C2B7BCF0F931F93DC01FE
:10EE100018968C911897882361F0489FA0011124BF
:10EE2000452F829F90011124232F809F8001112460
:10EE3000012F1E968C911E971996ED91FC911A97B1
:10EE40001B969C911B9789131EC0CB01880F991F9D
:10EE5000680F791F6E0F7F1F1B96EC911B97E60FB3
:10EE6000F72FF11D40831C96EC911C97E60FF72FAE
:10EE7000F11D20831D968C91680F711DFB0100838D
:10EE80001F910F910895660F771F660F771F6E0F02
:10EE90007F1FFB01E80FF11D1082DECFCF93DF93C0
:10EEA00000D01F92CDB7DEB769837A838B839C83B2
:10EEB000DE011196CE010596ED91F0E0E853FA4E91
:10EEC00044919D0121503109F90140838A179B0724
:10EED00099F769817A818B819C810F900F900F90B7
:10EEE0000F90DF91CF910895FC014481558170E02E
:10EEF00060E0818592850C943D9CFF920F931F9357
:10EF0000CF93DF93EC01FF24F394F60E28852F15A1
:10EF100081F109851A85215041F16F3FE1F430E01C
:10EF200050E040E06FEF7FEF80E090E00E94659856
:10EF3000B901F8014C815D81CF01801B910B8417D1
:10EF40009507B0F44081469FC001479F900D112462
:10EF500090833196EFCF8F2D90E0982F88270197DF
:10EF6000622F70E00E94FE99E4CF70E060E0E1CF94
:10EF7000F886DF91CF911F910F91FF9008958F92A6
:10EF80009F92AF92BF92CF92DF92EF92FF921F9328
:10EF9000CF93DF93FC018281938168177907A8F5ED
:10EFA0004A01AA24BB24C82DC32ED42EE52EFF244B
:10EFB0001C2DD22F8085882361F0889E400111246A
:10EFC000C92D8C9D600111241D2D829FD00111241B
:10EFD000DB2FA685E184F2849385A91322C0CB019F
:10EFE000880F991F680F791F6E0D7F1DA385A60FCF
:10EFF000B72FB11DCC93A485A60FB72FB11D1C93BD
:10F000008585680F711DFB01D083DF91CF911F9122
:10F01000FF90EF90DF90CF90BF90AF909F908F9038
:10F020000895660F771F660F771F6E0D7F1D252FC2
:10F03000332744275527882349F090E0829F7001A9
:10F04000839FF00C929FF00C11242F2DA60FB72F49
:10F05000B11D2C93CBCFCF92DF92EF92FF920F9303
:10F060001F93CF93DF9300D000D000D0CDB7DEB791
:10F070008C01DC0119968D919C91892B09F473C048
:10F080000E949669F801C784D088E188F2886C15DF
:10F090007D058E059F0520F46787708B818B928B91
:10F0A000F801C784D088E188F2886C197D098E093F
:10F0B0009F096C3271408105910510F3F894D801D5
:10F0C00014968D919C9115979A8389831996ED9149
:10F0D000FC917F01BFEFEB1AFB0A80818987F80161
:10F0E00090810388F489E02DD80155968C9199235D
:10F0F00009F448C09081982B988790818095892346
:10F100008F838F818C8388E08B8358856F814985BD
:10F110003B812C8189819A81D701508347FD252F1E
:10F120003A952083262F39F0441F00C000006083E9
:10F13000000000C0F2CF38E04D91608300000197DD
:10F1400061F7D8015496FC93EE93539749873B831C
:10F150002C839A83898378940E949669F801678743
:10F16000708B818B928B29960FB6F894DEBF0FBE01
:10F17000CDBFDF91CF911F910F91FF90EF90DF9066
:10F18000CF9008959081982B9887908180958923BE
:10F190008F838F818E8388E08D8358856F81498529
:10F1A0003D812E8189819A81D701508347FD252F8A
:10F1B00000C000C0208300C000C000C000C000C06C
:10F1C00060830000262F3A9541F0441F000000C0E4
:10F1D00000C000C000C000C0E8CF38E04D9100C0C2
:10F1E000608300C0019709F7D8015496FC93EE9311
:10F1F000539749873D832E83ACCFCF92DF92EF9216
:10F20000FF920F931F93CF93DF93D62FC42F8823A2
:10F2100081F08BE10E94B06D892B09F040C00E9403
:10F22000EE6F6093B20C7093B30C8093B40C909318
:10F23000B50CDD2381F088E10E94B06D892B09F0C7
:10F24000A3C00E94EE6F6093AD0C7093AE0C8093E0
:10F25000AF0C9093B00C87E10E94B06D892B09F040
:10F26000FEC00E94EE6F6093A90C7093AA0C80936D
:10F27000AB0C9093AC0CCC2309F47AC089E10E94CA
:10F28000B06D892B09F056C10E94EE6F6093A50CFA
:10F290007093A60C8093A70C9093A80C69C00E9451
:10F2A000EE6F0091B20C1091B30C2091B40C309120
:10F2B000B50C601B710B820B930B643671058105D5
:10F2C000910508F4B6CF66EA7AE185E99EE00E94EE
:10F2D000967202E010E0C12CD12C7601D0E0C0E0A3
:10F2E000A7019601BE0186E492E10E94BF772196B4
:10F2F000C032D105A9F786E492E10E942B7863E041
:10F3000070E080E090E00E94BC6F8FEFE81AF80A8E
:10F31000C114D1048BEFE806F10401F7C12CD12C04
:10F320003AEFE32EF12CD0E0C0E0A7019601BE0138
:10F3300086E492E10E94BF772196C032D105A9F7F9
:10F3400086E492E10E942B7863E070E080E090E038
:10F350000E94BC6F81E0E81AF108C114D1048FEF5C
:10F36000E806F80601F70130110559F41092B10CC6
:10F37000DF91CF911F910F91FF90EF90DF90CF9091
:10F38000089501E010E0A7CF0E94EE6F0091AD0C50
:10F390001091AE0C2091AF0C3091B00C601B710B32
:10F3A000820B930B643671058105910508F453CFE8
:10F3B00066E97AE185E99EE00E94967202E010E03B
:10F3C000C12CD12C7601D0E0C0E0A7019601BE018E
:10F3D00086E492E10E94BF772196C032D105A9F759
:10F3E00086E492E10E942B7863E070E080E090E098
:10F3F0000E94BC6F8FEFE81AF80AC114D1048BEF9A
:10F40000E806F10401F7C12CD12C2AEFE22EF12CF1
:10F41000D0E0C0E0A7019601BE0186E492E10E941F
:10F42000BF772196C032D105A9F786E492E10E9408
:10F430002B7863E070E080E090E00E94BC6F81E098
:10F44000E81AF108C114D1048FEFE806F80601F7B5
:10F450000130110509F48ACF01E010E0B1CF0E941C
:10F46000EE6F0091A90C1091AA0C2091AB0C309179
:10F47000AC0C601B710B820B930B6436710581051C
:10F48000910508F4F8CE66E87AE185E99EE00E94ED
:10F49000967202E010E0C12CD12C7601D0E0C0E0E1
:10F4A000A7019601BE0186E492E10E94BF772196F2
:10F4B000C032D105A9F786E492E10E942B7863E07F
:10F4C00070E080E090E00E94BC6F8FEFE81AF80ACD
:10F4D000C114D1048BEFE806F10401F7C12CD12C43
:10F4E0009AEFE92EF12CD0E0C0E0A7019601BE0111
:10F4F00086E492E10E94BF772196C032D105A9F738
:10F5000086E492E10E942B7863E070E080E090E076
:10F510000E94BC6F81E0E81AF108C114D1048FEF9A
:10F52000E806F80601F70130110509F41FCF01E0E4
:10F5300010E0B1CF0E94EE6F0091A50C1091A60CC7
:10F540002091A70C3091A80C601B710B820B930BC0
:10F55000643671058105910508F40ACF66E77AE102
:10F5600085E99EE00E94967202E010E0C12CD12C49
:10F570007601D0E0C0E0A7019601BE0186E492E1E9
:10F580000E94BF772196C032D105A9F786E492E1A7
:10F590000E942B7863E070E080E090E00E94BC6FF6
:10F5A0008FEFE81AF80AC114D1048BEFE806F104D2
:10F5B00001F7C12CD12C8AEFE82EF12CD0E0C0E06D
:10F5C000A7019601BE0186E492E10E94BF772196D1
:10F5D000C032D105A9F786E492E10E942B7863E05E
:10F5E00070E080E090E00E94BC6F81E0E81AF108D2
:10F5F000C114D1048FEFE806F80601F701301105B8
:10F6000009F4B4CE01E010E0B1CFCF92DF92EF92D7
:10F61000FF920F931F93CF93DF93D62FC42F88238E
:10F6200079F08BE10E94B06D892B81F10E94EE6F21
:10F630006093B20C7093B30C8093B40C9093B50CA0
:10F64000DD2381F088E10E94B06D892B09F492C01E
:10F650000E94EE6F6093AD0C7093AE0C8093AF0C74
:10F660009093B00CCC2309F479C089E10E94B06D6D
:10F67000892B09F4EAC00E94EE6F6093A50C709389
:10F68000A60C8093A70C9093A80C68C00E94EE6F04
:10F690000091B20C1091B30C2091B40C3091B50CC8
:10F6A000601B710B820B930B64367105810591050C
:10F6B00038F266E67AE185E99EE00E94967202E001
:10F6C00010E0C12CD12C7601D0E0C0E0A70196015A
:10F6D000BE0186E492E10E94BF772196C032D10537
:10F6E000A9F786E492E10E942B7863E070E080E065
:10F6F00090E00E94BC6F8FEFE81AF80AC114D104A1
:10F700008BEFE806F10401F7C12CD12C2AEFE22E91
:10F71000F12CD0E0C0E0A7019601BE0186E492E1A1
:10F720000E94BF772196C032D105A9F786E492E105
:10F730000E942B7863E070E080E090E00E94BC6F54
:10F7400081E0E81AF108C114D1048FEFE806F80649
:10F7500001F70130110559F41092B10CDF91CF91EE
:10F760001F910F91FF90EF90DF90CF90089501E0EF
:10F7700010E0A7CF0E94EE6F0091AD0C1091AE0C7F
:10F780002091AF0C3091B00C601B710B820B930B6E
:10F79000643671058105910508F464CF66E57AE168
:10F7A00085E99EE00E94967202E010E0C12CD12C07
:10F7B0007601D0E0C0E0A7019601BE0186E492E1A7
:10F7C0000E94BF772196C032D105A9F786E492E165
:10F7D0000E942B7863E070E080E090E00E94BC6FB4
:10F7E0008FEFE81AF80AC114D1048BEFE806F10490
:10F7F00001F7C12CD12C9AEFE92EF12CD0E0C0E01A
:10F80000A7019601BE0186E492E10E94BF7721968E
:10F81000C032D105A9F786E492E10E942B7863E01B
:10F8200070E080E090E00E94BC6F81E0E81AF1088F
:10F83000C114D1048FEFE806F80601F70130110575
:10F8400009F48ACF01E010E0B1CF0E94EE6F009181
:10F85000A50C1091A60C2091A70C3091A80C601B50
:10F86000710B820B930B643671058105910508F4C9
:10F8700075CF66E47AE185E99EE00E94967202E027
:10F8800010E0C12CD12C7601D0E0C0E0A701960198
:10F89000BE0186E492E10E94BF772196C032D10575
:10F8A000A9F786E492E10E942B7863E070E080E0A3
:10F8B00090E00E94BC6F8FEFE81AF80AC114D104DF
:10F8C0008BEFE806F10401F7C12CD12C8AEFE82E6A
:10F8D000F12CD0E0C0E0A7019601BE0186E492E1E0
:10F8E0000E94BF772196C032D105A9F786E492E144
:10F8F0000E942B7863E070E080E090E00E94BC6F93
:10F9000081E0E81AF108C114D1048FEFE806F80687
:10F9100001F70130110509F41FCF01E010E0B1CF6C
:10F92000CF93DF93EC018E819F8197FD0CC061E046
:10F930000E94C16E60E08E810E94D96D81E0898352
:10F94000DF91CF910895198280E0FACF69EA75E1DD
:10F9500085E99EE00E9496720E94206F61E085E238
:10F960000E94D96D61E087E20E94D96D90E080E04D
:10F970000E944B6D68EE73E080E090E00E94A82C3E
:10F98000E091FB118E2F90E0FC01EE0FFF1FE80FBE
:10F99000F91FEE5CF04F80818F7B808368E875E112
:10F9A00085E99EE00C949672CF93DF93C3E0D0E09C
:10F9B00060E875E188EF9DE00E9496726FE070E06C
:10F9C00080E090E00E94BC6F68E775E18BE59DE008
:10F9D0000E9496726FE070E080E090E00E94BC6F41
:10F9E00060E775E18EEB9CE00E9496726FE070E03C
:10F9F00080E090E00E94BC6F68E675E184EB92E1E4
:10FA00000E9496726FE070E080E090E00E94BC6F10
:10FA1000219771F6DF91CF910895CF93DF93EC0199
:10FA2000BC0188EF9DE00E945572BE018BE59DE010
:10FA30000E945572BE018EEB9CE00E945572BE0181
:10FA400084EB92E10E9455726EEB72E0CE010E944F
:10FA50001F718823A1F18EEB9CE00E94D56AE09192
:10FA6000D00CF091D10C80818F7E8083E091D00CFE
:10FA7000F091D10C8081877F8083E091D00CF09150
:10FA8000D10C80818F778083E091D00CF091D10CE4
:10FA900080818F7D80838091D80C8093D70C60E02B
:10FAA0008EE00E94C16E60E08FE00E94C16E6AE746
:10FAB00074E185E99EE0DF91CF910C9496726EEC33
:10FAC00072E0CE010E941F71882359F040E855E290
:10FAD00060E070E08EEB9CE00E94406C6FE574E1AA
:10FAE000E8CF6EED72E0CE010E941F71882321F0F5
:10FAF0008CE390E00E94361664EE72E0CE010E9424
:10FB00001F71882321F089E390E00E9436166CEE85
:10FB100072E0CE010E941F71882321F081E490E001
:10FB20000E94361664EF72E0CE010E941F71882396
:10FB300021F08AE390E00E9436166CEF72E0CE016D
:10FB40000E941F71882321F080E490E00E94361605
:10FB500064E073E0CE010E941F71882321F08FE3DF
:10FB600090E00E9436166BE073E0CE010E941F7198
:10FB7000882321F088E390E00E94361662E173E06A
:10FB8000CE010E941F71882321F080E490E00E9442
:10FB900036166DE173E0CE010E941F71882319F0C3
:10FBA0008EE18093860CDF91CF910895AF92BF9242
:10FBB000CF92DF92EF92FF920F931F93CF93DF9339
:10FBC00000D000D0CDB7DEB78C0169E373E00E94AE
:10FBD0001F71882309F44AC010E000E080913212BE
:10FBE000909133120817190764F428E238E248E2CA
:10FBF00050E0B80180E392E10E94BF770F5F1F4F92
:10FC0000EDCF10E000E080911C1290911D120817BA
:10FC1000190764F428E238E248E250E0B8018AE1CA
:10FC200092E10E94BF770F5F1F4FEDCF80E392E11B
:10FC30000E942B788AE192E10E942B786FE474E1B4
:10FC400085E99EE00E94967281E026960FB6F894B0
:10FC5000DEBF0FBECDBFDF91CF911F910F91FF90FF
:10FC6000EF90DF90CF90BF90AF90089560E473E085
:10FC7000C8010E941F71882399F080E392E10E94DD
:10FC800074778AE192E10E94747780E392E10E94A6
:10FC90002B788AE192E10E942B786FE374E1D0CF58
:10FCA00067E473E0CE0101960E94D271BE016F5FDE
:10FCB0007F4FC8010E940471F82ECE0101960E9468
:10FCC000CA71FF2009F46FC0D8011496CD90DC9062
:10FCD00024E0A22EB12CB4E0CB16D10420F45601BE
:10FCE00034E0C32ED12C68E373E0CE0101960E946C
:10FCF000D271F801E480F580AE14BF04F0F4CE14A4
:10FD0000DF0408F47601D801ED91FC911197EE0D16
:10FD1000FF1DD08010826D917C916A0D7B1DCE01FC
:10FD2000019661157105E1F10E94C071F8018081B1
:10FD30009181E80EF91ED701DC9289819A81C12C4C
:10FD4000D12C7601009719F00E94F9966B0186017B
:10FD5000CE0101960E94CA7180E392E10E947477FD
:10FD6000D7FC10C08091321290913312C816D90678
:10FD70004CF420E03FEF40E050E0B60180E392E138
:10FD80000E94BF7780E392E10E942B786BE274E1DE
:10FD900085E99EE00E947272C8010E94459654CF88
:10FDA0000E948D71C3CF6CE473E0CE0101960E9476
:10FDB000D271BE016F5F7F4FC8010E940471F82E9F
:10FDC000CE0101960E94CA7180E0FF2009F43DCF68
:10FDD000F801C480D58084E0A82EB12CF4E0CF16C1
:10FDE000D10420F4560194E0C92ED12C68E373E0CD
:10FDF000CE0101960E94D271D8011496ED90FC902C
:10FE0000AE14BF04F0F4CE14DF0408F47601D80178
:10FE1000ED91FC911197EE0DFF1DD08010826D9138
:10FE20007C916A0D7B1DCE01019661157105A9F1CA
:10FE30000E94C071F80180819181E80EF91ED701FE
:10FE4000DC9289819A81C12CD12C7601009719F01E
:10FE50000E94F9966B018601CE0101960E94CA713B
:10FE60008AE192E10E947477D7FC10C080911C1245
:10FE700090911D12C816D9064CF420E03FEF40E0E7
:10FE800050E0B6018AE192E10E94BF778AE192E1F7
:10FE90000E942B7867E174E17BCF0E948D71CACFFD
:10FEA000CF92DF92EF92FF921092C10C1092C00C91
:10FEB00048EEC42E43E0D42EE12CF12CC092C20CAB
:10FEC000D092C30CE092C40CF092C50C8EE992E083
:10FED0009093BF0C8093BE0C25E331E03093CB0CA4
:10FEE0002093CA0C24E331E03093CD0C2093CC0C4A
:10FEF00020E331E03093CF0C2093CE0C21E331E0AE
:10FF00003093D10C2093D00C22E331E03093D30C0A
:10FF10002093D20C26E331E03093D50C2093D40CFF
:10FF20001092D70C1092D80C1092D90C1092DA0CB7
:10FF300010925E0D10925D0DC0925F0DD092600D1B
:10FF4000E092610DF092620D90935C0D80935B0DD9
:10FF500025ED30E03093680D2093670D24ED30E0FF
:10FF600030936A0D2093690D20ED30E030936C0DD5
:10FF700020936B0D21ED30E030936E0D20936D0DCD
:10FF800022ED30E03093700D20936F0D26ED30E0C0
:10FF90003093720D2093710D1092740D1092750DA7
:10FFA0001092760D1092770D1092FB0D1092FA0DB3
:10FFB000C092FC0DD092FD0DE092FE0DF092FF0D6F
:10FFC0009093F90D8093F80D2DEC30E03093050EF1
:10FFD0002093040E2CEC30E03093070E2093060E95
:10FFE00028EC30E03093090E2093080E29EC30E025
:10FFF00030930B0E20930A0E2AEC30E030930D0E56
:020000021000EC
:1000000020930C0E2EEC30E030930F0E20930E0E4A
:100010001092110E1092120E1092130E1092140ED6
:100020001092980E1092970EC092990ED0929A0E3E
:10003000E0929B0EF0929C0E9093960E8093950EFC
:1000400085EC90E09093A20E8093A10E84EC90E05A
:100050009093A40E8093A30E80EC90E09093A60E54
:100060008093A50E81EC90E09093A80E8093A70E4C
:1000700082EC90E09093AA0E8093A90E86EC90E01B
:100080009093AC0E8093AB0E1092AE0E1092AF0E0A
:100090001092B00E1092B10E68E373E08BEE92E115
:1000A0000E94D27168E373E085EE92E10E94D27102
:1000B00068E373E08FED92E10E94D27168E373E030
:1000C00089ED92E10E94D27168E373E083ED92E1E1
:1000D0000E94D2711092B7121092B612C092B8124A
:1000E000D092B912E092BA12F092BB1280EB92E079
:1000F0009093B5128093B4121092CB121092CA1240
:100100001092CD121092CC121092CF121092CE12E9
:100110001092D1121092D0126091D2126E7F6D7F28
:100120006093D2126695617081E068278FE10E942A
:10013000D96D61E08FE10E94C16EEFE4FBE1E491D3
:10014000E093C412E9E0FBE1E491F0E0EE0FFF1F61
:10015000E053F54E859194919093C6128093C51209
:1001600060E08AE00E94C16E8091D21281FD04C0DD
:1001700061E08AE00E94D96D8AE08093C012EAE3D0
:10018000FBE1E491E093C112E4EFFAE1E491F0E0E5
:10019000EE0FFF1FEA54F54E859194919093C31290
:1001A0008093C21242E350E061E070E08EE992E198
:1001B0000E94328343E350E061E070E088E892E11E
:1001C0000E94328340E350E069E070E082E792E110
:1001D0000E9432834CE050E06CE070E08CE592E1EC
:1001E0000E9432834BE050E069E270E086E492E1E5
:1001F0000E94328348E050E068E970E080E392E1D9
:100200000E94328342E050E065E670E08AE192E1CC
:100210000E94328384E194EBAFEFB0E08093FE1153
:100220009093FF11A0930012B09301128FEF9EE103
:10023000A4EBB0E08093021290930312A0930412F7
:10024000B09305128FEF94E6A4E1B0E0809306121C
:1002500090930712A0930812B09309128FEF9FEFAB
:10026000AFEFB0E080930A1290930B12A0930C12A0
:10027000B0930D1280E090E0AFEFB0E080930E12EB
:1002800090930F12A0931012B093111280E09FEF81
:10029000A0E0B0E08093121290931312A093141276
:1002A000B09315128FEF90E0A0E0B0E080931612AB
:1002B00090931712A0931812B093191280918C1377
:1002C000803308F0A3C191E0980F90938C13809332
:1002D000FB1190E0FC01EE0FFF1FE80FF91FEE5C31
:1002E000F04F88EB9BE09283818369E284EE91E199
:1002F0000E940A8361E08DEC91E10E940A8361E033
:1003000086EB91E10E940A836FE28FE991E10E94FE
:100310000A836BE288E891E10E940A8365E481E741
:1003200091E10E940A8368E28AE591E10E940A83D2
:100330006AE283E491E10E940A8366E28CE291E141
:100340000E940A836CE285E191E10E940A836DE2DA
:100350008EEF90E10E940A8360E08DE00E94C16E02
:10036000EDE3FBE1E491E093F010E7EFFAE1E491D3
:10037000F0E0EE0FFF1FEA54F54E859194919093B3
:10038000F2108093F1100E94C96B68E373E08AEE6B
:1003900090E10E94D27168E373E08DE893E10E94DE
:1003A000D2718091170290911802919581959109CF
:1003B0009093E9108093E81068E373E082EE90E197
:1003C0000E94D27166E178E08EEB90E10E94D271DA
:1003D00065E278E084EC90E10E94D2716EE278E010
:1003E0008AEC90E10E94D27167E378E080ED90E1C1
:1003F0000E94D27160E478E086ED90E10E94D271B3
:1004000069E478E08CED90E10E94D27162E578E0D9
:100410008EE890E10E94D2716BE578E084E990E18A
:100420000E94D27164E678E08AE990E10E94D2717C
:100430006DE678E080EA90E10E94D27167E778E0AB
:1004400086EA90E10E94D27161E878E08CEA90E15E
:100450000E94D2716BE878E082EB90E10E94D27149
:1004600065E978E088EB90E10E94D2716FE978E06D
:1004700084E690E10E94D27168EA78E08AE690E131
:100480000E94D27161EB78E080E790E10E94D27126
:100490006BEB78E086E790E10E94D27165EC78E042
:1004A0008CE790E10E94D2716FEC78E082E890E1F5
:1004B0000E94D27169ED78E088E890E10E94D271E3
:1004C00063EE78E082E590E10E94D2716DEE78E013
:1004D00088E590E10E94D27167EF78E08EE590E1C7
:1004E0000E94D27161E079E080E490E10E94D271D3
:1004F0006BE079E086E490E10E94D27165E179E0F9
:100500008CE490E10E94D2716FE179E08EE290E19B
:100510000E94D27169E279E084E390E10E94D27195
:1005200063E379E08AE390E10E94D2716DE379E0C0
:100530008CE190E10E94D27167E479E082E290E17F
:100540000E94D27161E579E088E290E10E94D27167
:100550006BE579E08AE090E10E94D27165E679E08E
:1005600080E190E10E94D2716FE679E086E190E14E
:100570000E94D27169E779E08CEE9FE00E94D2710F
:1005800063E879E082EF9FE00E94D2716DE879E044
:1005900088EF9FE00E94D27167E979E08EEF9FE0DB
:1005A0000E94D27161EA79E084E090E10E94D27108
:1005B0006BEA79E082EC9FE00E94D27165EB79E012
:1005C00088EC9FE00E94D2716FEB79E08EEC9FE0A7
:1005D0000E94D27169EC79E084ED9FE00E94D271B3
:1005E00063ED79E08AED9FE00E94D2716DED79E0D4
:1005F00080EE9FE00E94D27167EE79E086EE9FE088
:10060000FF90EF90DF90CF900C94D2718FEF80939A
:10061000FB116BCECF93DF93EC018CE390E09C83D6
:100620008B8384EF91E09E838D8398878F8380E90D
:1006300091E09A8789871B861C861D861E861F86E9
:10064000188A198A1A8A1B8A6A8389818F7D89830D
:10065000CE010E94FD6E89818B7E8D7F8983DF9123
:10066000CF910895CF92DF92EF92FF920F931F9355
:10067000CF93DF93EC016B01F42EE52E19821886DF
:100680001F86188A198A1A8A81E08E878B871C86B2
:1006900092E09D8788838B01000F111F060F171FA3
:1006A0001D830C83C8010E942E9A9A878987009720
:1006B00089F1A80170E060E00E943D9CDB82CA8263
:1006C000FE82EF828981882341F061E08F2D0E94B4
:1006D000C16E60E08F2D0E94D96D8F2D9E2DFC0183
:1006E000E651F54EE491F0E0EE0FFF1FE053F54EBA
:1006F000259134913C8B2B8BFC01E05DF44EE49111
:10070000ED8BDF91CF911F910F91FF90EF90DF90D4
:10071000CF9008951D821C821B821A82D1CFCF9365
:10072000DF93CDB7DEB76C970FB6F894DEBF0FBE80
:10073000CDBF789484B5826084BD84B5816084BD6A
:1007400085B5826085BD85B5816085BD80916E006F
:10075000816080936E0010928100809181008260A0
:1007600080938100809181008160809381008091DD
:1007700080008160809380008091B10084608093CC
:10078000B1008091B00081608093B00080919100B1
:1007900082608093910080919100816080939100AC
:1007A000809190008160809390008091A100826090
:1007B0008093A1008091A10081608093A10080912D
:1007C000A00081608093A0008091210182608093CD
:1007D000210180912101816080932101809120017C
:1007E00081608093200180917A00846080937A00F8
:1007F00080917A00826080937A0080917A00816093
:1008000080937A0080917A00806880937A001092B9
:10081000C1000E9491183324339409E111E088EF5C
:100820009DE00E94326A892B51F00E94EE6F609326
:10083000A10C7093A20C8093A30C9093A40C8BE555
:100840009DE00E94326A892B51F00E94EE6F609306
:100850009D0C70939E0C80939F0C9093A00C8EEB3C
:100860009CE00E94326A892B51F00E94EE6F6093E7
:10087000990C70939A0C80939B0C90939C0C84EB36
:1008800092E10E948F6B892B51F00E94EE6F609372
:10089000950C7093960C8093970C9093980C0E94F3
:1008A000EE6FC0907F13D0908013E0908113F09092
:1008B00082136C197D098E099F0961367A4E810574
:1008C000910508F48CC00E94EE6F60937F137093C3
:1008D000801380938113909382130E94EE6F6B01BB
:1008E0007C0167ED79E185E99EE00E94727280915A
:1008F000A10C9091A20CA091A30CB091A40C009714
:10090000A105B10509F4C1C036014701681A790A89
:100910008A0A9B0AC401B3014AE00E940F7263ED88
:1009200079E185E99EE00E94727280919D0C909120
:100930009E0CA0919F0CB091A00C0097A105B10551
:1009400009F4A8C046015701881A990AAA0ABB0AE5
:10095000C501B4014AE00E940F726FEC79E185E9AC
:100960009EE00E9472728091990C90919A0CA091D5
:100970009B0CB0919C0C0097A105B10509F48FC0A8
:10098000A7019601281B390B4A0B5B0BCA01B90161
:100990004AE00E940F726BEC79E185E99EE00E94CB
:1009A00072728091950C9091960CA091970CB091D9
:1009B000980C0097A105B10509F476C036014701EE
:1009C000681A790A8A0A9B0AC401B3014AE00E94A4
:1009D0000F7266E373E085E99EE00E9400720E9458
:1009E000EE6F4B015C018091591390915A13A091C5
:1009F0005B13B0915C1375016401C81AD90AEA0A45
:100A0000FB0AD701C60184369105A105B10508F49A
:100A100087C08092591390925A13A0925B13B092A0
:100A20005C132DE53CE03C8B2B8B45E353E15C8F65
:100A30004B8F83E892E09A8F898F58E8452E53E1D7
:100A4000552E612C712CAB89BC898D91BC8BAB8BE5
:100A5000882309F44DC0E98DFA8D2080F2E22F122F
:100A600028C064E170E081E090E00E9416128823C3
:100A700001F160E082E20E94D96DAB8DBC8D8D9258
:100A80009D92AD92BC92139733C06FE372E48FE0F6
:100A900090E042CF6FE372E48FE090E05BCF6FE3D2
:100AA00072E48FE090E074CF6FE372E48FE090E047
:100AB0008DCF822D0E94B06DAB8DBC8DCD90DD9021
:100AC000ED90FC90A50194012C193D094E095F0998
:100AD0002D8B3E8B4F8B588F019709F086C0243F9A
:100AE00031404105510520F060E0822D0E94D96D12
:100AF000EB8DFC8D3496FC8FEB8F298D3A8D2F5F1B
:100B00003F4F3A8F298F36E9430E511C611C711CEF
:100B10004EEC441648E154066104710409F093CF89
:100B20008091370C8823E1F10E94EE6FC090310C68
:100B3000D090320CE090330CF090340C6C197D099D
:100B40008E099F09643F71408105910548F10E941B
:100B5000EE6F6093310C7093320C8093330C909352
:100B6000340CE090350CF090360C61E0E0FC60E075
:100B70008BE30E94D96D8FEFE81AF80AF092360CD9
:100B8000E092350C96E0E916F10454F01092370C1F
:100B900060E08BE30E94D96D1092360C1092350CF8
:100BA00080916D13882309F47AC00E94EE6F4B0187
:100BB0005C018091691390916A13A0916B13B091BD
:100BC0006C1375016401C81AD90AEA0AFB0AD70135
:100BD000C60188389341A105B105A0F010926D13AC
:100BE00061E08DE30E94D96D5AC0CD88DE88EF8820
:100BF000F88CC414D504E604F70408F479CF61E056
:100C0000822D39CF8091651390916613A09167135F
:100C1000B091681375016401C81AD90AEA0AFB0A7F
:100C200068EC70E080E090E00E9472706A567F4F3E
:100C30008F4F9F4FC616D706E806F90680F18092BF
:100C4000651390926613A0926713B09268130E9486
:100C5000A1962AE030E040E050E00E9465986630BE
:100C60007105810591050CF0BBCF60E08DE30E941A
:100C7000D96D68EE73E080E090E00E947270685178
:100C80007C4F8F4F9F4F860E971EA81EB91E8092D5
:100C9000651390926613A0926713B09268138091C7
:100CA000240C882309F49BC00E94EE6FC0905D1352
:100CB000D0905E13E0905F13F09060136C197D0983
:100CC0008E099F096E3171058105910508F487C071
:100CD0000E94EE6F60935D1370935E1380935F13B9
:100CE00090936013412C512C3201B12CA12C2091F6
:100CF000741230917512C090200CD090210CE090AD
:100D0000220CF090230CA216B30640F550E040E010
:100D1000C301B2010E946598C9018C0D9D1D0E94FE
:100D2000D76B6B017C010E944E779B01AC01B50132
:100D300082E792E10E94BF77C701B6010E944E7719
:100D40009B01AC01B5018CE592E10E94BF773FEFBA
:100D5000A31AB30A4FEF641A740AC9CF82E792E16B
:100D60000E942B788CE592E10E942B785CE2C50E04
:100D700052E0D51EE11CF11CC092200CD092210C37
:100D8000E092220CF092230CC114D10482E0E80618
:100D9000F1042CF11092240CF12CE12C2AEF30E01C
:100DA00040E050E0B7018CE592E10E94BF779FEFF1
:100DB000E91AF90AADE0EA16F10481F720E830E01B
:100DC000A90170E060E082E792E10E94BF778CE5C4
:100DD00092E10E942B7882E792E10E942B78809129
:100DE000940C882309F442C00E94EE6FC090900CCE
:100DF000D090910CE090920CF090930C6C197D09BE
:100E00008E099F0960347F418105910508F4D0C0A7
:100E10001092940C60E083E00E94D96D109216024B
:100E20000E94EE6F60938C0C70938D0C80938E0CEF
:100E300090938F0C0E94EE6F6093880C7093890CD6
:100E400080938A0C90938B0C1092870C80E392E134
:100E50000E9474778AE192E10E94747780E392E1C4
:100E60000E942B788AE192E10E942B789091860C67
:100E70008091850C981791F160EB79E185E99EE00E
:100E80000E9472726091860C70E090E080E04AE00F
:100E90000E940F7266E373E085E99EE00E94007293
:100EA0006AE070E080E090E00E94BC6F69EA79E15E
:100EB00085E99EE00E9472726091860C70E090E07D
:100EC00080E04AE00E940F7266E373E085E99EE0ED
:100ED0000E9400728091860C8093850C8091860C14
:100EE000893111F01092840C8091830C8823C9F110
:100EF0000E94EE6FC0907F0CD090800CE090810C2F
:100F0000F090820C6C197D098E099F09693B7B402A
:100F10008105910530F180917D0C90917E0C0A97AE
:100F20000CF04DC065E979E185E99EE00E9496727A
:100F300068E879E18BE59DE00E9496720E94EE6F71
:100F400060937F0C7093800C8093810C9093820C43
:100F500080917D0C90917E0C019690937E0C8093F5
:100F60007D0CE091860CEB3108F040C0F0E0882762
:100F7000E354F8478F4F0C94269AF4875988028AD5
:100F8000B08A458B488BC68BC98BCC8BFE8C018D70
:100F9000048D078DC28DEF8EE89078917C912F9211
:100FA000339266929493F687F687F687B793C39346
:100FB00061E083E00E94D96D0E94451157CF64E73C
:100FC00079E185E99EE00E94967210927E0C109263
:100FD0007D0C0E94EE6F60937F0C7093800C809369
:100FE000810C9093820CBDCF0E9456648091570C67
:100FF000882309F448C00E94EE6FC090530CD09033
:10100000540CE090550CF090560C3B014C016C18C0
:101010007D088E089F08740163016EE170E080E036
:1010200090E00E9472706A567F4F8F4F9F4FC61696
:10103000D706E806F90638F164E670E080E090E053
:101040000E9472709B01AC012A563F4F4F4F5F4F79
:10105000A901332722272227332755273E6161E440
:1010600070E08AE192E10E94BF778AE192E10E94FA
:101070002B780E94EE6F6093530C7093540C809306
:10108000550C9093560C8091860C8150833170F4EE
:1010900068E373E0CE0101960E94D271CE01019601
:1010A0000E944A16CE0101960E94CA710E94F56AFA
:1010B000B6CB84EE91E10E94B2748091E51184FF79
:1010C00004C084EE91E10E94B2748091E41184FF27
:1010D00099C08F7E8093E41180912A0C811192C077
:1010E00068EE76E185E99EE00E94967261E085E215
:1010F0000E94D96D10932A0CE091FB118E2F90E085
:10110000FC01EE0FFF1FE80FF91FEE5CF04F80812E
:1011100086FF0E94206F62E370E080E090E00E9412
:10112000BC6F82E890E00E944B6D0E94EE6F4B0115
:101130005C010E94EE6F681979098A099B09683B76
:101140007B4081059105E8F585E99EE00E94326AC1
:10115000892B79F365E97EE0CE0107960E94E37161
:1011600061E573E0CE0101960E94D271BE016F5F0E
:101170007F4FCE0107960E94E9707C01CE01019657
:101180000E94CA71EF20E094B9F0E091FB118E2F1C
:1011900090E0FC01EE0FFF1FE80FF91FEE5CF04F2F
:1011A00080818F7B80830E94FF150E94E32C009337
:1011B000860CCE010796D7C0CE0107960E94CA7151
:1011C000B8CFE091FB118E2F90E0FC01EE0FFF1FD6
:1011D000E80FF91FEE5CF04F808186FF02C08F7B25
:1011E00080831092290C0E94EE6F609361137093BC
:1011F000621380936313909364138091860C8F5FC6
:101200008093860C0E94EE6FC090250CD090260C27
:10121000E090270CF090280C6C197D098E099F092D
:10122000603C744D81409105A0F08091290C8111A2
:1012300006C062ED76E185E99EE00E9496720E940A
:10124000EE6F6093250C7093260C8093270C90937F
:10125000280C85E99EE00E94326A892B09F4C6CEEB
:1012600065E97EE0CE010D960E94E371CE010D96F8
:101270000E948C7061EF79E0CE010D960E941F7183
:10128000882309F499C068EC76E185E99EE00E9424
:10129000967261E085E20E94D96D10932A0CE0916C
:1012A000FB118E2F90E0FC01EE0FFF1FE80FF91FDE
:1012B000EE5CF04F808186FF0E94206F62E370E059
:1012C00080E090E00E94BC6F82E890E00E944B6D4D
:1012D0000E94EE6F4B015C010E94EE6F6819790964
:1012E0008A099B09683B7B408105910508F043C052
:1012F00085E99EE00E94326A892B71F365E97EE000
:10130000CE0107960E94E37161E573E0CE0101967C
:101310000E94D271BE016F5F7F4FCE0107960E947F
:10132000E9707C01CE0101960E94CA71EF20E09421
:10133000E9F0E091FB118E2F90E0FC01EE0FFF1F12
:10134000E80FF91FEE5CF04F80818F7B80830E9455
:10135000FF150E94E32C0093860CCE0107960E9495
:10136000CA71CE010D960E94CA7140CECE01079679
:101370000E94CA71B1CFE091FB118E2F90E0FC0169
:10138000EE0FFF1FE80FF91FEE5CF04F808186FF24
:1013900002C08F7B80831092290C0E94EE6F6093B5
:1013A000611370936213809363139093641380911D
:1013B000860C8F5F8093860C6AE973E0CE010D96F0
:1013C0000E941F7181111092150262EA73E0CE0132
:1013D0000D960E941F7181111093150261E573E053
:1013E000CE010D960E941F71882339F00E94FF15CF
:1013F0000E94E32C0093860CB4CFCE010D960E9480
:10140000CA7127CF0E94EE6FC0906113D090621313
:10141000E0906313F09064136C197D098E099F09A5
:10142000603375478105910560F080912C0C88230D
:1014300041F064E077E185E99EE00E9496721092A7
:101440002C0C64E170E090E080E00E94161288238A
:1014500011F40C940B9510920F0285E99EE00E9406
:10146000326A892B09F4C2CD65E97EE0CE01079688
:101470000E94E371CE0107960E948C7061E07AE0D1
:10148000CE0107960E941F718823A9F066EF76E1CE
:1014900085E99EE00E94967261E08BE30E94D96D1F
:1014A00060E085E20E94D96D8091860C8F5F809309
:1014B000860C10930F026AE973E0CE0107960E9432
:1014C0001F7181111092150262EA73E0CE01079636
:1014D0000E941F718111109315026DE07AE0CE0118
:1014E00007960E941F71882391F010932C0C62EFD5
:1014F00076E185E99EE00E9496720E94EE6F60930D
:10150000611370936213809363139093641361E586
:1015100073E0CE0101960E94D271BE016F5F7F4FD2
:10152000CE0107960E94E9707C01CE0101960E94CF
:10153000CA71EF20E09479F010922C0C10930F02F6
:101540000E94D47C10922B0C1092940C60E083E0EB
:101550000E94D96D28CECE0107960E94CA717DCF18
:1015600064E170E082E090E00E941612811129C0CF
:101570006BE177E185E99EE00E9496728091370CDD
:10158000811110C01093370C1092360C1092350C4C
:101590000E94EE6F6093310C7093320C8093330C89
:1015A0009093340C0E94EE6F60932D0C70932E0C70
:1015B00080932F0C9093300C8091860C8F5F8093DA
:1015C000860C85E99EE00E94326A892B09F40ECDD3
:1015D00065E97EE0CE0101960E94E371CE0101969D
:1015E0000E948C706DE17AE0CE0101960E941F711D
:1015F000882349F164E177E185E99EE00E949672D3
:101600008091370C811110C01093370C1092360C5A
:101610001092350C0E94EE6F6093310C7093320C77
:101620008093330C9093340C0E94EE6F60932D0CDA
:1016300070932E0C80932F0C9093300C8091860C1D
:101640008F5F8093860C6AE973E0CE0101960E9459
:101650001F7181111092150262EA73E0CE010196AA
:101660000E941F7181111093150261E573E0CE0194
:1016700001960E941F71882319F00E94FF1568C00F
:10168000CE0101960E94CA719CCF0E94F75CAECC3D
:1016900080913A0C8823B9F08091390C882399F015
:1016A0008091380C882379F010923A0C1092390C02
:1016B0001092380C86E08093860C62E277E185E92F
:1016C0009EE00E94967285E99EE00E94326A892B14
:1016D00009F48CCC65E97EE0CE0101960E94E371AD
:1016E000CE0101960E948C7063ED76E0CE010196EA
:1016F0000E941F7181110E94A67C6AE27AE0CE01ED
:1017000001960E941F71811110933A0C67E37AE0F1
:10171000CE0101960E941F7181111093390C60E473
:101720007AE0CE0101960E941F7181111093380C4E
:1017300061E573E0CE0101960E941F71882379F064
:101740000E94FF1510923A0C1092390C1092380C2E
:101750000E94E32C0093860CCE01019604CE6AE928
:1017600073E0CE0101960E941F7181111092150243
:1017700062EA73E0CE0101960E941F7181111093FD
:101780001502CE0101960E94CA719DCF0E94775A20
:101790002DCC0E94E74E2ACC0E94EE6F20913D0C8A
:1017A00021112FC020911002211111C0C0903E0CB8
:1017B000D0903F0CE090400CF090410C6C197D09EA
:1017C0008E099F096033754781059105D0F063E06C
:1017D00070E080E090E00E9472706130710509F461
:1017E000AAC06230710509F4A9C0672B31F463E522
:1017F00077E185E99EE00E94967210933D0C10926D
:1018000010020E94EE6FC090530CD090540CE090E8
:10181000550CF090560C3B014C016C187D088E085D
:101820009F08740163016EE170E080E090E00E9427
:1018300072706A567F4F8F4F9F4FC616D706E806C5
:10184000F90638F164E670E080E090E00E94727082
:101850009B01AC012A563F4F4F4F5F4FA9013327E1
:1018600022272227332755273E6170E060E088E871
:1018700092E10E94BF7788E892E10E942B780E9453
:10188000EE6F6093530C7093540C8093550C9093AF
:10189000560C83E40E94B06D892B19F120E030E0F2
:1018A000A90170E060E088E892E10E94BF7788E8D3
:1018B00092E10E942B7867E377E185E99EE00E9440
:1018C000967288248A94982C90923C0C80923B0CBF
:1018D0008091860C8F5F8093860C10923D0C109344
:1018E000100285E99EE00E94326A892B09F46AC3DE
:1018F00065E97EE0CE0101960E94E371CE0101967A
:101900000E948C7069E47AE0CE0101960E941F71FA
:101910008823B9F00E94EE6F60933E0C70933F0CE9
:101920008093400C9093410C10923D0CCE01019697
:101930000E94CA71D6CF68E477E15BCF6DE377E1AF
:1019400058CF63ED76E0CE0101960E941F71882387
:1019500019F00E94A67CEACF6AE275E0CE010196FA
:101960000E941F71882301F120E030E0A90170E09E
:1019700060E088E892E10E94BF7788E892E10E94E7
:101980002B7861E377E185E99EE00E949672AA24B4
:10199000AA94BA2CB0923C0CA0923B0C8091860C7D
:1019A0008F5F8093860CC2CF61E573E0CE01019614
:1019B0000E941F71882359F00E94FF150E94E32C9A
:1019C0000093860C10923D0C10931002C5CE6AE96C
:1019D00073E0CE0101960E941F71882319F01092C6
:1019E0001502A4CF62EA73E0CE0101960E941F7136
:1019F000882309F49BCF1093150298CF0E9463406F
:101A0000F5CA0E943D4AF2CA0E942B62EFCAC090FA
:101A1000420CD090430CE090440CF090450CC11463
:101A2000D104E104F10449F10E94EE6F6C197D09C3
:101A30008E099F09683A714681059105F0F062E4CC
:101A400070E085E090E00E941612811116C06AE7EE
:101A500077E185E99EE00E94967281E490E00E9421
:101A6000361661E08DE30E94D96D1092420C1092FF
:101A7000430C1092440C1092450C62E470E085E037
:101A800090E00E941612882379F061E777E185E9FA
:101A90009EE00E94967260E08DE30E94D96D809175
:101AA000860C8F5F8093860C85E99EE00E94326AE7
:101AB000892B09F487C265E97EE0CE0101960E9478
:101AC000E371CE0101960E948C7067E57AE0CE0149
:101AD00001960E941F71882379F068E677E185E915
:101AE0009EE00E94967260E08DE30E94D96D809125
:101AF000860C8F5F8093860C65E67AE0CE010196B6
:101B00000E941F71882341F081E490E00E94361604
:101B100061E08DE30E94D96D60E178E0CE0101962D
:101B20000E941F71882331F06EE577E185E99EE020
:101B30000E94967263ED76E0CE0101960E941F71BD
:101B400081110E94A67C61E573E0CE0101960E949E
:101B50001F71811192CD6AE973E0CE0101960E9456
:101B60001F7181111092150262EA73E0CE01019695
:101B70000E941F71811110931502CE0101960E94DF
:101B8000CA7192CF8091480C9091490C009709F44A
:101B9000ACC0019709F4D7C085E99EE00E94326A83
:101BA000892B09F40FC265E97EE0CE0101960E94FF
:101BB000E371CE0101960E948C7062E77AE0CE015B
:101BC00001960E941F718823D1F010936D130E941B
:101BD000EE6F6093691370936A1380936B13909305
:101BE0006C130E94EE6F609365137093661380937D
:101BF00067139093681361E08DE30E94D96D63EDE4
:101C000076E0CE0101960E941F7181110E94A67C90
:101C100068E87AE0CE0101960E941F718823D1F115
:101C200061EA77E188EF9DE00E9496728EE190E094
:101C30000E94361661E084E20E94D96D61E087E27D
:101C40000E94D96D61E084E00E94D96D61E085E277
:101C50000E94D96D61E08BE30E94D96D61E08DE354
:101C60000E94D96DF12CE12C2FE835EC4FEF50E0BC
:101C7000B7018CE592E10E94BF773FEFE31AF30AC8
:101C80004DE0E416F10481F78CE592E10E942B7897
:101C90001092460C61E97AE0CE0101960E941F7114
:101CA000882389F065E977E185E99EE00E949672D4
:101CB0001093570C1092490C1092480C8091860C8E
:101CC0008F5F8093860C61E573E0CE0101960E94E0
:101CD0001F71882309F46CC01092460C1092490CB5
:101CE0001092480C1092470CC8CC61E270E083E07F
:101CF00090E00E941612811123C08091470C81113F
:101D00000AC069EB77E185E99EE00E949672109324
:101D1000470C1093460C61E270E083E090E00E9473
:101D20001612882309F438CF8091460C882309F4D1
:101D300033CF81E090E09093490C8093480C2CCFF6
:101D40001092470CE8CF61E270E082E090E00E94E0
:101D50001612811115C06DEA77E185E99EE00E94B7
:101D600096721093570C1092490C1092480C1092D6
:101D7000460C1092470C8091860C8F5F8093860CE6
:101D800061E270E083E090E00E94161281110DC0C4
:101D90008091470C811100CF68EA77E185E99EE0E8
:101DA0000E9496721093470CF7CE1092470CF4CE17
:101DB0006AE973E0CE0101960E941F7181111092B1
:101DC000150262EA73E0CE0101960E941F71811133
:101DD00010931502CE0101960E94CA71DDCE0E94B9
:101DE000EE6F6B017C0185E99EE00E94326A892BCF
:101DF00009F47BC065E97EE0CE0101960E94E371A3
:101E0000CE0101960E948C7065E97AE0CE010196C0
:101E10000E941F718823E9F08FE390E00E9436163C
:101E200061E087E00E94D96D6CE578E185E99EE08C
:101E30000E9496728091860C8F5F8093860C109220
:101E40004E0C10924D0C10924C0C10924B0C1092A8
:101E50004A0C61E573E0CE0101960E941F71882350
:101E600069F110924B0C10924A0C10924D0C10928A
:101E70004C0C1092761310927713109278131092E4
:101E800079131092721310927313109274131092AC
:101E9000751310926E1310926F13109270131092AC
:101EA00071131093140210931302109312021093E3
:101EB00011020E94EE6F10924E0CDFCB6AE973E0C4
:101EC000CE0101960E941F7181111092150262EAE3
:101ED00073E0CE0101960E941F71811110931502CB
:101EE000CE0101960E94CA717ECF61E270E090E05F
:101EF00080E00E941612B82EB32461E270E081E007
:101F000090E00E941612832590911402B91641F0B8
:101F1000C0927213D0927313E0927413F0927513FF
:101F200040917213509173136091741370917513F3
:101F300036014701641A750A860A970AB401A3019B
:101F40004F3151056105710528F090911202B912C7
:101F5000B0921202B092140290911302891741F0CC
:101F6000C0926E13D0926F13E0927013F0927113BF
:101F700040916E1350916F136091701370917113B3
:101F800046015701841A950AA60AB70AB501A401A9
:101F90004F3151056105710528F090911102981398
:101FA000809311028093130290911202809111028A
:101FB00020914A0C30914B0C2130310529F134F439
:101FC000232BA1F00E9491270C94F6872230310533
:101FD00009F4A9C023303105A9F791110AC0811174
:101FE0003BC510924B0C10924A0C0BC0992309F47C
:101FF00030C58111E7CF81E090E090934B0C809346
:102000004A0C10924E0CDECF882309F464C064E5BC
:1020100078E185E99EE00E94967280914C0C909147
:102020004D0C9C012D7F232B21F08430910509F06C
:1020300045C0019690934D0C80934C0C019731F460
:1020400067E478E185E99EE00E94967280914C0CED
:1020500090914D0C039731F46AE378E185E99EE0B5
:102060000E94967280914C0C90914D0C059731F422
:102070006DE278E185E99EE00E94967280914C0CB9
:1020800090914D0C0597B9F48FE390E00E943616BD
:1020900061E087E00E94D96D62E278E185E99EE027
:1020A0000E9496728091860C8F5F8093860C1092AE
:1020B0004D0C10924C0C83E090E09FCF6DE078E1E6
:1020C00085E99EE00E94967261E078E185E99EE0F4
:1020D0000E949672ECCF80914E0C91110DC081112F
:1020E0000EC010934E0CC0927613D0927713E092EC
:1020F0007813F092791366CF882309F463CF809127
:10210000761390917713A0917813B0917913C81A30
:10211000D90AEA0AFB0A2DEDC21625E0D206E1042F
:10212000F10448F64FCF992399F169EF77E185E9FA
:102130009EE00E94967280914C0C90914D0C9C01F7
:102140002D7F21303105D9F4019690934D0C809369
:102150004C0C029731F46CEE77E185E99EE00E9429
:10216000967280914C0C90914D0C049709F0A3CF7E
:102170006FED77E185E99EE00E9496729CCF6AEC54
:1021800077E185E99EE00E9496726EEB77E19ECF43
:1021900090914E0C811118C0992309F4A2CF80911F
:1021A000761390917713A0917813B0917913C81A90
:1021B000D90AEA0AFB0A3DEDC31635E0D306E1046D
:1021C000F10408F078CFFECE992309F4FBCEE7CFD7
:1021D00061E270E084E090E00E941612882361F1D1
:1021E0000E94EE6FC0907A13D0907B13E0907C1326
:1021F000F0907D136C197D098E099F09653F714030
:1022000081059105C8F065E878E185E99EE00E94C6
:10221000967288E390E00E9436168091860C8F5F5C
:102220008093860C0E94EE6F60937A1370937B13F9
:1022300080937C1390937D1385E99EE00E94326A1F
:10224000892B09F4BFCE65E97EE0CE0101960E949C
:10225000E371CE0101960E948C706BE97AE0CE01A9
:1022600001960E941F718823A1F06AE778E185E951
:102270009EE00E94967288E390E00E94361680915C
:10228000860C8F5F8093860CCE0101960E94CA71E6
:10229000D3CF61E573E0CE0101960E941F718823C0
:1022A00049F010927A1310927B1310927C131092C3
:1022B0007D13E3C96AE973E0CE0101960E941F71A4
:1022C000882349F01092150261E778E185E99EE0E4
:1022D0000E949672D9CF62EA73E0CE0101960E9405
:1022E0001F71882389F21093150267E678E1EECF1B
:1022F0000E946B330C94F6870E94EE6FC0904F0CD7
:10230000D090500CE090510CF090520C6C197D095B
:102310008E099F0960327E448105910580F06CEA48
:1023200078E185E99EE00E9496720E94EE6F6093CC
:102330004F0C7093500C8093510C9093520C65E1AC
:1023400070E087E090E00E941612811102C01093A5
:102350007E1365E170E087E090E00E94161288230A
:1023600089F080917E13882369F062EA78E185E93B
:102370009EE00E94967210927E138091860C8F5F71
:102380008093860C85E99EE00E94326A892B09F4CD
:1023900019CE65E97EE0CE0101960E94E371CE017F
:1023A00001960E948C7064E673E0CE0101960E9453
:1023B0001F718823E9F06EE978E185E99EE00E94CB
:1023C00096721093940C0E94EE6F6093900C709331
:1023D000910C8093920C9093930C6AE978E18BE5D1
:1023E0009DE00E9496728091860C8F5F8093860C90
:1023F00064EA7AE0CE0101960E941F71882369F099
:1024000060E978E185E99EE00E94967210927E1361
:102410008091860C8F5F8093860C61E573E0CE011E
:1024200001960E941F71882319F010927E1325C90E
:102430006AE973E0CE0101960E941F71811110922A
:10244000150262EA73E0CE0101960E941F718111AC
:1024500010931502CE0101960E94CA7193CF0E947B
:102460002D240C94F6870E94B51F0C94F68761E525
:1024700073E0CE0101960E94D271BE016F5F7F4F63
:10248000CE0107960E94E9707C01CE0101960E9460
:10249000CA71EF20E094B1F00E94D47C0E94FF1535
:1024A00085E99EE00E94326A892B29F085E99EE049
:1024B0000E94106AF5CF1092840C0E94E32C0093C6
:1024C000860C20C1CE0107960E94CA7185E99EE064
:1024D0000E94326A892B09F419C10E94D21565E95C
:1024E0007EE0CE0107960E94E371CE0107960E941E
:1024F0008C7062E075E0CE0101960E94D271BE013F
:102500006F5F7F4FCE0107960E94E9707C01CE017C
:1025100001960E94CA71EF20E09409F4A8CFEDE57E
:10252000FCE011929CE0E636F907D9F76EE679E116
:1025300088EF9DE00E94967264E170E080E090E098
:102540000E94BC6F68E679E18BE59DE00E9496727F
:1025500064E170E080E090E00E94BC6F62E679E1A7
:102560008EEB9CE00E94967264E170E080E090E067
:102570000E94BC6F6CE579E184EB92E10E94967257
:1025800062E370E080E090E00E94BC6F66E579E174
:1025900084EB92E10E94967289E20E94B06D892BD1
:1025A00031F06CE479E185E99EE00E94967288E260
:1025B0000E94B06D892B31F463E479E185E99EE0F6
:1025C0000E94967261E270E084E090E00E94161230
:1025D000882331F068E379E185E99EE00E949672F4
:1025E00065E170E087E090E00E941612882331F0E8
:1025F00060E379E185E99EE00E94967262E470E012
:1026000085E090E00E941612882331F067E279E1BC
:1026100085E99EE00E94967264E170E081E090E0BE
:102620000E941612882331F06CE179E185E99EE081
:102630000E94967262E470E083E090E00E941612BD
:102640008823F1F062E470E090E080E00E941612CE
:102650008823B1F062E470E081E090E00E941612FD
:10266000882371F062E470E082E090E00E9416122C
:10267000882331F062E179E185E99EE00E9496725B
:1026800060E087E20E94D96D60E084E20E94D96D2B
:1026900060E083E00E94D96D60E084E00E94D96D23
:1026A00060E087E00E94D96D60E085E20E94D96D0C
:1026B00060E08BE30E94D96D60E08DE30E94D96DEC
:1026C0009CE8E92E92E0F92ED701CD90DD907D01B6
:1026D000C6010E947477C6010E942B78BAE9EB16F6
:1026E000B2E0FB0689F710925C0C0E94EE6F6093DB
:1026F000580C7093590C80935A0C90935B0CEAE140
:10270000E093860CCE0107960E94CA718091860CD8
:10271000843111F00C94F68761E083E00E94D96D5A
:102720000E94021D0C94F68785E99EE00E94326AA1
:10273000892B11F40C94F68765E97EE0CE010196B1
:102740000E94E371CE0101960E948C7061E573E0F6
:10275000CE0101960E941F71882321F00E94FF156F
:102760000E94E32CCE0101960E94CA71DDCF0E9427
:10277000E32C0C94F6871092840C0C94D588CE012F
:1027800007960E94CA7185E99EE00E94326A892BF1
:1027900071F165E97EE0CE0107960E94E371CE01FA
:1027A00007960E948C7061E573E0CE0101960E944D
:1027B000D271BE016F5F7F4FCE0107960E94E97014
:1027C0007C01CE0101960E94CA71EF20E094B9F21B
:1027D0000E94D47C0E94FF1585E99EE00E94326A27
:1027E000892B49F285E99EE00E94106AF5CF0E948C
:1027F000EE6FC090580CD090590CE0905A0CF090AD
:102800005B0C6C197D098E099F09693B7B40810532
:10281000910550F06DEF78E185E99EE00E94967297
:102820001092860C0C94F68788EF9DE00E94326A25
:10283000892B59F168EF7DE0CE0101960E94E3718A
:10284000CE0101960E948C708D819E81892BC9F0EA
:1028500063EC77E0CE0101960E941F7166EF78E18C
:1028600081110BC061ED77E0CE0101960E941F71CE
:10287000882309F49CC06BEE78E185E99EE00E9414
:102880009672CE0101960E94CA718BE59DE00E946E
:10289000326A892B59F16BE57DE0CE0101960E94E9
:1028A000E371CE0101960E948C708D819E81892BEF
:1028B000C9F063EC77E0CE0101960E941F7164EECF
:1028C00078E181110BC061ED77E0CE0101960E94A5
:1028D0001F71882309F473C069ED78E185E99EE0F2
:1028E0000E949672CE0101960E94CA718EEB9CE006
:1028F0000E94326A892B59F16EEB7CE0CE01019681
:102900000E94E371CE0101960E948C708D819E81A0
:10291000892BC9F063EC77E0CE0101960E941F710C
:1029200062ED78E181110BC061ED77E0CE01019697
:102930000E941F71882309F44AC067EC78E185E999
:102940009EE00E949672CE0101960E94CA7184EBAD
:1029500092E10E948F6B892B11F40C94F68764EB43
:1029600072E1CE0101960E94E371CE0101960E94B0
:102970008C708D819E81892B11F40C94AC8B63EC4F
:1029800077E0CE0101960E941F71811108C06EEBA5
:1029900077E0CE0101960E941F71882301F160EC5F
:1029A00078E185E99EE00E9496720C94AC8BBE01A2
:1029B0006F5F7F4F85E99EE00E94557262CFBE0136
:1029C0006F5F7F4F85E99EE00E9455728BCFBE01FD
:1029D0006F5F7F4F85E99EE00E945572B4CF61ED35
:1029E00077E0CE0101960E941F71811111C06CEC3D
:1029F00077E0CE0101960E941F71811109C0BE01CE
:102A00006F5F7F4F85E99EE00E9455720C94AC8BFE
:102A100065EB78E1C6CF80910F0281110C942D8A6D
:102A20006DEF76E185E99EE00E94967261E08BE3AE
:102A30000E94D96D60E085E20E94D96D10922C0C45
:102A40008091860C8F5F8093860C10930F020C94FC
:102A50002D8A882309F4B6CA82E090E0CECACF93CB
:102A6000DF93EC0189859A850E94CA9A8E819F81A5
:102A700097FD05C060E0DF91CF910C94C16EDF91AE
:102A8000CF910895CF93DF93CCEEDFE02697CE0170
:102A90000E94CA712FE0C23CD207C1F784E090E1E6
:102AA0000E94CA718EEF9FE00E94CA7188EF9FE07A
:102AB0000E94CA7182EF9FE00E94CA718CEE9FE073
:102AC0000E94CA7186E190E10E94CA7180E190E1A2
:102AD0000E94CA718AE090E10E94CA7188E290E186
:102AE0000E94CA7182E290E10E94CA718CE190E179
:102AF0000E94CA718AE390E10E94CA7184E390E166
:102B00000E94CA718EE290E10E94CA718CE490E149
:102B10000E94CA7186E490E10E94CA7180E490E14B
:102B20000E94CA718EE590E10E94CA7188E590E129
:102B30000E94CA7182E590E10E94CA71CEE8D0E19C
:102B40002697CE010E94CA7180E1C436D807C1F72A
:102B5000CEEBD0E12697CE010E94CA7120E1CE389B
:102B6000D207C1F7C2EED0E12697CE010E94CA710A
:102B700080E1CE3BD807C1F782EE90E10E94CA7196
:102B80008DE893E10E94CA718AEE90E10E94CA71B9
:102B90008AE192E10E942F9580E392E10E942F95B5
:102BA00086E492E10E942F958CE592E10E942F9598
:102BB00082E792E10E942F9588E892E10E942F958A
:102BC0008EE992E10E942F9580EB92E09093B512EE
:102BD0008093B41280911E0C90911F0C845B9241E3
:102BE00071F4E091C712F091C81290818091C912DE
:102BF00080958923808310921F0C10921E0C83ED08
:102C000092E10E94CA7189ED92E10E94CA718FED32
:102C100092E10E94CA7185EE92E10E94CA718BEE28
:102C200092E1DF91CF910C94CA71CF92DF92EF9233
:102C3000FF92CF93DF936C01990FEE08FF08F7FE28
:102C400019C06DE285E99EE00E94886AEC01662762
:102C50007727CB016C197D098E099F094AE00E94F4
:102C60000F728C0F9D1FDF91CF91FF90EF90DF903F
:102C7000CF9008954AE0C701B601DF91CF91FF9050
:102C8000EF90DF90CF900C940F72CF93DF930E9460
:102C90001596EC0166E373E085E99EE00E94007200
:102CA0008C0F9D1FDF91CF9108958F929F92AF92CD
:102CB000BF92CF92DF92EF92FF92CF93DF93EC011E
:102CC000688179818A819B816115710581059105F2
:102CD00021F464E279ED8BE597E02DE133EF41E0FB
:102CE00050E00E94659849015A019B01AC01A7EA96
:102CF000B1E40E9484986B017C01ACEEB4EFA501B5
:102D000094010E949298C60ED71EE81EF91EF7FE87
:102D100006C081E0C81AD108E10880E8F80AC88234
:102D2000D982EA82FB82C701B6019F77DF91CF91FA
:102D3000FF90EF90DF90CF90BF90AF909F908F90DB
:102D400008958F929F92AF92BF92CF92DF92EF92AF
:102D5000FF926091190270911A0280911B0290916A
:102D60001C02611571058105910521F464E279ED7C
:102D70008BE597E02DE133EF41E050E00E9465984C
:102D800049015A019B01AC01A7EAB1E40E94849871
:102D90006B017C01ACEEB4EFA50194010E94929806
:102DA000C60ED71EE81EF91EF7FE06C081E0C81A3F
:102DB000D108E10880E8F80AC0921902D0921A02FC
:102DC000E0921B02F0921C02C701B6019F77FF90B0
:102DD000EF90DF90CF90BF90AF909F908F9008952D
:102DE0006093190270931A0280931B0290931C0245
:102DF00008951F93FC0199278827BC01E89411913D
:102E00001032E9F3193010F01E30C8F31B3251F0C4
:102E10001D3249F4689406C00E942097610F711D0D
:102E2000811D911D119110531A30B0F33EF490950D
:102E30008095709561957F4F8F4F9F4F1F9108959B
:102E4000592F482F372F262F660F771F881F991F5E
:102E5000660F771F881F991F620F731F841F951FAE
:102E6000660F771F881F991F089591110C94119870
:102E7000803219F089508550C8F708950E948097D4
:102E800008F481E00895E89409C097FB3EF490951A
:102E90008095709561957F4F8F4F9F4F9923A9F033
:102EA000F92F96E9BB279395F695879577956795C2
:102EB000B795F111F8CFFAF4BB0F11F460FF1BC006
:102EC0006F5F7F4F8F4F9F4F16C0882311F096E999
:102ED00011C0772321F09EE8872F762F05C0662347
:102EE00071F096E8862F70E060E02AF09A95660F00
:102EF000771F881FDAF7880F9695879597F90895B9
:102F0000990F0008550FAA0BE0E8FEEF16161706FA
:102F1000E807F907C0F012161306E407F50798F062
:102F2000621B730B840B950B39F40A2661F0232B7B
:102F3000242B252B21F408950A2609F4A140A695F7
:102F40008FEF811D811D08950E94B7970C942B98D7
:102F50000E941D9838F00E94249820F0952311F0CB
:102F60000C9414980C941A9811240C945F980E9455
:102F70003C9870F3959FC1F3950F50E0551F629FE9
:102F8000F001729FBB27F00DB11D639FAA27F00DC2
:102F9000B11DAA1F649F6627B00DA11D661F829FE9
:102FA0002227B00DA11D621F739FB00DA11D621FCE
:102FB000839FA00D611D221F749F3327A00D611DEB
:102FC000231F849F600D211D822F762F6A2F1124CD
:102FD0009F5750409AF0F1F088234AF0EE0FFF1F00
:102FE000BB1F661F771F881F91505040A9F79E3F57
:102FF000510580F00C9414980C945F985F3FE4F3B3
:10300000983ED4F3869577956795B795F795E795AC
:103010009F5FC1F7FE2B880F911D9695879597F9B5
:10302000089599278827089597F99F6780E870E0A9
:1030300060E008959FEF80EC089500240A9416162E
:10304000170618060906089500240A941216130696
:10305000140605060895092E0394000C11F4882324
:1030600052F0BB0F40F4BF2B11F460FF04C06F5F40
:103070007F4F8F4F9F4F089557FD9058440F551F16
:1030800059F05F3F71F04795880F97FB991F61F0EA
:103090009F3F79F087950895121613061406551F61
:1030A000F2CF4695F1DF08C0161617061806991FCD
:1030B000F1CF86957105610508940895E894BB27C2
:1030C00066277727CB0197F90895052E97FB1EF405
:1030D00000940E947C9857FD07D00E94979807FCA7
:1030E00003D04EF40C947C985095409530952195E2
:1030F0003F4F4F4F5F4F0895909580957095619524
:103100007F4F8F4F9F4F08950E94B998A59F900DB4
:10311000B49F900DA49F800D911D11240895B7FFB9
:103120000C9484980E948498821B930B0895A1E2CA
:103130001A2EAA1BBB1BFD010DC0AA1FBB1FEE1F31
:10314000FF1FA217B307E407F50720F0A21BB30B7C
:10315000E40BF50B661F771F881F991F1A9469F7F8
:1031600060957095809590959B01AC01BD01CF0154
:103170000895A29FB001B39FC001A39F700D811D50
:103180001124911DB29F700D811D1124911D089570
:103190005058BB27AA270E94E0980C942B980E94B5
:1031A0001D9838F00E94249820F039F49F3F19F4BC
:1031B00026F40C941A980EF4E095E7FB0C941498FE
:1031C000E92F0E943C9858F3BA17620773078407E7
:1031D000950720F079F4A6F50C945E980EF4E0952E
:1031E0000B2EBA2FA02D0B01B90190010C01CA01C1
:1031F000A0011124FF27591B99F0593F50F4503E6C
:1032000068F11A16F040A22F232F342F4427585F5D
:10321000F3CF469537952795A795F0405395C9F775
:103220007EF41F16BA0B620B730B840BBAF091502D
:10323000A1F0FF0FBB1F661F771F881FC2F70EC0CC
:10324000BA0F621F731F841F48F48795779567959F
:10325000B795F7959E3F08F0B0CF9395880F08F08B
:103260009927EE0F9795879508950E9449990C9498
:103270002B980E94249858F00E941D9840F029F441
:103280005F3F29F00C94149851110C945F980C94A2
:103290001A980E943C9868F39923B1F3552391F34F
:1032A000951B550BBB27AA2762177307840738F0B5
:1032B0009F5F5F4F220F331F441FAA1FA9F335D012
:1032C0000E2E3AF0E0E832D091505040E695001CC6
:1032D000CAF72BD0FE2F29D0660F771F881FBB1F80
:1032E000261737074807AB07B0E809F0BB0B802D5E
:1032F000BF01FF2793585F4F3AF09E3F510578F08A
:103300000C9414980C945F985F3FE4F3983ED4F3C8
:10331000869577956795B795F7959F5FC9F7880F5D
:10332000911D9695879597F90895E1E0660F771FAF
:10333000881FBB1F621773078407BA0720F0621B40
:10334000730B840BBA0BEE1F88F7E09508950E946B
:10335000AE996894B1110C945F9808950E944498B6
:1033600088F09F5798F0B92F9927B751B0F0E1F046
:10337000660F771F881F991F1AF0BA95C9F714C0F6
:10338000B13091F00E945E98B1E008950C945E987F
:10339000672F782F8827B85F39F0B93FCCF386952F
:1033A00077956795B395D9F73EF49095809570958C
:1033B00061957F4F8F4F9F4F08950E94809708F42B
:1033C0008FEF0895DB018F939F930E948498BF91A4
:1033D000AF91A29F800D911DA39F900DB29F900D64
:1033E00011240895991B79E004C0991F961708F0DD
:1033F000961B881F7A95C9F780950895AA1BBB1B59
:1034000051E107C0AA1FBB1FA617B70710F0A61BE4
:10341000B70B881F991F5A95A9F780959095BC0105
:10342000CD01089597FB072E16F4009407D077FD81
:1034300009D00E94FE9907FC05D03EF49095819535
:103440009F4F0895709561957F4F0895EE0FFF1F70
:10345000881F8BBF0790F691E02D19940F931F934F
:10346000CF93DF938230910510F482E090E0E091F9
:103470009513F091961330E020E0B0E0A0E0309793
:1034800099F42115310509F44AC0281B390B243061
:103490003105D8F58A819B816115710589F1FB01A0
:1034A00093838283FE0111C0408151810281138187
:1034B00048175907E0F04817590799F4109761F039
:1034C00012960C93129713961C933296CF01DF91AC
:1034D000CF911F910F910895009395131093961318
:1034E000F4CF2115310551F04217530738F0A901E7
:1034F000DB019A01BD01DF01F801C1CFEF01F9CF76
:103500009093961380939513CDCFFE01E20FF31F96
:10351000819391932250310939832883D7CF209109
:10352000931330919413232B41F420911F02309177
:103530002002309394132093931320911D02309115
:103540001E022115310541F42DB73EB740912102ED
:1035500050912202241B350BE0919313F0919413A8
:10356000E217F307A0F42E1B3F0B2817390778F05A
:10357000AC014E5F5F4F2417350748F04E0F5F1FB9
:103580005093941340939313819391939FCFF0E0C2
:10359000E0E09CCFCF93DF930097E9F0FC013297F6
:1035A00013821282A0919513B0919613ED0130E031
:1035B00020E01097A1F420813181820F931F209188
:1035C0009313309194132817390709F061C0F093D1
:1035D0009413E0939313DF91CF910895EA01CE17EE
:1035E000DF07E8F54A815B819E0141155105B1F77E
:1035F000E901FB83EA8349915991C40FD51FEC1768
:10360000FD0761F4808191810296840F951FE90185
:1036100099838883828193819B838A83F0E0E0E0B1
:1036200012968D919C9113970097B9F52D913C912D
:103630001197CD010296820F931F20919313309121
:1036400094132817390739F6309751F510929613CD
:1036500010929513B0939413A0939313BCCFD3837C
:10366000C28340815181840F951FC817D90761F427
:103670004E5F5F4F88819981480F591F5183408366
:103680008A819B81938382832115310509F0B0CF14
:10369000F0939613E09395139ECFFD01DC01C0CF0C
:1036A00013821282D7CF4F925F926F927F928F9246
:1036B0009F92AF92BF92CF92DF92EF92FF920F93C1
:1036C0001F93CF93DF938C01009799F4CB01DF9187
:1036D000CF911F910F91FF90EF90DF90CF90BF900F
:1036E000AF909F908F907F906F905F904F900C94D1
:1036F0002E9AFC01E60FF71F9C0122503109E217B8
:10370000F30708F4AEC0D901CD91DC911197C6172B
:10371000D70720F1C530D10578F0CE010497861780
:10372000970750F0C61BD70B2297C193D1936D9387
:103730007C93CF010E94CA9AC801DF91CF911F915B
:103740000F91FF90EF90DF90CF90BF90AF909F9040
:103750008F907F906F905F904F9008955B01AC1AAF
:10376000BD0A4C018C0E9D1EA0919513B09196132D
:10377000512C412CF12CE12C109731F580919313B1
:10378000909194138815990509F05CC04616570668
:1037900008F058C080911D0290911E02009741F4DC
:1037A0008DB79EB74091210250912202841B950B48
:1037B000E817F90708F055C0F0939413E0939313BA
:1037C000F90171836083B8CF8D919C911197129606
:1037D0006C90129713967C901397A815B90559F51C
:1037E0006C0142E0C40ED11CCA14DB0420F1AC0110
:1037F0004A195B09DA011296159780F0628273828A
:1038000051834083D9016D937C93E114F10471F0ED
:10381000D7011396FC93EE9312978ECF22968C0FBE
:103820009D1FF90191838083F301EFCFF0939613ED
:10383000E093951381CF4816590608F42C017D01B9
:10384000D3019ACFCB010E942E9A7C01009749F0B8
:10385000AE01B8010E94349CC8010E94CA9A870137
:103860006BCF10E000E068CFFB01DC0102C00190EB
:103870000D9241505040D8F70895DC0101C06D937E
:1038800041505040E0F70895FB01DC018D9101901B
:1038900080190110D9F3990B0895FB01DC01019007
:1038A0000D920020E1F70895FB01DC0141505040EA
:1038B00030F08D910190801919F40020B9F7881B20
:1038C000990B0895FB0151915523A9F0BF01DC012B
:1038D0004D9145174111E1F759F4CD0101900020B8
:1038E00049F04D9140154111C9F3FB014111EFCF52
:1038F00081E090E0019708951DE0CCEBDDE000E071
:1039000006C0802FFE010E94269A2196011DCD3B04
:0C391000D10780E00807A9F7F894FFCF6A
:10391C000A00010101010101010101010101000184
:10392C0001010101010101050001000000000097E7
:10393C001380000100C9000000000000000000001E
:10394C000034000100CA000000000000000000006C
:10395C00006D000100CB0000000000000000000022
:10396C00005A000100CC0000000000000000000024
:10397C0000DF000100030005000F00050004000338
:10398C000002000100020005000A00B80BC409D0B7
:10399C0007DC053C39413A3F1E3822409E12881202
:1039AC0072125C12461230121A1200000000886A61
:1039BC00BB69016AD56A326A106A246A0000000089
:1039CC00336BBB69C66B326B8F6BA56B1A6B7265F5
:1039DC006C656173655F73657269616C33007265E8
:1039EC0073746F72655F73657269616C33006D31EE
:1039FC006C636B00726C62326C636B00727274334A
:103A0C006C636B00726C74326C636B00726C74332D
:103A1C006C636B006874326C636B006874346C6339
:103A2C006B006F70656E5F73746173680064656DB5
:103A3C006F4F6E0064776166006B6E696768740027
:103A4C0074726F6C6C000D0A006C745F616C6C00AE
:103A5C006C745F6F6666006C74313A006C74323A49
:103A6C0000726573746172740073746172745F6751
:103A7C00616D655F6261736B657400706C61795F19
:103A8C0077696E5F73616C75746500666F726365E0
:103A9C005F77696E5F6261736B00676F616C5F6506
:103AAC0066666563745F656E6400736F756E646FD4
:103ABC006E00736F756E646F66660068656C70007F
:103ACC00430049004F003400530036006261736BB1
:103ADC0065745F73746167655F6F70656E00737496
:103AEC006172745F6C6573736F6E004700706F6EFC
:103AFC00670070696E675F6D61696E0066697265FB
:103B0C0031006669726532006669726533006669F8
:103B1C00726530006974656D5F6164640062726F18
:103B2C006F6D0068656C6D65740073746F72795F8E
:103B3C00333500636F6E6669726D5F737461727496
:103B4C00006C6F673A00426F792072656D6F766515
:103B5C00640053656E7420626F795F696E5F6C658B
:103B6C0073736F6E00426F792072657475726E6537
:103B7C006400626F795F6F75745F6C6573736F6EE1
:103B8C0000616C756D696E69756D0062726F6E7A2D
:103B9C006500636F7070657200636176655F656E5A
:103BAC006400636176655F636C69636B0063617667
:103BBC00655F726573657400636176655F726570CD
:103BCC0065617400646F6F725F63617665006D652B
:103BDC0074616C006F776C735F636F6D706C657480
:103BEC0065006C69676874006C696768745F6F6600
:103BFC0066006461726B0048656C70206275747449
:103C0C006F6E2070726573736564006A756D7031C8
:103C1C0038007265616479006F70656E5F6D616EFE
:103C2C00736172645F646F6F72006F70656E5F6357
:103C3C0072696D655F646F6F72006F70656E5F6245
:103C4C00616E6B5F646F6F72006F70656E5F706F2B
:103C5C0074696F6E5F646F6F72006F70656E5F6F0B
:103C6C00776C5F646F6F72006F70656E5F646F6707
:103C7C005F646F6F72006F70656E5F6C6F775F74EF
:103C8C006F7765725F646F6F72006F70656E5F68DF
:103C9C006967685F746F7765725F646F6F72006FCE
:103CAC0070656E5F6C6962726172795F646F6F725E
:103CBC00006F70656E5F776F726B73686F705F64A7
:103CCC006F6F72006F70656E5F736166655F646FB6
:103CDC006F72006F70656E5F6D656D6F72795F648A
:103CEC006F6F72006F70656E5F6261736B65745F8E
:103CFC00646F6F72006F70656E5F6D696E655F6487
:103D0C006F6F7200636865636B5F746F7765727356
:103D1C00006D656D6F72795F726F6F6D5F656E644C
:103D2C00006F70656E5F73616665006F70656E5FC6
:103D3C00776F726B73686F70006F70656E5F626126
:103D4C006E6B00736B696E006669736800646F6FED
:103D5C00725F6F776C004F776C20627574746F6E46
:103D6C002070726573736564006F776C5F656E6449
:103D7C00006F776C5F666C65770057494E3A20444C
:103D8C006F67206C6F636B65640046494E495348FE
:103D9C00454400646F6F725F646F67005061646CC0
:103DAC006F636B206F70656E0073746F72795F3226
:103DBC00305F610073746F72795F32305F620073D1
:103DCC00746F72795F32305F6300646F675F6C6F22
:103DDC00636B00645F736C65657000645F67726F22
:103DEC00776C0073747564656E745F6869646500E4
:103DFC006B657900747261696E5F61637469766575
:103E0C0000747261696E5F656E6400636176655FF4
:103E1C007365617263683100636176655F736561B8
:103E2C007263683200636176655F736561726368A3
:103E3C0033007065646C6F636B006F776C5F736BD2
:103E4C006970006F70656E5F706F74696F6E735F11
:103E5C00737461736800636174006D696E650074DE
:103E6C007261696E006F757400666C6167315F6FAB
:103E7C006E00666C6167315F6F666600666C6167C9
:103E8C00325F6F6E00666C6167325F6F66660066EC
:103E9C006C6167335F6F6E00666C6167335F6F6672
:103EAC006600666C6167345F6F6E00666C616734C8
:103EBC005F6F6666006D326C636B00616674657271
:103ECC005F73746F72795F636C6F636B32006F77C3
:103EDC006C735F67616C65745F6F6E006F776C738A
:103EEC005F67616C65745F6F666600666972737498
:103EFC005F636C6F636B5F32007365636F6E645FDF
:103F0C00636C6F636B5F320067686F73745F736BA6
:103F1C0069700073747564656E745F6F70656E00A4
:103F2C0067686F737400647261676F6E5F63727938
:103F3C007374616C0068696E745F325F62006869EB
:103F4C006E745F325F630068696E745F325F7A0013
:103F5C0068696E745F355F620068696E745F355FA7
:103F6C00630068696E745F335F620068696E745FCA
:103F7C00335F630068696E745F335F7A0068696EE3
:103F8C00745F33375F620068696E745F33375F63E9
:103F9C000068696E745F33385F620068696E745FC5
:103FAC0034345F620068696E745F34345F63006838
:103FBC00696E745F365F620068696E745F365F634A
:103FCC000068696E745F31305F620068696E745F9F
:103FDC0031305F630068696E745F31315F62006815
:103FEC00696E745F31315F630068696E745F313183
:103FFC005F7A0068696E745F31345F620068696E65
:10400C00745F31345F630068696E745F31345F7A5A
:10401C000068696E745F31375F620068696E745F47
:10402C0031375F630068696E745F31375F7A00689F
:10403C00696E745F31395F620068696E745F313923
:10404C005F630068696E745F31395F7A0068696E0E
:10405C00745F32335F620068696E745F32335F6322
:10406C000068696E745F32335F7A0068696E745FE2
:10407C0032365F620068696E745F32365F63006867
:10408C00696E745F32365F7A0068696E745F3332C2
:10409C005F620068696E745F33325F630068696EDB
:1040AC00745F33325F640068696E745F33325F65CE
:1040BC000068696E745F33325F7A0068696E745F92
:1040CC0034395F620068696E745F34395F6300680D
:1040DC00696E745F35305F620068696E745F35308D
:1040EC005F630068696E745F35315F620068696E8A
:1040FC00745F35315F630068696E745F35365F627B
:10410C0000736B69705F73746172745F646F6F724C
:10411C000066697273745F636C6F636B006B6179BB
:10412C005F636C6F636B526570656174007365637C
:10413C006F6E645F636C6F636B007375697463613E
:10414C0073655F656E6400736166655F656E6400C0
:10415C00776F6C665F656E640073746F72795F3233
:10416C00325F646F6E6500736B69705F6C69625F60
:10417C00646F6F72006F70656E5F6C6962726172F2
:10418C0079006C6962726172795F666C69636B65E8
:10419C00725F737461727400646F6F725F746F70AE
:1041AC0000637570007370656C6C00637279737466
:0A41BC00616C73006372696D6500A9
:00000001FF
